/*
 Navicat Premium Dump SQL

 Source Server         : localhost
 Source Server Type    : MySQL
 Source Server Version : 80033 (8.0.33)
 Source Host           : localhost:3306
 Source Schema         : massage_saas

 Target Server Type    : MySQL
 Target Server Version : 80033 (8.0.33)
 File Encoding         : 65001

 Date: 25/06/2026 10:49:40
*/

SET NAMES utf8mb4;
SET FOREIGN_KEY_CHECKS = 0;

-- ----------------------------
-- Table structure for __efmigrationshistory
-- ----------------------------
DROP TABLE IF EXISTS `__efmigrationshistory`;
CREATE TABLE `__efmigrationshistory`  (
  `MigrationId` varchar(150) CHARACTER SET utf8mb4 COLLATE utf8mb4_0900_ai_ci NOT NULL,
  `ProductVersion` varchar(32) CHARACTER SET utf8mb4 COLLATE utf8mb4_0900_ai_ci NOT NULL,
  PRIMARY KEY (`MigrationId`) USING BTREE
) ENGINE = InnoDB CHARACTER SET = utf8mb4 COLLATE = utf8mb4_0900_ai_ci ROW_FORMAT = Dynamic;

-- ----------------------------
-- Records of __efmigrationshistory
-- ----------------------------
INSERT INTO `__efmigrationshistory` VALUES ('20260509075007_InitialCreate', '8.0.11');
INSERT INTO `__efmigrationshistory` VALUES ('20260511012334_AddIndustryEntities', '8.0.11');
INSERT INTO `__efmigrationshistory` VALUES ('20260511021756_AddPayroll', '8.0.11');
INSERT INTO `__efmigrationshistory` VALUES ('20260515015524_AddMemberLifecycle', '8.0.11');
INSERT INTO `__efmigrationshistory` VALUES ('20260515024931_AddNotificationOutbox', '8.0.11');
INSERT INTO `__efmigrationshistory` VALUES ('20260515030437_AddServiceComplaints', '8.0.11');
INSERT INTO `__efmigrationshistory` VALUES ('20260515055230_AddStaffTransfers', '8.0.11');
INSERT INTO `__efmigrationshistory` VALUES ('20260515060344_AddTimedRooms', '8.0.11');
INSERT INTO `__efmigrationshistory` VALUES ('20260515061417_AddMergedRounds', '8.0.11');
INSERT INTO `__efmigrationshistory` VALUES ('20260515075017_AddMemberWechatOpenId', '8.0.11');
INSERT INTO `__efmigrationshistory` VALUES ('20260519025130_AddMemberWechatOpenIdIndex', '8.0.11');
INSERT INTO `__efmigrationshistory` VALUES ('20260521085136_UsersPhoneUnique', '8.0.11');
INSERT INTO `__efmigrationshistory` VALUES ('20260522061257_AddMembershipCardTypes', '8.0.11');
INSERT INTO `__efmigrationshistory` VALUES ('20260522072213_RemodelMemberTypes', '8.0.11');
INSERT INTO `__efmigrationshistory` VALUES ('20260522084606_AddMemberTypeIdToMember', '8.0.11');
INSERT INTO `__efmigrationshistory` VALUES ('20260525091819_AddStaffPersonalProfile', '8.0.11');
INSERT INTO `__efmigrationshistory` VALUES ('20260525095719_AddServiceItemSort', '8.0.11');
INSERT INTO `__efmigrationshistory` VALUES ('20260526071154_AddOrderItemListUnitPrice', '8.0.11');
INSERT INTO `__efmigrationshistory` VALUES ('20260527020443_AddOrderIdToTimedRoomSession', '8.0.11');
INSERT INTO `__efmigrationshistory` VALUES ('20260527065521_AddOrderItemAssignmentSource', '8.0.11');
INSERT INTO `__efmigrationshistory` VALUES ('20260527072907_AddCommissionRuleAssignmentSource', '8.0.0');
INSERT INTO `__efmigrationshistory` VALUES ('20260528015818_AddStoreDayCloseCutoff', '8.0.11');
INSERT INTO `__efmigrationshistory` VALUES ('20260528040152_AddCommissionRuleDualAmounts', '8.0.11');
INSERT INTO `__efmigrationshistory` VALUES ('20260528082703_MakeComplaintOrderItemOptional', '8.0.11');
INSERT INTO `__efmigrationshistory` VALUES ('20260605095153_AddReferralFeature', '8.0.11');
INSERT INTO `__efmigrationshistory` VALUES ('20260607072920_AddCustomerReferralMode', '8.0.11');
INSERT INTO `__efmigrationshistory` VALUES ('20260607074849_SplitStaffReferralValue', '8.0.11');
INSERT INTO `__efmigrationshistory` VALUES ('20260609120000_AddLeaveHalfDay', '8.0.11');
INSERT INTO `__efmigrationshistory` VALUES ('20260615071625_AddPlatformSetting', '8.0.11');
INSERT INTO `__efmigrationshistory` VALUES ('20260616120000_AddPlatformManual', '8.0.11');
INSERT INTO `__efmigrationshistory` VALUES ('20260616130000_AddPlatformAgreement', '8.0.11');

-- ----------------------------
-- Table structure for appointments
-- ----------------------------
DROP TABLE IF EXISTS `appointments`;
CREATE TABLE `appointments`  (
  `Id` bigint NOT NULL AUTO_INCREMENT,
  `TenantId` bigint NULL DEFAULT NULL,
  `StoreId` bigint NOT NULL,
  `ServiceId` bigint NULL DEFAULT NULL,
  `PreferredTechnicianId` bigint NULL DEFAULT NULL,
  `CustomerName` varchar(64) CHARACTER SET utf8mb4 COLLATE utf8mb4_0900_ai_ci NOT NULL,
  `CustomerPhone` varchar(32) CHARACTER SET utf8mb4 COLLATE utf8mb4_0900_ai_ci NOT NULL,
  `CustomerOpenId` varchar(64) CHARACTER SET utf8mb4 COLLATE utf8mb4_0900_ai_ci NULL DEFAULT NULL,
  `ExpectedArriveAt` datetime(6) NOT NULL,
  `PartySize` int NOT NULL,
  `Remark` varchar(500) CHARACTER SET utf8mb4 COLLATE utf8mb4_0900_ai_ci NULL DEFAULT NULL,
  `Status` int NOT NULL,
  `ConfirmedAt` datetime(6) NULL DEFAULT NULL,
  `ArrivedAt` datetime(6) NULL DEFAULT NULL,
  `CancelledAt` datetime(6) NULL DEFAULT NULL,
  `CancelReason` varchar(200) CHARACTER SET utf8mb4 COLLATE utf8mb4_0900_ai_ci NULL DEFAULT NULL,
  `CreatedAt` datetime(6) NOT NULL,
  `UpdatedAt` datetime(6) NOT NULL,
  `IsDeleted` tinyint(1) NOT NULL,
  PRIMARY KEY (`Id`) USING BTREE,
  INDEX `IX_appointments_CustomerOpenId`(`CustomerOpenId` ASC) USING BTREE,
  INDEX `IX_appointments_PreferredTechnicianId`(`PreferredTechnicianId` ASC) USING BTREE,
  INDEX `IX_appointments_ServiceId`(`ServiceId` ASC) USING BTREE,
  INDEX `IX_appointments_StoreId`(`StoreId` ASC) USING BTREE,
  INDEX `IX_appointments_TenantId_CustomerPhone`(`TenantId` ASC, `CustomerPhone` ASC) USING BTREE,
  INDEX `IX_appointments_TenantId_StoreId_ExpectedArriveAt`(`TenantId` ASC, `StoreId` ASC, `ExpectedArriveAt` ASC) USING BTREE,
  CONSTRAINT `FK_appointments_service_items_ServiceId` FOREIGN KEY (`ServiceId`) REFERENCES `service_items` (`Id`) ON DELETE SET NULL ON UPDATE RESTRICT,
  CONSTRAINT `FK_appointments_stores_StoreId` FOREIGN KEY (`StoreId`) REFERENCES `stores` (`Id`) ON DELETE RESTRICT ON UPDATE RESTRICT,
  CONSTRAINT `FK_appointments_tenants_TenantId` FOREIGN KEY (`TenantId`) REFERENCES `tenants` (`Id`) ON DELETE CASCADE ON UPDATE RESTRICT,
  CONSTRAINT `FK_appointments_users_PreferredTechnicianId` FOREIGN KEY (`PreferredTechnicianId`) REFERENCES `users` (`Id`) ON DELETE SET NULL ON UPDATE RESTRICT
) ENGINE = InnoDB AUTO_INCREMENT = 10 CHARACTER SET = utf8mb4 COLLATE = utf8mb4_0900_ai_ci ROW_FORMAT = Dynamic;

-- ----------------------------
-- Records of appointments
-- ----------------------------
INSERT INTO `appointments` VALUES (1, 1, 1, 2, 4, '张先生', '18911916819', NULL, '2026-05-27 13:30:29.000000', 1, '腰间盘突出。', 20, '2026-05-27 03:47:32.498372', '2026-05-27 03:47:42.276325', NULL, NULL, '2026-05-27 03:47:28.385592', '2026-05-27 03:47:42.276453', 0);
INSERT INTO `appointments` VALUES (2, 1, 1, 2, 5, '刘先生', '18911916819', NULL, '2026-05-27 12:17:56.000000', 1, '腰间盘突出', 90, NULL, NULL, '2026-05-27 03:52:37.017081', '临时改变。', '2026-05-27 03:48:21.416079', '2026-05-27 03:52:37.024687', 0);
INSERT INTO `appointments` VALUES (3, 1, 1, 4, 5, '刘先生', '18911916819', NULL, '2026-05-27 12:27:29.000000', 1, '腰间盘突出', 90, '2026-05-27 03:57:45.861903', NULL, '2026-05-27 03:58:04.309062', '额', '2026-05-27 03:57:38.195004', '2026-05-27 03:58:04.309064', 0);
INSERT INTO `appointments` VALUES (4, 1, 1, 2, 5, '刘先生', '18911916819', NULL, '2026-05-27 13:29:06.000000', 1, '腰间盘突出', 20, '2026-05-27 03:58:30.275363', '2026-05-27 05:31:45.023573', NULL, NULL, '2026-05-27 03:58:21.355030', '2026-05-27 05:31:45.023574', 0);
INSERT INTO `appointments` VALUES (5, 1, 1, 2, 5, '刘先生', '18911916819', NULL, '2026-05-27 15:30:00.000000', 1, '腰间盘突出', 20, '2026-05-27 05:31:40.063802', '2026-05-27 05:31:43.910214', NULL, NULL, '2026-05-27 05:31:04.193683', '2026-05-27 05:31:43.910353', 0);
INSERT INTO `appointments` VALUES (6, 1, 1, 2, 5, '张先生', '13264267064', NULL, '2026-05-29 11:00:00.000000', 1, NULL, 20, '2026-05-29 01:38:49.638150', '2026-05-29 07:07:34.636735', NULL, NULL, '2026-05-29 01:38:41.352054', '2026-05-29 07:07:34.636785', 0);
INSERT INTO `appointments` VALUES (7, 1, 1, NULL, NULL, '黄先生', '18911916819', NULL, '2026-06-05 10:30:00.000000', 1, NULL, 90, NULL, NULL, '2026-06-05 03:19:03.477259', '门店端取消', '2026-06-03 17:46:22.979356', '2026-06-05 11:19:03.477434', 0);
INSERT INTO `appointments` VALUES (8, 1, 1, NULL, 6, '黄先生', '15001169457', NULL, '2026-06-05 03:38:00.000000', 1, '黄先生', 20, '2026-06-05 03:18:57.804503', '2026-06-05 03:18:59.553470', NULL, NULL, '2026-06-05 11:09:20.657844', '2026-06-05 11:18:59.553558', 0);
INSERT INTO `appointments` VALUES (9, 1, 1, 1, 4, '张先生', '13264267068', NULL, '2026-06-19 12:00:00.000000', 1, NULL, 20, NULL, '2026-06-19 11:20:05.157562', NULL, NULL, '2026-06-19 19:20:02.761748', '2026-06-19 19:20:05.157619', 0);

-- ----------------------------
-- Table structure for commission_rules
-- ----------------------------
DROP TABLE IF EXISTS `commission_rules`;
CREATE TABLE `commission_rules`  (
  `Id` bigint NOT NULL AUTO_INCREMENT,
  `TenantId` bigint NULL DEFAULT NULL,
  `ServiceId` bigint NULL DEFAULT NULL,
  `TechnicianId` bigint NULL DEFAULT NULL,
  `RuleType` int NOT NULL,
  `Amount` decimal(18, 4) NOT NULL,
  `TieredRulesJson` json NULL,
  `Priority` int NOT NULL,
  `IsActive` tinyint(1) NOT NULL,
  `CreatedAt` datetime(6) NOT NULL,
  `UpdatedAt` datetime(6) NOT NULL,
  `IsDeleted` tinyint(1) NOT NULL,
  `AssignmentSource` int NULL DEFAULT NULL,
  `DesignationAmount` decimal(18, 4) NULL DEFAULT NULL,
  `RotationAmount` decimal(18, 4) NULL DEFAULT NULL,
  PRIMARY KEY (`Id`) USING BTREE,
  INDEX `IX_commission_rules_ServiceId`(`ServiceId` ASC) USING BTREE,
  INDEX `IX_commission_rules_TechnicianId`(`TechnicianId` ASC) USING BTREE,
  INDEX `IX_commission_rules_TenantId_ServiceId_TechnicianId_AssignmentS~`(`TenantId` ASC, `ServiceId` ASC, `TechnicianId` ASC, `AssignmentSource` ASC) USING BTREE,
  CONSTRAINT `FK_commission_rules_service_items_ServiceId` FOREIGN KEY (`ServiceId`) REFERENCES `service_items` (`Id`) ON DELETE CASCADE ON UPDATE RESTRICT,
  CONSTRAINT `FK_commission_rules_tenants_TenantId` FOREIGN KEY (`TenantId`) REFERENCES `tenants` (`Id`) ON DELETE CASCADE ON UPDATE RESTRICT,
  CONSTRAINT `FK_commission_rules_users_TechnicianId` FOREIGN KEY (`TechnicianId`) REFERENCES `users` (`Id`) ON DELETE CASCADE ON UPDATE RESTRICT
) ENGINE = InnoDB AUTO_INCREMENT = 267 CHARACTER SET = utf8mb4 COLLATE = utf8mb4_0900_ai_ci ROW_FORMAT = Dynamic;

-- ----------------------------
-- Records of commission_rules
-- ----------------------------
INSERT INTO `commission_rules` VALUES (1, 1, 1, 4, 0, 10.0000, NULL, 0, 0, '2026-05-28 03:23:57.423789', '2026-06-11 09:59:26.975613', 1, NULL, 15.0000, 10.0000);
INSERT INTO `commission_rules` VALUES (2, 1, 1, 5, 0, 10.0000, NULL, 0, 0, '2026-05-28 06:24:34.448576', '2026-06-11 09:59:26.975613', 1, NULL, 15.0000, 10.0000);
INSERT INTO `commission_rules` VALUES (3, 1, 2, 4, 1, 10.0000, NULL, 2, 1, '2026-05-28 06:24:34.448576', '2026-06-10 17:29:23.985698', 1, NULL, 10.0000, 10.0000);
INSERT INTO `commission_rules` VALUES (4, 1, 2, 5, 0, 10.0000, NULL, 0, 0, '2026-05-28 06:24:34.448576', '2026-06-11 09:59:26.975613', 1, NULL, 15.0000, 10.0000);
INSERT INTO `commission_rules` VALUES (5, 1, 3, 4, 0, 10.0000, NULL, 0, 0, '2026-05-28 06:24:34.448576', '2026-06-11 09:59:26.975613', 1, NULL, 15.0000, 10.0000);
INSERT INTO `commission_rules` VALUES (6, 1, 3, 5, 0, 10.0000, NULL, 0, 0, '2026-05-28 06:24:34.448576', '2026-06-11 09:59:26.975613', 1, NULL, 15.0000, 10.0000);
INSERT INTO `commission_rules` VALUES (7, 1, 4, 4, 0, 10.0000, NULL, 0, 0, '2026-05-28 06:24:34.448576', '2026-06-11 09:59:26.975613', 1, NULL, 15.0000, 10.0000);
INSERT INTO `commission_rules` VALUES (8, 1, 4, 5, 0, 10.0000, NULL, 0, 0, '2026-05-28 06:24:34.448576', '2026-06-11 09:59:26.975613', 1, NULL, 15.0000, 10.0000);
INSERT INTO `commission_rules` VALUES (9, 1, 5, 4, 0, 10.0000, NULL, 0, 0, '2026-05-28 06:24:34.448576', '2026-06-11 09:59:26.975613', 1, NULL, 15.0000, 10.0000);
INSERT INTO `commission_rules` VALUES (10, 1, 5, 5, 0, 10.0000, NULL, 0, 0, '2026-05-28 06:24:34.448576', '2026-06-11 09:59:26.975613', 1, NULL, 15.0000, 10.0000);
INSERT INTO `commission_rules` VALUES (11, 1, 6, 4, 0, 10.0000, NULL, 0, 1, '2026-05-28 06:24:34.448576', '2026-06-10 17:30:49.759735', 1, NULL, 15.0000, 10.0000);
INSERT INTO `commission_rules` VALUES (12, 1, 6, 5, 0, 10.0000, NULL, 0, 1, '2026-05-28 06:24:34.448576', '2026-06-10 17:30:46.707069', 1, NULL, 15.0000, 10.0000);
INSERT INTO `commission_rules` VALUES (13, 1, 26, 4, 0, 10.0000, NULL, 0, 0, '2026-05-28 06:24:34.448576', '2026-06-11 09:59:26.975613', 1, NULL, 15.0000, 10.0000);
INSERT INTO `commission_rules` VALUES (14, 1, 26, 5, 0, 10.0000, NULL, 0, 0, '2026-05-28 06:24:34.448576', '2026-06-11 09:59:26.975613', 1, NULL, 15.0000, 10.0000);
INSERT INTO `commission_rules` VALUES (15, 1, 27, 4, 0, 10.0000, NULL, 0, 0, '2026-05-28 06:24:34.448576', '2026-06-11 09:59:26.975613', 1, NULL, 15.0000, 10.0000);
INSERT INTO `commission_rules` VALUES (16, 1, 27, 5, 0, 10.0000, NULL, 0, 0, '2026-05-28 06:24:34.448576', '2026-06-11 09:59:26.975613', 1, NULL, 15.0000, 10.0000);
INSERT INTO `commission_rules` VALUES (17, 1, 28, 4, 0, 10.0000, NULL, 0, 0, '2026-05-28 06:24:34.448576', '2026-06-11 09:59:26.975613', 1, NULL, 15.0000, 10.0000);
INSERT INTO `commission_rules` VALUES (18, 1, 28, 5, 0, 10.0000, NULL, 0, 0, '2026-05-28 06:24:34.448576', '2026-06-11 09:59:26.975613', 1, NULL, 15.0000, 10.0000);
INSERT INTO `commission_rules` VALUES (19, 1, 29, 4, 0, 10.0000, NULL, 0, 0, '2026-05-28 06:24:34.448576', '2026-06-11 09:59:26.975613', 1, NULL, 15.0000, 10.0000);
INSERT INTO `commission_rules` VALUES (20, 1, 29, 5, 0, 10.0000, NULL, 0, 0, '2026-05-28 06:24:34.448576', '2026-06-11 09:59:26.975613', 1, NULL, 15.0000, 10.0000);
INSERT INTO `commission_rules` VALUES (21, 1, 30, 4, 0, 10.0000, NULL, 0, 0, '2026-05-28 06:24:34.448576', '2026-06-11 09:59:26.975613', 1, NULL, 15.0000, 10.0000);
INSERT INTO `commission_rules` VALUES (22, 1, 30, 5, 0, 10.0000, NULL, 0, 0, '2026-05-28 06:24:34.448576', '2026-06-11 09:59:26.975613', 1, NULL, 15.0000, 10.0000);
INSERT INTO `commission_rules` VALUES (23, 1, 31, 4, 0, 10.0000, NULL, 0, 0, '2026-05-28 06:24:34.448576', '2026-06-11 09:59:26.975613', 1, NULL, 15.0000, 10.0000);
INSERT INTO `commission_rules` VALUES (24, 1, 31, 5, 0, 10.0000, NULL, 0, 0, '2026-05-28 06:24:34.448576', '2026-06-11 09:59:26.975613', 1, NULL, 15.0000, 10.0000);
INSERT INTO `commission_rules` VALUES (25, 1, 32, 4, 0, 10.0000, NULL, 0, 0, '2026-05-28 06:24:34.448576', '2026-06-11 09:59:26.975613', 1, NULL, 15.0000, 10.0000);
INSERT INTO `commission_rules` VALUES (26, 1, 32, 5, 0, 10.0000, NULL, 0, 0, '2026-05-28 06:24:34.448576', '2026-06-11 09:59:26.975613', 1, NULL, 15.0000, 10.0000);
INSERT INTO `commission_rules` VALUES (27, 1, 33, 4, 0, 10.0000, NULL, 0, 0, '2026-05-28 06:24:34.448576', '2026-06-11 09:59:26.975613', 1, NULL, 15.0000, 10.0000);
INSERT INTO `commission_rules` VALUES (28, 1, 33, 5, 0, 10.0000, NULL, 0, 0, '2026-05-28 06:24:34.448576', '2026-06-11 09:59:26.975613', 1, NULL, 15.0000, 10.0000);
INSERT INTO `commission_rules` VALUES (29, 1, 34, 4, 0, 10.0000, NULL, 0, 0, '2026-05-28 06:24:34.448576', '2026-06-11 09:59:26.975613', 1, NULL, 15.0000, 10.0000);
INSERT INTO `commission_rules` VALUES (30, 1, 34, 5, 0, 10.0000, NULL, 0, 0, '2026-05-28 06:24:34.448576', '2026-06-11 09:59:26.975613', 1, NULL, 15.0000, 10.0000);
INSERT INTO `commission_rules` VALUES (31, 1, 35, 4, 0, 10.0000, NULL, 0, 0, '2026-05-28 06:24:34.448576', '2026-06-11 09:59:26.975613', 1, NULL, 15.0000, 10.0000);
INSERT INTO `commission_rules` VALUES (32, 1, 35, 5, 0, 10.0000, NULL, 0, 0, '2026-05-28 06:24:34.448576', '2026-06-11 09:59:26.975613', 1, NULL, 15.0000, 10.0000);
INSERT INTO `commission_rules` VALUES (33, 1, 36, 4, 0, 10.0000, NULL, 0, 0, '2026-05-28 06:24:34.448576', '2026-06-11 09:59:26.975613', 1, NULL, 15.0000, 10.0000);
INSERT INTO `commission_rules` VALUES (34, 1, 36, 5, 0, 10.0000, NULL, 0, 0, '2026-05-28 06:24:34.448576', '2026-06-11 09:59:26.975613', 1, NULL, 15.0000, 10.0000);
INSERT INTO `commission_rules` VALUES (35, 1, 37, 4, 0, 10.0000, NULL, 0, 0, '2026-05-28 06:24:34.448576', '2026-06-11 09:59:26.975613', 1, NULL, 15.0000, 10.0000);
INSERT INTO `commission_rules` VALUES (36, 1, 37, 5, 0, 10.0000, NULL, 0, 0, '2026-05-28 06:24:34.448576', '2026-06-11 09:59:26.975613', 1, NULL, 15.0000, 10.0000);
INSERT INTO `commission_rules` VALUES (37, 1, 38, 4, 0, 10.0000, NULL, 0, 0, '2026-05-28 06:24:34.448576', '2026-06-11 09:59:26.975613', 1, NULL, 15.0000, 10.0000);
INSERT INTO `commission_rules` VALUES (38, 1, 38, 5, 0, 10.0000, NULL, 0, 0, '2026-05-28 06:24:34.448576', '2026-06-11 09:59:26.975613', 1, NULL, 15.0000, 10.0000);
INSERT INTO `commission_rules` VALUES (39, 1, 39, 4, 0, 10.0000, NULL, 0, 0, '2026-05-28 06:24:34.448576', '2026-06-11 09:59:26.975613', 1, NULL, 15.0000, 10.0000);
INSERT INTO `commission_rules` VALUES (40, 1, 39, 5, 0, 10.0000, NULL, 0, 0, '2026-05-28 06:24:34.448576', '2026-06-11 09:59:26.975613', 1, NULL, 15.0000, 10.0000);
INSERT INTO `commission_rules` VALUES (41, 1, 40, 4, 0, 10.0000, NULL, 0, 0, '2026-05-28 06:24:34.448576', '2026-06-11 09:59:26.975613', 1, NULL, 15.0000, 10.0000);
INSERT INTO `commission_rules` VALUES (42, 1, 40, 5, 0, 10.0000, NULL, 0, 0, '2026-05-28 06:24:34.448576', '2026-06-11 09:59:26.975613', 1, NULL, 15.0000, 10.0000);
INSERT INTO `commission_rules` VALUES (43, 1, 41, 4, 0, 10.0000, NULL, 0, 0, '2026-05-28 06:24:34.448576', '2026-06-11 09:59:26.975613', 1, NULL, 15.0000, 10.0000);
INSERT INTO `commission_rules` VALUES (44, 1, 41, 5, 0, 10.0000, NULL, 0, 0, '2026-05-28 06:24:34.448576', '2026-06-11 09:59:26.975613', 1, NULL, 15.0000, 10.0000);
INSERT INTO `commission_rules` VALUES (45, 1, NULL, NULL, 0, 15.0000, NULL, 3, 1, '2026-06-10 16:33:04.119290', '2026-06-10 16:33:28.556019', 1, NULL, 20.0000, 15.0000);
INSERT INTO `commission_rules` VALUES (46, 1, 2, 4, 0, 10.0000, NULL, 0, 0, '2026-06-10 16:43:32.922565', '2026-06-11 09:59:26.975613', 1, NULL, 15.0000, 10.0000);
INSERT INTO `commission_rules` VALUES (47, 1, 1, 6, 0, 10.0000, NULL, 0, 0, '2026-06-10 17:29:23.985698', '2026-06-11 09:59:26.975613', 1, NULL, 15.0000, 10.0000);
INSERT INTO `commission_rules` VALUES (48, 1, 1, 7, 0, 10.0000, NULL, 0, 0, '2026-06-10 17:29:23.985698', '2026-06-11 09:59:26.975613', 1, NULL, 15.0000, 10.0000);
INSERT INTO `commission_rules` VALUES (49, 1, 2, 6, 0, 10.0000, NULL, 0, 0, '2026-06-10 17:29:23.985698', '2026-06-11 09:59:26.975613', 1, NULL, 15.0000, 10.0000);
INSERT INTO `commission_rules` VALUES (50, 1, 2, 7, 0, 10.0000, NULL, 0, 0, '2026-06-10 17:29:23.985698', '2026-06-11 09:59:26.975613', 1, NULL, 15.0000, 10.0000);
INSERT INTO `commission_rules` VALUES (51, 1, 3, 6, 0, 10.0000, NULL, 0, 0, '2026-06-10 17:29:23.985698', '2026-06-11 09:59:26.975613', 1, NULL, 15.0000, 10.0000);
INSERT INTO `commission_rules` VALUES (52, 1, 3, 7, 0, 10.0000, NULL, 0, 0, '2026-06-10 17:29:23.985698', '2026-06-11 09:59:26.975613', 1, NULL, 15.0000, 10.0000);
INSERT INTO `commission_rules` VALUES (53, 1, 4, 6, 0, 10.0000, NULL, 0, 0, '2026-06-10 17:29:23.985698', '2026-06-11 09:59:26.975613', 1, NULL, 15.0000, 10.0000);
INSERT INTO `commission_rules` VALUES (54, 1, 4, 7, 0, 10.0000, NULL, 0, 0, '2026-06-10 17:29:23.985698', '2026-06-11 09:59:26.975613', 1, NULL, 15.0000, 10.0000);
INSERT INTO `commission_rules` VALUES (55, 1, 5, 6, 0, 10.0000, NULL, 0, 0, '2026-06-10 17:29:23.985698', '2026-06-11 09:59:26.975613', 1, NULL, 15.0000, 10.0000);
INSERT INTO `commission_rules` VALUES (56, 1, 5, 7, 0, 10.0000, NULL, 0, 0, '2026-06-10 17:29:23.985698', '2026-06-11 09:59:26.975613', 1, NULL, 15.0000, 10.0000);
INSERT INTO `commission_rules` VALUES (57, 1, 6, 6, 0, 10.0000, NULL, 0, 1, '2026-06-10 17:29:23.985698', '2026-06-10 17:30:43.210886', 1, NULL, 15.0000, 10.0000);
INSERT INTO `commission_rules` VALUES (58, 1, 6, 7, 0, 10.0000, NULL, 0, 0, '2026-06-10 17:29:23.985698', '2026-06-11 09:59:26.975613', 1, NULL, 15.0000, 10.0000);
INSERT INTO `commission_rules` VALUES (59, 1, 26, 6, 0, 10.0000, NULL, 0, 0, '2026-06-10 17:29:23.985698', '2026-06-11 09:59:26.975613', 1, NULL, 15.0000, 10.0000);
INSERT INTO `commission_rules` VALUES (60, 1, 26, 7, 0, 10.0000, NULL, 0, 0, '2026-06-10 17:29:23.985698', '2026-06-11 09:59:26.975613', 1, NULL, 15.0000, 10.0000);
INSERT INTO `commission_rules` VALUES (61, 1, 27, 6, 0, 10.0000, NULL, 0, 0, '2026-06-10 17:29:23.985698', '2026-06-11 09:59:26.975613', 1, NULL, 15.0000, 10.0000);
INSERT INTO `commission_rules` VALUES (62, 1, 27, 7, 0, 10.0000, NULL, 0, 0, '2026-06-10 17:29:23.985698', '2026-06-11 09:59:26.975613', 1, NULL, 15.0000, 10.0000);
INSERT INTO `commission_rules` VALUES (63, 1, 28, 6, 0, 10.0000, NULL, 0, 0, '2026-06-10 17:29:23.985698', '2026-06-11 09:59:26.975613', 1, NULL, 15.0000, 10.0000);
INSERT INTO `commission_rules` VALUES (64, 1, 28, 7, 0, 10.0000, NULL, 0, 0, '2026-06-10 17:29:23.985698', '2026-06-11 09:59:26.975613', 1, NULL, 15.0000, 10.0000);
INSERT INTO `commission_rules` VALUES (65, 1, 29, 6, 0, 10.0000, NULL, 0, 0, '2026-06-10 17:29:23.985698', '2026-06-11 09:59:26.975613', 1, NULL, 15.0000, 10.0000);
INSERT INTO `commission_rules` VALUES (66, 1, 29, 7, 0, 10.0000, NULL, 0, 0, '2026-06-10 17:29:23.985698', '2026-06-11 09:59:26.975613', 1, NULL, 15.0000, 10.0000);
INSERT INTO `commission_rules` VALUES (67, 1, 30, 6, 0, 10.0000, NULL, 0, 0, '2026-06-10 17:29:23.985698', '2026-06-11 09:59:26.975613', 1, NULL, 15.0000, 10.0000);
INSERT INTO `commission_rules` VALUES (68, 1, 30, 7, 0, 10.0000, NULL, 0, 0, '2026-06-10 17:29:23.985698', '2026-06-11 09:59:26.975613', 1, NULL, 15.0000, 10.0000);
INSERT INTO `commission_rules` VALUES (69, 1, 31, 6, 0, 10.0000, NULL, 0, 0, '2026-06-10 17:29:23.985698', '2026-06-11 09:59:26.975613', 1, NULL, 15.0000, 10.0000);
INSERT INTO `commission_rules` VALUES (70, 1, 31, 7, 0, 10.0000, NULL, 0, 0, '2026-06-10 17:29:23.985698', '2026-06-11 09:59:26.975613', 1, NULL, 15.0000, 10.0000);
INSERT INTO `commission_rules` VALUES (71, 1, 32, 6, 0, 10.0000, NULL, 0, 0, '2026-06-10 17:29:23.985698', '2026-06-11 09:59:26.975613', 1, NULL, 15.0000, 10.0000);
INSERT INTO `commission_rules` VALUES (72, 1, 32, 7, 0, 10.0000, NULL, 0, 0, '2026-06-10 17:29:23.985698', '2026-06-11 09:59:26.975613', 1, NULL, 15.0000, 10.0000);
INSERT INTO `commission_rules` VALUES (73, 1, 33, 6, 0, 10.0000, NULL, 0, 0, '2026-06-10 17:29:23.985698', '2026-06-11 09:59:26.975613', 1, NULL, 15.0000, 10.0000);
INSERT INTO `commission_rules` VALUES (74, 1, 33, 7, 0, 10.0000, NULL, 0, 0, '2026-06-10 17:29:23.985698', '2026-06-11 09:59:26.975613', 1, NULL, 15.0000, 10.0000);
INSERT INTO `commission_rules` VALUES (75, 1, 34, 6, 0, 10.0000, NULL, 0, 0, '2026-06-10 17:29:23.985698', '2026-06-11 09:59:26.975613', 1, NULL, 15.0000, 10.0000);
INSERT INTO `commission_rules` VALUES (76, 1, 34, 7, 0, 10.0000, NULL, 0, 0, '2026-06-10 17:29:23.985698', '2026-06-11 09:59:26.975613', 1, NULL, 15.0000, 10.0000);
INSERT INTO `commission_rules` VALUES (77, 1, 35, 6, 0, 10.0000, NULL, 0, 0, '2026-06-10 17:29:23.985698', '2026-06-11 09:59:26.975613', 1, NULL, 15.0000, 10.0000);
INSERT INTO `commission_rules` VALUES (78, 1, 35, 7, 0, 10.0000, NULL, 0, 0, '2026-06-10 17:29:23.985698', '2026-06-11 09:59:26.975613', 1, NULL, 15.0000, 10.0000);
INSERT INTO `commission_rules` VALUES (79, 1, 36, 6, 0, 10.0000, NULL, 0, 0, '2026-06-10 17:29:23.985698', '2026-06-11 09:59:26.975613', 1, NULL, 15.0000, 10.0000);
INSERT INTO `commission_rules` VALUES (80, 1, 36, 7, 0, 10.0000, NULL, 0, 0, '2026-06-10 17:29:23.985698', '2026-06-11 09:59:26.975613', 1, NULL, 15.0000, 10.0000);
INSERT INTO `commission_rules` VALUES (81, 1, 37, 6, 0, 10.0000, NULL, 0, 0, '2026-06-10 17:29:23.985698', '2026-06-11 09:59:26.975613', 1, NULL, 15.0000, 10.0000);
INSERT INTO `commission_rules` VALUES (82, 1, 37, 7, 0, 10.0000, NULL, 0, 0, '2026-06-10 17:29:23.985698', '2026-06-11 09:59:26.975613', 1, NULL, 15.0000, 10.0000);
INSERT INTO `commission_rules` VALUES (83, 1, 38, 6, 0, 10.0000, NULL, 0, 0, '2026-06-10 17:29:23.985698', '2026-06-11 09:59:26.975613', 1, NULL, 15.0000, 10.0000);
INSERT INTO `commission_rules` VALUES (84, 1, 38, 7, 0, 10.0000, NULL, 0, 0, '2026-06-10 17:29:23.985698', '2026-06-11 09:59:26.975613', 1, NULL, 15.0000, 10.0000);
INSERT INTO `commission_rules` VALUES (85, 1, 39, 6, 0, 10.0000, NULL, 0, 0, '2026-06-10 17:29:23.985698', '2026-06-11 09:59:26.975613', 1, NULL, 15.0000, 10.0000);
INSERT INTO `commission_rules` VALUES (86, 1, 39, 7, 0, 10.0000, NULL, 0, 0, '2026-06-10 17:29:23.985698', '2026-06-11 09:59:26.975613', 1, NULL, 15.0000, 10.0000);
INSERT INTO `commission_rules` VALUES (87, 1, 40, 6, 0, 10.0000, NULL, 0, 0, '2026-06-10 17:29:23.985698', '2026-06-11 09:59:26.975613', 1, NULL, 15.0000, 10.0000);
INSERT INTO `commission_rules` VALUES (88, 1, 40, 7, 0, 10.0000, NULL, 0, 0, '2026-06-10 17:29:23.985698', '2026-06-11 09:59:26.975613', 1, NULL, 15.0000, 10.0000);
INSERT INTO `commission_rules` VALUES (89, 1, 41, 6, 0, 10.0000, NULL, 0, 0, '2026-06-10 17:29:23.985698', '2026-06-11 09:59:26.975613', 1, NULL, 15.0000, 10.0000);
INSERT INTO `commission_rules` VALUES (90, 1, 41, 7, 0, 10.0000, NULL, 0, 0, '2026-06-10 17:29:23.985698', '2026-06-11 09:59:26.975613', 1, NULL, 15.0000, 10.0000);
INSERT INTO `commission_rules` VALUES (91, 1, 1, 4, 1, 5.0000, NULL, 1, 0, '2026-06-11 10:00:18.787054', '2026-06-11 10:22:35.003887', 1, NULL, 10.0000, 5.0000);
INSERT INTO `commission_rules` VALUES (92, 1, 1, 5, 1, 5.0000, NULL, 1, 0, '2026-06-11 10:00:18.787054', '2026-06-11 10:22:47.780550', 1, NULL, 10.0000, 5.0000);
INSERT INTO `commission_rules` VALUES (93, 1, 1, 6, 1, 5.0000, NULL, 1, 0, '2026-06-11 10:00:18.787054', '2026-06-11 10:22:47.780550', 1, NULL, 10.0000, 5.0000);
INSERT INTO `commission_rules` VALUES (94, 1, 1, 7, 1, 5.0000, NULL, 1, 0, '2026-06-11 10:00:18.787054', '2026-06-11 10:22:47.780550', 1, NULL, 10.0000, 5.0000);
INSERT INTO `commission_rules` VALUES (95, 1, 2, 4, 1, 5.0000, NULL, 1, 0, '2026-06-11 10:00:18.787054', '2026-06-11 10:22:35.003887', 1, NULL, 10.0000, 5.0000);
INSERT INTO `commission_rules` VALUES (96, 1, 2, 5, 1, 5.0000, NULL, 1, 0, '2026-06-11 10:00:18.787054', '2026-06-11 10:22:47.780550', 1, NULL, 10.0000, 5.0000);
INSERT INTO `commission_rules` VALUES (97, 1, 2, 6, 1, 5.0000, NULL, 1, 0, '2026-06-11 10:00:18.787054', '2026-06-11 10:22:47.780550', 1, NULL, 10.0000, 5.0000);
INSERT INTO `commission_rules` VALUES (98, 1, 2, 7, 1, 5.0000, NULL, 1, 0, '2026-06-11 10:00:18.787054', '2026-06-11 10:22:47.780550', 1, NULL, 10.0000, 5.0000);
INSERT INTO `commission_rules` VALUES (99, 1, 3, 4, 1, 5.0000, NULL, 1, 0, '2026-06-11 10:00:18.787054', '2026-06-11 10:22:35.003887', 1, NULL, 10.0000, 5.0000);
INSERT INTO `commission_rules` VALUES (100, 1, 3, 5, 1, 5.0000, NULL, 1, 0, '2026-06-11 10:00:18.787054', '2026-06-11 10:22:47.780550', 1, NULL, 10.0000, 5.0000);
INSERT INTO `commission_rules` VALUES (101, 1, 3, 6, 1, 5.0000, NULL, 1, 0, '2026-06-11 10:00:18.787054', '2026-06-11 10:22:47.780550', 1, NULL, 10.0000, 5.0000);
INSERT INTO `commission_rules` VALUES (102, 1, 3, 7, 1, 5.0000, NULL, 1, 0, '2026-06-11 10:00:18.787054', '2026-06-11 10:22:47.780550', 1, NULL, 10.0000, 5.0000);
INSERT INTO `commission_rules` VALUES (103, 1, 4, 4, 1, 5.0000, NULL, 1, 0, '2026-06-11 10:00:18.787054', '2026-06-11 10:22:35.003887', 1, NULL, 10.0000, 5.0000);
INSERT INTO `commission_rules` VALUES (104, 1, 4, 5, 1, 5.0000, NULL, 1, 0, '2026-06-11 10:00:18.787054', '2026-06-11 10:22:47.780550', 1, NULL, 10.0000, 5.0000);
INSERT INTO `commission_rules` VALUES (105, 1, 4, 6, 1, 5.0000, NULL, 1, 0, '2026-06-11 10:00:18.787054', '2026-06-11 10:22:47.780550', 1, NULL, 10.0000, 5.0000);
INSERT INTO `commission_rules` VALUES (106, 1, 4, 7, 1, 5.0000, NULL, 1, 0, '2026-06-11 10:00:18.787054', '2026-06-11 10:22:47.780550', 1, NULL, 10.0000, 5.0000);
INSERT INTO `commission_rules` VALUES (107, 1, 5, 4, 1, 5.0000, NULL, 1, 0, '2026-06-11 10:00:18.787054', '2026-06-11 10:22:35.003887', 1, NULL, 10.0000, 5.0000);
INSERT INTO `commission_rules` VALUES (108, 1, 5, 5, 1, 5.0000, NULL, 1, 0, '2026-06-11 10:00:18.787054', '2026-06-11 10:22:47.780550', 1, NULL, 10.0000, 5.0000);
INSERT INTO `commission_rules` VALUES (109, 1, 5, 6, 1, 5.0000, NULL, 1, 0, '2026-06-11 10:00:18.787054', '2026-06-11 10:22:47.780550', 1, NULL, 10.0000, 5.0000);
INSERT INTO `commission_rules` VALUES (110, 1, 5, 7, 1, 5.0000, NULL, 1, 0, '2026-06-11 10:00:18.787054', '2026-06-11 10:22:47.780550', 1, NULL, 10.0000, 5.0000);
INSERT INTO `commission_rules` VALUES (111, 1, 6, 4, 1, 5.0000, NULL, 1, 0, '2026-06-11 10:00:18.787054', '2026-06-11 10:22:35.003887', 1, NULL, 10.0000, 5.0000);
INSERT INTO `commission_rules` VALUES (112, 1, 6, 5, 1, 5.0000, NULL, 1, 0, '2026-06-11 10:00:18.787054', '2026-06-11 10:22:47.780550', 1, NULL, 10.0000, 5.0000);
INSERT INTO `commission_rules` VALUES (113, 1, 6, 6, 1, 5.0000, NULL, 1, 0, '2026-06-11 10:00:18.787054', '2026-06-11 10:22:47.780550', 1, NULL, 10.0000, 5.0000);
INSERT INTO `commission_rules` VALUES (114, 1, 6, 7, 1, 5.0000, NULL, 1, 0, '2026-06-11 10:00:18.787054', '2026-06-11 10:22:47.780550', 1, NULL, 10.0000, 5.0000);
INSERT INTO `commission_rules` VALUES (115, 1, 26, 4, 1, 5.0000, NULL, 1, 0, '2026-06-11 10:00:18.787054', '2026-06-11 10:22:35.003887', 1, NULL, 10.0000, 5.0000);
INSERT INTO `commission_rules` VALUES (116, 1, 26, 5, 1, 5.0000, NULL, 1, 0, '2026-06-11 10:00:18.787054', '2026-06-11 10:22:47.780550', 1, NULL, 10.0000, 5.0000);
INSERT INTO `commission_rules` VALUES (117, 1, 26, 6, 1, 5.0000, NULL, 1, 0, '2026-06-11 10:00:18.787054', '2026-06-11 10:22:47.780550', 1, NULL, 10.0000, 5.0000);
INSERT INTO `commission_rules` VALUES (118, 1, 26, 7, 1, 5.0000, NULL, 1, 0, '2026-06-11 10:00:18.787054', '2026-06-11 10:22:47.780550', 1, NULL, 10.0000, 5.0000);
INSERT INTO `commission_rules` VALUES (119, 1, 27, 4, 1, 5.0000, NULL, 1, 0, '2026-06-11 10:00:18.787054', '2026-06-11 10:22:35.003887', 1, NULL, 10.0000, 5.0000);
INSERT INTO `commission_rules` VALUES (120, 1, 27, 5, 1, 5.0000, NULL, 1, 0, '2026-06-11 10:00:18.787054', '2026-06-11 10:22:47.780550', 1, NULL, 10.0000, 5.0000);
INSERT INTO `commission_rules` VALUES (121, 1, 27, 6, 1, 5.0000, NULL, 1, 0, '2026-06-11 10:00:18.787054', '2026-06-11 10:22:47.780550', 1, NULL, 10.0000, 5.0000);
INSERT INTO `commission_rules` VALUES (122, 1, 27, 7, 1, 5.0000, NULL, 1, 0, '2026-06-11 10:00:18.787054', '2026-06-11 10:22:47.780550', 1, NULL, 10.0000, 5.0000);
INSERT INTO `commission_rules` VALUES (123, 1, 28, 4, 1, 5.0000, NULL, 1, 0, '2026-06-11 10:00:18.787054', '2026-06-11 10:22:35.003887', 1, NULL, 10.0000, 5.0000);
INSERT INTO `commission_rules` VALUES (124, 1, 28, 5, 1, 5.0000, NULL, 1, 0, '2026-06-11 10:00:18.787054', '2026-06-11 10:22:47.780550', 1, NULL, 10.0000, 5.0000);
INSERT INTO `commission_rules` VALUES (125, 1, 28, 6, 1, 5.0000, NULL, 1, 0, '2026-06-11 10:00:18.787054', '2026-06-11 10:22:47.780550', 1, NULL, 10.0000, 5.0000);
INSERT INTO `commission_rules` VALUES (126, 1, 28, 7, 1, 5.0000, NULL, 1, 0, '2026-06-11 10:00:18.787054', '2026-06-11 10:22:47.780550', 1, NULL, 10.0000, 5.0000);
INSERT INTO `commission_rules` VALUES (127, 1, 29, 4, 1, 5.0000, NULL, 1, 0, '2026-06-11 10:00:18.787054', '2026-06-11 10:22:35.003887', 1, NULL, 10.0000, 5.0000);
INSERT INTO `commission_rules` VALUES (128, 1, 29, 5, 1, 5.0000, NULL, 1, 0, '2026-06-11 10:00:18.787054', '2026-06-11 10:22:47.780550', 1, NULL, 10.0000, 5.0000);
INSERT INTO `commission_rules` VALUES (129, 1, 29, 6, 1, 5.0000, NULL, 1, 0, '2026-06-11 10:00:18.787054', '2026-06-11 10:22:47.780550', 1, NULL, 10.0000, 5.0000);
INSERT INTO `commission_rules` VALUES (130, 1, 29, 7, 1, 5.0000, NULL, 1, 0, '2026-06-11 10:00:18.787054', '2026-06-11 10:22:47.780550', 1, NULL, 10.0000, 5.0000);
INSERT INTO `commission_rules` VALUES (131, 1, 30, 4, 1, 5.0000, NULL, 1, 0, '2026-06-11 10:00:18.787054', '2026-06-11 10:22:35.003887', 1, NULL, 10.0000, 5.0000);
INSERT INTO `commission_rules` VALUES (132, 1, 30, 5, 1, 5.0000, NULL, 1, 0, '2026-06-11 10:00:18.787054', '2026-06-11 10:22:47.780550', 1, NULL, 10.0000, 5.0000);
INSERT INTO `commission_rules` VALUES (133, 1, 30, 6, 1, 5.0000, NULL, 1, 0, '2026-06-11 10:00:18.787054', '2026-06-11 10:22:47.780550', 1, NULL, 10.0000, 5.0000);
INSERT INTO `commission_rules` VALUES (134, 1, 30, 7, 1, 5.0000, NULL, 1, 0, '2026-06-11 10:00:18.787054', '2026-06-11 10:22:47.780550', 1, NULL, 10.0000, 5.0000);
INSERT INTO `commission_rules` VALUES (135, 1, 31, 4, 1, 5.0000, NULL, 1, 0, '2026-06-11 10:00:18.787054', '2026-06-11 10:22:35.003887', 1, NULL, 10.0000, 5.0000);
INSERT INTO `commission_rules` VALUES (136, 1, 31, 5, 1, 5.0000, NULL, 1, 0, '2026-06-11 10:00:18.787054', '2026-06-11 10:22:47.780550', 1, NULL, 10.0000, 5.0000);
INSERT INTO `commission_rules` VALUES (137, 1, 31, 6, 1, 5.0000, NULL, 1, 0, '2026-06-11 10:00:18.787054', '2026-06-11 10:22:47.780550', 1, NULL, 10.0000, 5.0000);
INSERT INTO `commission_rules` VALUES (138, 1, 31, 7, 1, 5.0000, NULL, 1, 0, '2026-06-11 10:00:18.787054', '2026-06-11 10:22:47.780550', 1, NULL, 10.0000, 5.0000);
INSERT INTO `commission_rules` VALUES (139, 1, 32, 4, 1, 5.0000, NULL, 1, 0, '2026-06-11 10:00:18.787054', '2026-06-11 10:22:35.003887', 1, NULL, 10.0000, 5.0000);
INSERT INTO `commission_rules` VALUES (140, 1, 32, 5, 1, 5.0000, NULL, 1, 0, '2026-06-11 10:00:18.787054', '2026-06-11 10:22:47.780550', 1, NULL, 10.0000, 5.0000);
INSERT INTO `commission_rules` VALUES (141, 1, 32, 6, 1, 5.0000, NULL, 1, 0, '2026-06-11 10:00:18.787054', '2026-06-11 10:22:47.780550', 1, NULL, 10.0000, 5.0000);
INSERT INTO `commission_rules` VALUES (142, 1, 32, 7, 1, 5.0000, NULL, 1, 0, '2026-06-11 10:00:18.787054', '2026-06-11 10:22:47.780550', 1, NULL, 10.0000, 5.0000);
INSERT INTO `commission_rules` VALUES (143, 1, 33, 4, 1, 5.0000, NULL, 1, 0, '2026-06-11 10:00:18.787054', '2026-06-11 10:22:35.003887', 1, NULL, 10.0000, 5.0000);
INSERT INTO `commission_rules` VALUES (144, 1, 33, 5, 1, 5.0000, NULL, 1, 0, '2026-06-11 10:00:18.787054', '2026-06-11 10:22:47.780550', 1, NULL, 10.0000, 5.0000);
INSERT INTO `commission_rules` VALUES (145, 1, 33, 6, 1, 5.0000, NULL, 1, 0, '2026-06-11 10:00:18.787054', '2026-06-11 10:22:47.780550', 1, NULL, 10.0000, 5.0000);
INSERT INTO `commission_rules` VALUES (146, 1, 33, 7, 1, 5.0000, NULL, 1, 0, '2026-06-11 10:00:18.787054', '2026-06-11 10:22:47.780550', 1, NULL, 10.0000, 5.0000);
INSERT INTO `commission_rules` VALUES (147, 1, 34, 4, 1, 5.0000, NULL, 1, 0, '2026-06-11 10:00:18.787054', '2026-06-11 10:22:35.003887', 1, NULL, 10.0000, 5.0000);
INSERT INTO `commission_rules` VALUES (148, 1, 34, 5, 1, 5.0000, NULL, 1, 0, '2026-06-11 10:00:18.787054', '2026-06-11 10:22:47.780550', 1, NULL, 10.0000, 5.0000);
INSERT INTO `commission_rules` VALUES (149, 1, 34, 6, 1, 5.0000, NULL, 1, 0, '2026-06-11 10:00:18.787054', '2026-06-11 10:22:47.780550', 1, NULL, 10.0000, 5.0000);
INSERT INTO `commission_rules` VALUES (150, 1, 34, 7, 1, 5.0000, NULL, 1, 0, '2026-06-11 10:00:18.787054', '2026-06-11 10:22:47.780550', 1, NULL, 10.0000, 5.0000);
INSERT INTO `commission_rules` VALUES (151, 1, 35, 4, 1, 5.0000, NULL, 1, 0, '2026-06-11 10:00:18.787054', '2026-06-11 10:22:35.003887', 1, NULL, 10.0000, 5.0000);
INSERT INTO `commission_rules` VALUES (152, 1, 35, 5, 1, 5.0000, NULL, 1, 0, '2026-06-11 10:00:18.787054', '2026-06-11 10:22:47.780550', 1, NULL, 10.0000, 5.0000);
INSERT INTO `commission_rules` VALUES (153, 1, 35, 6, 1, 5.0000, NULL, 1, 0, '2026-06-11 10:00:18.787054', '2026-06-11 10:22:47.780550', 1, NULL, 10.0000, 5.0000);
INSERT INTO `commission_rules` VALUES (154, 1, 35, 7, 1, 5.0000, NULL, 1, 0, '2026-06-11 10:00:18.787054', '2026-06-11 10:22:47.780550', 1, NULL, 10.0000, 5.0000);
INSERT INTO `commission_rules` VALUES (155, 1, 36, 4, 1, 5.0000, NULL, 1, 0, '2026-06-11 10:00:18.787054', '2026-06-11 10:22:35.003887', 1, NULL, 10.0000, 5.0000);
INSERT INTO `commission_rules` VALUES (156, 1, 36, 5, 1, 5.0000, NULL, 1, 0, '2026-06-11 10:00:18.787054', '2026-06-11 10:22:47.780550', 1, NULL, 10.0000, 5.0000);
INSERT INTO `commission_rules` VALUES (157, 1, 36, 6, 1, 5.0000, NULL, 1, 0, '2026-06-11 10:00:18.787054', '2026-06-11 10:22:47.780550', 1, NULL, 10.0000, 5.0000);
INSERT INTO `commission_rules` VALUES (158, 1, 36, 7, 1, 5.0000, NULL, 1, 0, '2026-06-11 10:00:18.787054', '2026-06-11 10:22:47.780550', 1, NULL, 10.0000, 5.0000);
INSERT INTO `commission_rules` VALUES (159, 1, 37, 4, 1, 5.0000, NULL, 1, 0, '2026-06-11 10:00:18.787054', '2026-06-11 10:22:35.003887', 1, NULL, 10.0000, 5.0000);
INSERT INTO `commission_rules` VALUES (160, 1, 37, 5, 1, 5.0000, NULL, 1, 0, '2026-06-11 10:00:18.787054', '2026-06-11 10:22:47.780550', 1, NULL, 10.0000, 5.0000);
INSERT INTO `commission_rules` VALUES (161, 1, 37, 6, 1, 5.0000, NULL, 1, 0, '2026-06-11 10:00:18.787054', '2026-06-11 10:22:47.780550', 1, NULL, 10.0000, 5.0000);
INSERT INTO `commission_rules` VALUES (162, 1, 37, 7, 1, 5.0000, NULL, 1, 0, '2026-06-11 10:00:18.787054', '2026-06-11 10:22:47.780550', 1, NULL, 10.0000, 5.0000);
INSERT INTO `commission_rules` VALUES (163, 1, 38, 4, 1, 5.0000, NULL, 1, 0, '2026-06-11 10:00:18.787054', '2026-06-11 10:22:35.003887', 1, NULL, 10.0000, 5.0000);
INSERT INTO `commission_rules` VALUES (164, 1, 38, 5, 1, 5.0000, NULL, 1, 0, '2026-06-11 10:00:18.787054', '2026-06-11 10:22:47.780550', 1, NULL, 10.0000, 5.0000);
INSERT INTO `commission_rules` VALUES (165, 1, 38, 6, 1, 5.0000, NULL, 1, 0, '2026-06-11 10:00:18.787054', '2026-06-11 10:22:47.780550', 1, NULL, 10.0000, 5.0000);
INSERT INTO `commission_rules` VALUES (166, 1, 38, 7, 1, 5.0000, NULL, 1, 0, '2026-06-11 10:00:18.787054', '2026-06-11 10:22:47.780550', 1, NULL, 10.0000, 5.0000);
INSERT INTO `commission_rules` VALUES (167, 1, 39, 4, 1, 5.0000, NULL, 1, 0, '2026-06-11 10:00:18.787054', '2026-06-11 10:22:35.003887', 1, NULL, 10.0000, 5.0000);
INSERT INTO `commission_rules` VALUES (168, 1, 39, 5, 1, 5.0000, NULL, 1, 0, '2026-06-11 10:00:18.787054', '2026-06-11 10:22:47.780550', 1, NULL, 10.0000, 5.0000);
INSERT INTO `commission_rules` VALUES (169, 1, 39, 6, 1, 5.0000, NULL, 1, 0, '2026-06-11 10:00:18.787054', '2026-06-11 10:22:47.780550', 1, NULL, 10.0000, 5.0000);
INSERT INTO `commission_rules` VALUES (170, 1, 39, 7, 1, 5.0000, NULL, 1, 0, '2026-06-11 10:00:18.787054', '2026-06-11 10:22:47.780550', 1, NULL, 10.0000, 5.0000);
INSERT INTO `commission_rules` VALUES (171, 1, 40, 4, 1, 5.0000, NULL, 1, 0, '2026-06-11 10:00:18.787054', '2026-06-11 10:22:35.003887', 1, NULL, 10.0000, 5.0000);
INSERT INTO `commission_rules` VALUES (172, 1, 40, 5, 1, 5.0000, NULL, 1, 0, '2026-06-11 10:00:18.787054', '2026-06-11 10:22:47.780550', 1, NULL, 10.0000, 5.0000);
INSERT INTO `commission_rules` VALUES (173, 1, 40, 6, 1, 5.0000, NULL, 1, 0, '2026-06-11 10:00:18.787054', '2026-06-11 10:22:47.780550', 1, NULL, 10.0000, 5.0000);
INSERT INTO `commission_rules` VALUES (174, 1, 40, 7, 1, 5.0000, NULL, 1, 0, '2026-06-11 10:00:18.787054', '2026-06-11 10:22:47.780550', 1, NULL, 10.0000, 5.0000);
INSERT INTO `commission_rules` VALUES (175, 1, 41, 4, 1, 5.0000, NULL, 1, 0, '2026-06-11 10:00:18.787054', '2026-06-11 10:22:35.003887', 1, NULL, 10.0000, 5.0000);
INSERT INTO `commission_rules` VALUES (176, 1, 41, 5, 1, 5.0000, NULL, 1, 0, '2026-06-11 10:00:18.787054', '2026-06-11 10:22:47.780550', 1, NULL, 10.0000, 5.0000);
INSERT INTO `commission_rules` VALUES (177, 1, 41, 6, 1, 5.0000, NULL, 1, 0, '2026-06-11 10:00:18.787054', '2026-06-11 10:22:47.780550', 1, NULL, 10.0000, 5.0000);
INSERT INTO `commission_rules` VALUES (178, 1, 41, 7, 1, 5.0000, NULL, 1, 0, '2026-06-11 10:00:18.787054', '2026-06-11 10:22:47.780550', 1, NULL, 10.0000, 5.0000);
INSERT INTO `commission_rules` VALUES (179, 1, 1, 4, 1, 5.0000, NULL, 0, 1, '2026-06-11 10:28:17.269782', '2026-06-11 10:29:13.907564', 0, NULL, 10.0000, 5.0000);
INSERT INTO `commission_rules` VALUES (180, 1, 1, 5, 1, 5.0000, NULL, 0, 1, '2026-06-11 10:28:17.269782', '2026-06-11 10:29:13.907564', 0, NULL, 10.0000, 5.0000);
INSERT INTO `commission_rules` VALUES (181, 1, 1, 6, 1, 5.0000, NULL, 0, 1, '2026-06-11 10:28:17.269782', '2026-06-11 10:29:13.907564', 0, NULL, 10.0000, 5.0000);
INSERT INTO `commission_rules` VALUES (182, 1, 1, 7, 1, 5.0000, NULL, 0, 1, '2026-06-11 10:28:17.269782', '2026-06-11 10:29:13.907564', 0, NULL, 10.0000, 5.0000);
INSERT INTO `commission_rules` VALUES (183, 1, 2, 4, 1, 5.0000, NULL, 0, 1, '2026-06-11 10:28:17.269782', '2026-06-11 10:29:13.907564', 0, NULL, 10.0000, 5.0000);
INSERT INTO `commission_rules` VALUES (184, 1, 2, 5, 1, 5.0000, NULL, 0, 1, '2026-06-11 10:28:17.269782', '2026-06-11 10:29:13.907564', 0, NULL, 10.0000, 5.0000);
INSERT INTO `commission_rules` VALUES (185, 1, 2, 6, 1, 5.0000, NULL, 0, 1, '2026-06-11 10:28:17.269782', '2026-06-11 10:29:13.907564', 0, NULL, 10.0000, 5.0000);
INSERT INTO `commission_rules` VALUES (186, 1, 2, 7, 1, 5.0000, NULL, 0, 1, '2026-06-11 10:28:17.269782', '2026-06-11 10:29:13.907564', 0, NULL, 10.0000, 5.0000);
INSERT INTO `commission_rules` VALUES (187, 1, 3, 4, 1, 5.0000, NULL, 0, 1, '2026-06-11 10:28:17.269782', '2026-06-11 10:29:13.907564', 0, NULL, 10.0000, 5.0000);
INSERT INTO `commission_rules` VALUES (188, 1, 3, 5, 1, 5.0000, NULL, 0, 1, '2026-06-11 10:28:17.269782', '2026-06-11 10:29:13.907564', 0, NULL, 10.0000, 5.0000);
INSERT INTO `commission_rules` VALUES (189, 1, 3, 6, 1, 5.0000, NULL, 0, 1, '2026-06-11 10:28:17.269782', '2026-06-11 10:29:13.907564', 0, NULL, 10.0000, 5.0000);
INSERT INTO `commission_rules` VALUES (190, 1, 3, 7, 1, 5.0000, NULL, 0, 1, '2026-06-11 10:28:17.269782', '2026-06-11 10:29:13.907564', 0, NULL, 10.0000, 5.0000);
INSERT INTO `commission_rules` VALUES (191, 1, 4, 4, 1, 5.0000, NULL, 0, 1, '2026-06-11 10:28:17.269782', '2026-06-11 10:29:13.907564', 0, NULL, 10.0000, 5.0000);
INSERT INTO `commission_rules` VALUES (192, 1, 4, 5, 1, 5.0000, NULL, 0, 1, '2026-06-11 10:28:17.269782', '2026-06-11 10:29:13.907564', 0, NULL, 10.0000, 5.0000);
INSERT INTO `commission_rules` VALUES (193, 1, 4, 6, 1, 5.0000, NULL, 0, 1, '2026-06-11 10:28:17.269782', '2026-06-11 10:29:13.907564', 0, NULL, 10.0000, 5.0000);
INSERT INTO `commission_rules` VALUES (194, 1, 4, 7, 1, 5.0000, NULL, 0, 1, '2026-06-11 10:28:17.269782', '2026-06-11 10:29:13.907564', 0, NULL, 10.0000, 5.0000);
INSERT INTO `commission_rules` VALUES (195, 1, 5, 4, 1, 5.0000, NULL, 0, 1, '2026-06-11 10:28:17.269782', '2026-06-11 10:29:13.907564', 0, NULL, 10.0000, 5.0000);
INSERT INTO `commission_rules` VALUES (196, 1, 5, 5, 1, 5.0000, NULL, 0, 1, '2026-06-11 10:28:17.269782', '2026-06-11 10:29:13.907564', 0, NULL, 10.0000, 5.0000);
INSERT INTO `commission_rules` VALUES (197, 1, 5, 6, 1, 5.0000, NULL, 0, 1, '2026-06-11 10:28:17.269782', '2026-06-11 10:29:13.907564', 0, NULL, 10.0000, 5.0000);
INSERT INTO `commission_rules` VALUES (198, 1, 5, 7, 1, 5.0000, NULL, 0, 1, '2026-06-11 10:28:17.269782', '2026-06-11 10:29:13.907564', 0, NULL, 10.0000, 5.0000);
INSERT INTO `commission_rules` VALUES (199, 1, 6, 4, 1, 5.0000, NULL, 0, 1, '2026-06-11 10:28:17.269782', '2026-06-11 10:29:13.907564', 0, NULL, 10.0000, 5.0000);
INSERT INTO `commission_rules` VALUES (200, 1, 6, 5, 1, 5.0000, NULL, 0, 1, '2026-06-11 10:28:17.269782', '2026-06-11 10:29:13.907564', 0, NULL, 10.0000, 5.0000);
INSERT INTO `commission_rules` VALUES (201, 1, 6, 6, 1, 5.0000, NULL, 0, 1, '2026-06-11 10:28:17.269782', '2026-06-11 10:29:13.907564', 0, NULL, 10.0000, 5.0000);
INSERT INTO `commission_rules` VALUES (202, 1, 6, 7, 1, 5.0000, NULL, 0, 1, '2026-06-11 10:28:17.269782', '2026-06-11 10:29:13.907564', 0, NULL, 10.0000, 5.0000);
INSERT INTO `commission_rules` VALUES (203, 1, 26, 4, 1, 5.0000, NULL, 0, 1, '2026-06-11 10:28:17.269782', '2026-06-11 10:29:13.907564', 0, NULL, 10.0000, 5.0000);
INSERT INTO `commission_rules` VALUES (204, 1, 26, 5, 1, 5.0000, NULL, 0, 1, '2026-06-11 10:28:17.269782', '2026-06-11 10:29:13.907564', 0, NULL, 10.0000, 5.0000);
INSERT INTO `commission_rules` VALUES (205, 1, 26, 6, 1, 5.0000, NULL, 0, 1, '2026-06-11 10:28:17.269782', '2026-06-11 10:29:13.907564', 0, NULL, 10.0000, 5.0000);
INSERT INTO `commission_rules` VALUES (206, 1, 26, 7, 1, 5.0000, NULL, 0, 1, '2026-06-11 10:28:17.269782', '2026-06-11 10:29:13.907564', 0, NULL, 10.0000, 5.0000);
INSERT INTO `commission_rules` VALUES (207, 1, 27, 4, 1, 5.0000, NULL, 0, 1, '2026-06-11 10:28:17.269782', '2026-06-11 10:29:13.907564', 0, NULL, 10.0000, 5.0000);
INSERT INTO `commission_rules` VALUES (208, 1, 27, 5, 1, 5.0000, NULL, 0, 1, '2026-06-11 10:28:17.269782', '2026-06-11 10:29:13.907564', 0, NULL, 10.0000, 5.0000);
INSERT INTO `commission_rules` VALUES (209, 1, 27, 6, 1, 5.0000, NULL, 0, 1, '2026-06-11 10:28:17.269782', '2026-06-11 10:29:13.907564', 0, NULL, 10.0000, 5.0000);
INSERT INTO `commission_rules` VALUES (210, 1, 27, 7, 1, 5.0000, NULL, 0, 1, '2026-06-11 10:28:17.269782', '2026-06-11 10:29:13.907564', 0, NULL, 10.0000, 5.0000);
INSERT INTO `commission_rules` VALUES (211, 1, 28, 4, 1, 5.0000, NULL, 0, 1, '2026-06-11 10:28:17.269782', '2026-06-11 10:29:13.907564', 0, NULL, 10.0000, 5.0000);
INSERT INTO `commission_rules` VALUES (212, 1, 28, 5, 1, 5.0000, NULL, 0, 1, '2026-06-11 10:28:17.269782', '2026-06-11 10:29:13.907564', 0, NULL, 10.0000, 5.0000);
INSERT INTO `commission_rules` VALUES (213, 1, 28, 6, 1, 5.0000, NULL, 0, 1, '2026-06-11 10:28:17.269782', '2026-06-11 10:29:13.907564', 0, NULL, 10.0000, 5.0000);
INSERT INTO `commission_rules` VALUES (214, 1, 28, 7, 1, 5.0000, NULL, 0, 1, '2026-06-11 10:28:17.269782', '2026-06-11 10:29:13.907564', 0, NULL, 10.0000, 5.0000);
INSERT INTO `commission_rules` VALUES (215, 1, 29, 4, 1, 5.0000, NULL, 0, 1, '2026-06-11 10:28:17.269782', '2026-06-11 10:29:13.907564', 0, NULL, 10.0000, 5.0000);
INSERT INTO `commission_rules` VALUES (216, 1, 29, 5, 1, 5.0000, NULL, 0, 1, '2026-06-11 10:28:17.269782', '2026-06-11 10:29:13.907564', 0, NULL, 10.0000, 5.0000);
INSERT INTO `commission_rules` VALUES (217, 1, 29, 6, 1, 5.0000, NULL, 0, 1, '2026-06-11 10:28:17.269782', '2026-06-11 10:29:13.907564', 0, NULL, 10.0000, 5.0000);
INSERT INTO `commission_rules` VALUES (218, 1, 29, 7, 1, 5.0000, NULL, 0, 1, '2026-06-11 10:28:17.269782', '2026-06-11 10:29:13.907564', 0, NULL, 10.0000, 5.0000);
INSERT INTO `commission_rules` VALUES (219, 1, 30, 4, 1, 5.0000, NULL, 0, 1, '2026-06-11 10:28:17.269782', '2026-06-11 10:29:13.907564', 0, NULL, 10.0000, 5.0000);
INSERT INTO `commission_rules` VALUES (220, 1, 30, 5, 1, 5.0000, NULL, 0, 1, '2026-06-11 10:28:17.269782', '2026-06-11 10:29:13.907564', 0, NULL, 10.0000, 5.0000);
INSERT INTO `commission_rules` VALUES (221, 1, 30, 6, 1, 5.0000, NULL, 0, 1, '2026-06-11 10:28:17.269782', '2026-06-11 10:29:13.907564', 0, NULL, 10.0000, 5.0000);
INSERT INTO `commission_rules` VALUES (222, 1, 30, 7, 1, 5.0000, NULL, 0, 1, '2026-06-11 10:28:17.269782', '2026-06-11 10:29:13.907564', 0, NULL, 10.0000, 5.0000);
INSERT INTO `commission_rules` VALUES (223, 1, 31, 4, 1, 5.0000, NULL, 0, 1, '2026-06-11 10:28:17.269782', '2026-06-11 10:29:13.907564', 0, NULL, 10.0000, 5.0000);
INSERT INTO `commission_rules` VALUES (224, 1, 31, 5, 1, 5.0000, NULL, 0, 1, '2026-06-11 10:28:17.269782', '2026-06-11 10:29:13.907564', 0, NULL, 10.0000, 5.0000);
INSERT INTO `commission_rules` VALUES (225, 1, 31, 6, 1, 5.0000, NULL, 0, 1, '2026-06-11 10:28:17.269782', '2026-06-11 10:29:13.907564', 0, NULL, 10.0000, 5.0000);
INSERT INTO `commission_rules` VALUES (226, 1, 31, 7, 1, 5.0000, NULL, 0, 1, '2026-06-11 10:28:17.269782', '2026-06-11 10:29:13.907564', 0, NULL, 10.0000, 5.0000);
INSERT INTO `commission_rules` VALUES (227, 1, 32, 4, 1, 5.0000, NULL, 0, 1, '2026-06-11 10:28:17.269782', '2026-06-11 10:29:13.907564', 0, NULL, 10.0000, 5.0000);
INSERT INTO `commission_rules` VALUES (228, 1, 32, 5, 1, 5.0000, NULL, 0, 1, '2026-06-11 10:28:17.269782', '2026-06-11 10:29:13.907564', 0, NULL, 10.0000, 5.0000);
INSERT INTO `commission_rules` VALUES (229, 1, 32, 6, 1, 5.0000, NULL, 0, 1, '2026-06-11 10:28:17.269782', '2026-06-11 10:29:13.907564', 0, NULL, 10.0000, 5.0000);
INSERT INTO `commission_rules` VALUES (230, 1, 32, 7, 1, 5.0000, NULL, 0, 1, '2026-06-11 10:28:17.269782', '2026-06-11 10:29:13.907564', 0, NULL, 10.0000, 5.0000);
INSERT INTO `commission_rules` VALUES (231, 1, 33, 4, 1, 5.0000, NULL, 0, 1, '2026-06-11 10:28:17.269782', '2026-06-11 10:29:13.907564', 0, NULL, 10.0000, 5.0000);
INSERT INTO `commission_rules` VALUES (232, 1, 33, 5, 1, 5.0000, NULL, 0, 1, '2026-06-11 10:28:17.269782', '2026-06-11 10:29:13.907564', 0, NULL, 10.0000, 5.0000);
INSERT INTO `commission_rules` VALUES (233, 1, 33, 6, 1, 5.0000, NULL, 0, 1, '2026-06-11 10:28:17.269782', '2026-06-11 10:29:13.907564', 0, NULL, 10.0000, 5.0000);
INSERT INTO `commission_rules` VALUES (234, 1, 33, 7, 1, 5.0000, NULL, 0, 1, '2026-06-11 10:28:17.269782', '2026-06-11 10:29:13.907564', 0, NULL, 10.0000, 5.0000);
INSERT INTO `commission_rules` VALUES (235, 1, 34, 4, 1, 5.0000, NULL, 0, 1, '2026-06-11 10:28:17.269782', '2026-06-11 10:29:13.907564', 0, NULL, 10.0000, 5.0000);
INSERT INTO `commission_rules` VALUES (236, 1, 34, 5, 1, 5.0000, NULL, 0, 1, '2026-06-11 10:28:17.269782', '2026-06-11 10:29:13.907564', 0, NULL, 10.0000, 5.0000);
INSERT INTO `commission_rules` VALUES (237, 1, 34, 6, 1, 5.0000, NULL, 0, 1, '2026-06-11 10:28:17.269782', '2026-06-11 10:29:13.907564', 0, NULL, 10.0000, 5.0000);
INSERT INTO `commission_rules` VALUES (238, 1, 34, 7, 1, 5.0000, NULL, 0, 1, '2026-06-11 10:28:17.269782', '2026-06-11 10:29:13.907564', 0, NULL, 10.0000, 5.0000);
INSERT INTO `commission_rules` VALUES (239, 1, 35, 4, 1, 5.0000, NULL, 0, 1, '2026-06-11 10:28:17.269782', '2026-06-11 10:29:13.907564', 0, NULL, 10.0000, 5.0000);
INSERT INTO `commission_rules` VALUES (240, 1, 35, 5, 1, 5.0000, NULL, 0, 1, '2026-06-11 10:28:17.269782', '2026-06-11 10:29:13.907564', 0, NULL, 10.0000, 5.0000);
INSERT INTO `commission_rules` VALUES (241, 1, 35, 6, 1, 5.0000, NULL, 0, 1, '2026-06-11 10:28:17.269782', '2026-06-11 10:29:13.907564', 0, NULL, 10.0000, 5.0000);
INSERT INTO `commission_rules` VALUES (242, 1, 35, 7, 1, 5.0000, NULL, 0, 1, '2026-06-11 10:28:17.269782', '2026-06-11 10:29:13.907564', 0, NULL, 10.0000, 5.0000);
INSERT INTO `commission_rules` VALUES (243, 1, 36, 4, 1, 5.0000, NULL, 0, 1, '2026-06-11 10:28:17.269782', '2026-06-11 10:29:13.907564', 0, NULL, 10.0000, 5.0000);
INSERT INTO `commission_rules` VALUES (244, 1, 36, 5, 1, 5.0000, NULL, 0, 1, '2026-06-11 10:28:17.269782', '2026-06-11 10:29:13.907564', 0, NULL, 10.0000, 5.0000);
INSERT INTO `commission_rules` VALUES (245, 1, 36, 6, 1, 5.0000, NULL, 0, 1, '2026-06-11 10:28:17.269782', '2026-06-11 10:29:13.907564', 0, NULL, 10.0000, 5.0000);
INSERT INTO `commission_rules` VALUES (246, 1, 36, 7, 1, 5.0000, NULL, 0, 1, '2026-06-11 10:28:17.269782', '2026-06-11 10:29:13.907564', 0, NULL, 10.0000, 5.0000);
INSERT INTO `commission_rules` VALUES (247, 1, 37, 4, 1, 5.0000, NULL, 0, 1, '2026-06-11 10:28:17.269782', '2026-06-11 10:29:13.907564', 0, NULL, 10.0000, 5.0000);
INSERT INTO `commission_rules` VALUES (248, 1, 37, 5, 1, 5.0000, NULL, 0, 1, '2026-06-11 10:28:17.269782', '2026-06-11 10:29:13.907564', 0, NULL, 10.0000, 5.0000);
INSERT INTO `commission_rules` VALUES (249, 1, 37, 6, 1, 5.0000, NULL, 0, 1, '2026-06-11 10:28:17.269782', '2026-06-11 10:29:13.907564', 0, NULL, 10.0000, 5.0000);
INSERT INTO `commission_rules` VALUES (250, 1, 37, 7, 1, 5.0000, NULL, 0, 1, '2026-06-11 10:28:17.269782', '2026-06-11 10:29:13.907564', 0, NULL, 10.0000, 5.0000);
INSERT INTO `commission_rules` VALUES (251, 1, 38, 4, 1, 5.0000, NULL, 0, 1, '2026-06-11 10:28:17.269782', '2026-06-11 10:29:13.907564', 0, NULL, 10.0000, 5.0000);
INSERT INTO `commission_rules` VALUES (252, 1, 38, 5, 1, 5.0000, NULL, 0, 1, '2026-06-11 10:28:17.269782', '2026-06-11 10:29:13.907564', 0, NULL, 10.0000, 5.0000);
INSERT INTO `commission_rules` VALUES (253, 1, 38, 6, 1, 5.0000, NULL, 0, 1, '2026-06-11 10:28:17.269782', '2026-06-11 10:29:13.907564', 0, NULL, 10.0000, 5.0000);
INSERT INTO `commission_rules` VALUES (254, 1, 38, 7, 1, 5.0000, NULL, 0, 1, '2026-06-11 10:28:17.269782', '2026-06-11 10:29:13.907564', 0, NULL, 10.0000, 5.0000);
INSERT INTO `commission_rules` VALUES (255, 1, 39, 4, 1, 5.0000, NULL, 0, 1, '2026-06-11 10:28:17.269782', '2026-06-11 10:29:13.907564', 0, NULL, 10.0000, 5.0000);
INSERT INTO `commission_rules` VALUES (256, 1, 39, 5, 1, 5.0000, NULL, 0, 1, '2026-06-11 10:28:17.269782', '2026-06-11 10:29:13.907564', 0, NULL, 10.0000, 5.0000);
INSERT INTO `commission_rules` VALUES (257, 1, 39, 6, 1, 5.0000, NULL, 0, 1, '2026-06-11 10:28:17.269782', '2026-06-11 10:29:13.907564', 0, NULL, 10.0000, 5.0000);
INSERT INTO `commission_rules` VALUES (258, 1, 39, 7, 1, 5.0000, NULL, 0, 1, '2026-06-11 10:28:17.269782', '2026-06-11 10:29:13.907564', 0, NULL, 10.0000, 5.0000);
INSERT INTO `commission_rules` VALUES (259, 1, 40, 4, 1, 5.0000, NULL, 0, 1, '2026-06-11 10:28:17.269782', '2026-06-11 10:29:13.907564', 0, NULL, 10.0000, 5.0000);
INSERT INTO `commission_rules` VALUES (260, 1, 40, 5, 1, 5.0000, NULL, 0, 1, '2026-06-11 10:28:17.269782', '2026-06-11 10:29:13.907564', 0, NULL, 10.0000, 5.0000);
INSERT INTO `commission_rules` VALUES (261, 1, 40, 6, 1, 5.0000, NULL, 0, 1, '2026-06-11 10:28:17.269782', '2026-06-11 10:29:13.907564', 0, NULL, 10.0000, 5.0000);
INSERT INTO `commission_rules` VALUES (262, 1, 40, 7, 1, 5.0000, NULL, 0, 1, '2026-06-11 10:28:17.269782', '2026-06-11 10:29:13.907564', 0, NULL, 10.0000, 5.0000);
INSERT INTO `commission_rules` VALUES (263, 1, 41, 4, 1, 5.0000, NULL, 0, 1, '2026-06-11 10:28:17.269782', '2026-06-11 10:29:13.907564', 0, NULL, 10.0000, 5.0000);
INSERT INTO `commission_rules` VALUES (264, 1, 41, 5, 1, 5.0000, NULL, 0, 1, '2026-06-11 10:28:17.269782', '2026-06-11 10:29:13.907564', 0, NULL, 10.0000, 5.0000);
INSERT INTO `commission_rules` VALUES (265, 1, 41, 6, 1, 5.0000, NULL, 0, 1, '2026-06-11 10:28:17.269782', '2026-06-11 10:29:13.907564', 0, NULL, 10.0000, 5.0000);
INSERT INTO `commission_rules` VALUES (266, 1, 41, 7, 1, 5.0000, NULL, 0, 1, '2026-06-11 10:28:17.269782', '2026-06-11 10:29:13.907564', 0, NULL, 10.0000, 5.0000);

-- ----------------------------
-- Table structure for day_closes
-- ----------------------------
DROP TABLE IF EXISTS `day_closes`;
CREATE TABLE `day_closes`  (
  `Id` bigint NOT NULL AUTO_INCREMENT,
  `TenantId` bigint NULL DEFAULT NULL,
  `StoreId` bigint NOT NULL,
  `BusinessDate` date NOT NULL,
  `ExpectedCash` decimal(18, 2) NOT NULL,
  `ActualCash` decimal(18, 2) NOT NULL,
  `Variance` decimal(18, 2) NOT NULL,
  `RevenueTotal` decimal(18, 2) NOT NULL,
  `CashAmount` decimal(18, 2) NOT NULL,
  `MemberCardAmount` decimal(18, 2) NOT NULL,
  `WechatAmount` decimal(18, 2) NOT NULL,
  `AlipayAmount` decimal(18, 2) NOT NULL,
  `BankCardAmount` decimal(18, 2) NOT NULL,
  `RechargeAmount` decimal(18, 2) NOT NULL,
  `OrderCount` int NOT NULL,
  `OperatorUserId` bigint NULL DEFAULT NULL,
  `Remark` varchar(500) CHARACTER SET utf8mb4 COLLATE utf8mb4_0900_ai_ci NULL DEFAULT NULL,
  `CreatedAt` datetime(6) NOT NULL,
  `UpdatedAt` datetime(6) NOT NULL,
  `IsDeleted` tinyint(1) NOT NULL,
  PRIMARY KEY (`Id`) USING BTREE,
  UNIQUE INDEX `IX_day_closes_StoreId_BusinessDate`(`StoreId` ASC, `BusinessDate` ASC) USING BTREE,
  INDEX `IX_day_closes_OperatorUserId`(`OperatorUserId` ASC) USING BTREE,
  CONSTRAINT `FK_day_closes_stores_StoreId` FOREIGN KEY (`StoreId`) REFERENCES `stores` (`Id`) ON DELETE RESTRICT ON UPDATE RESTRICT,
  CONSTRAINT `FK_day_closes_users_OperatorUserId` FOREIGN KEY (`OperatorUserId`) REFERENCES `users` (`Id`) ON DELETE SET NULL ON UPDATE RESTRICT
) ENGINE = InnoDB AUTO_INCREMENT = 7 CHARACTER SET = utf8mb4 COLLATE = utf8mb4_0900_ai_ci ROW_FORMAT = Dynamic;

-- ----------------------------
-- Records of day_closes
-- ----------------------------
INSERT INTO `day_closes` VALUES (1, 1, 1, '2026-05-27', 42.50, 42.50, 0.00, 366.74, 42.50, 324.24, 0.00, 0.00, 0.00, 5250.00, 8, 2, NULL, '2026-05-27 15:51:40.968691', '2026-05-27 15:51:40.968691', 0);
INSERT INTO `day_closes` VALUES (3, 1, 1, '2026-05-28', 174.00, 174.00, 0.00, 655.00, 174.00, 481.00, 0.00, 0.00, 0.00, 0.00, 5, 2, NULL, '2026-05-28 09:08:18.890552', '2026-05-28 09:08:18.890552', 0);
INSERT INTO `day_closes` VALUES (4, 1, 1, '2026-05-29', 330.00, 330.00, 0.00, 146.00, 0.00, 70.00, 76.00, 0.00, 0.00, 630.00, 3, 2, NULL, '2026-05-29 08:06:58.970575', '2026-05-29 08:06:58.970575', 0);
INSERT INTO `day_closes` VALUES (5, 1, 1, '2026-05-31', 0.00, 232.00, 232.00, 0.00, 0.00, 0.00, 0.00, 0.00, 0.00, 0.00, 0, 2, NULL, '2026-06-01 07:35:51.190029', '2026-06-01 07:35:51.190029', 0);

-- ----------------------------
-- Table structure for inventory_items
-- ----------------------------
DROP TABLE IF EXISTS `inventory_items`;
CREATE TABLE `inventory_items`  (
  `Id` bigint NOT NULL AUTO_INCREMENT,
  `TenantId` bigint NULL DEFAULT NULL,
  `StoreId` bigint NOT NULL,
  `Code` varchar(64) CHARACTER SET utf8mb4 COLLATE utf8mb4_0900_ai_ci NOT NULL,
  `Name` varchar(200) CHARACTER SET utf8mb4 COLLATE utf8mb4_0900_ai_ci NOT NULL,
  `Unit` varchar(16) CHARACTER SET utf8mb4 COLLATE utf8mb4_0900_ai_ci NULL DEFAULT NULL,
  `Quantity` decimal(18, 3) NOT NULL,
  `MinQuantity` decimal(18, 3) NOT NULL,
  `UnitCost` decimal(18, 2) NULL DEFAULT NULL,
  `Remark` varchar(500) CHARACTER SET utf8mb4 COLLATE utf8mb4_0900_ai_ci NULL DEFAULT NULL,
  `IsActive` tinyint(1) NOT NULL,
  `CreatedAt` datetime(6) NOT NULL,
  `UpdatedAt` datetime(6) NOT NULL,
  `IsDeleted` tinyint(1) NOT NULL,
  PRIMARY KEY (`Id`) USING BTREE,
  UNIQUE INDEX `IX_inventory_items_StoreId_Code`(`StoreId` ASC, `Code` ASC) USING BTREE,
  CONSTRAINT `FK_inventory_items_stores_StoreId` FOREIGN KEY (`StoreId`) REFERENCES `stores` (`Id`) ON DELETE CASCADE ON UPDATE RESTRICT
) ENGINE = InnoDB AUTO_INCREMENT = 3 CHARACTER SET = utf8mb4 COLLATE = utf8mb4_0900_ai_ci ROW_FORMAT = Dynamic;

-- ----------------------------
-- Records of inventory_items
-- ----------------------------
INSERT INTO `inventory_items` VALUES (1, 1, 1, 'CD01', '一次性床单', '个', 214.000, 10.000, 10.00, NULL, 1, '2026-05-27 13:14:58.264355', '2026-06-01 07:04:56.131614', 0);
INSERT INTO `inventory_items` VALUES (2, 1, 1, '22', '22', NULL, 153.000, 20.000, 50.00, NULL, 1, '2026-05-29 05:22:09.401672', '2026-06-08 17:25:03.833227', 0);

-- ----------------------------
-- Table structure for inventory_movements
-- ----------------------------
DROP TABLE IF EXISTS `inventory_movements`;
CREATE TABLE `inventory_movements`  (
  `Id` bigint NOT NULL AUTO_INCREMENT,
  `TenantId` bigint NULL DEFAULT NULL,
  `ItemId` bigint NOT NULL,
  `Kind` int NOT NULL,
  `Delta` decimal(18, 3) NOT NULL,
  `QuantityAfter` decimal(18, 3) NOT NULL,
  `OperatorUserId` bigint NULL DEFAULT NULL,
  `Remark` varchar(200) CHARACTER SET utf8mb4 COLLATE utf8mb4_0900_ai_ci NULL DEFAULT NULL,
  `CreatedAt` datetime(6) NOT NULL,
  `UpdatedAt` datetime(6) NOT NULL,
  `IsDeleted` tinyint(1) NOT NULL,
  PRIMARY KEY (`Id`) USING BTREE,
  INDEX `IX_inventory_movements_ItemId_CreatedAt`(`ItemId` ASC, `CreatedAt` ASC) USING BTREE,
  INDEX `IX_inventory_movements_OperatorUserId`(`OperatorUserId` ASC) USING BTREE,
  CONSTRAINT `FK_inventory_movements_inventory_items_ItemId` FOREIGN KEY (`ItemId`) REFERENCES `inventory_items` (`Id`) ON DELETE CASCADE ON UPDATE RESTRICT,
  CONSTRAINT `FK_inventory_movements_users_OperatorUserId` FOREIGN KEY (`OperatorUserId`) REFERENCES `users` (`Id`) ON DELETE SET NULL ON UPDATE RESTRICT
) ENGINE = InnoDB AUTO_INCREMENT = 15 CHARACTER SET = utf8mb4 COLLATE = utf8mb4_0900_ai_ci ROW_FORMAT = Dynamic;

-- ----------------------------
-- Records of inventory_movements
-- ----------------------------
INSERT INTO `inventory_movements` VALUES (1, 1, 1, 0, 100.000, 100.000, 2, '建档入库', '2026-05-27 13:14:58.390914', '2026-05-27 13:14:58.390914', 0);
INSERT INTO `inventory_movements` VALUES (2, 1, 1, 0, 1.000, 101.000, 2, NULL, '2026-05-27 13:15:05.959428', '2026-05-27 13:15:05.959428', 0);
INSERT INTO `inventory_movements` VALUES (3, 1, 1, 10, -10.000, 91.000, 2, NULL, '2026-05-27 13:15:23.702762', '2026-05-27 13:15:23.702762', 0);
INSERT INTO `inventory_movements` VALUES (4, 1, 2, 0, 100.000, 100.000, 2, '建档入库', '2026-05-29 05:22:09.438076', '2026-05-29 05:22:09.438076', 0);
INSERT INTO `inventory_movements` VALUES (5, 1, 2, 0, 1.000, 101.000, 2, NULL, '2026-05-29 05:22:17.428675', '2026-05-29 05:22:17.428675', 0);
INSERT INTO `inventory_movements` VALUES (6, 1, 1, 0, 1.000, 92.000, 2, NULL, '2026-05-29 05:22:20.766053', '2026-05-29 05:22:20.766053', 0);
INSERT INTO `inventory_movements` VALUES (7, 1, 2, 10, -50.000, 51.000, 2, NULL, '2026-05-29 05:22:32.684016', '2026-05-29 05:22:32.684016', 0);
INSERT INTO `inventory_movements` VALUES (8, 1, 1, 0, 8.000, 100.000, 2, NULL, '2026-05-29 05:22:55.934696', '2026-05-29 05:22:55.934696', 0);
INSERT INTO `inventory_movements` VALUES (9, 1, 1, 0, 4.000, 104.000, 2, NULL, '2026-05-29 05:23:00.792615', '2026-05-29 05:23:00.792615', 0);
INSERT INTO `inventory_movements` VALUES (10, 1, 1, 0, 10.000, 114.000, 2, NULL, '2026-05-29 05:23:08.201051', '2026-05-29 05:23:08.201051', 0);
INSERT INTO `inventory_movements` VALUES (11, 1, 2, 0, 100.000, 151.000, 2, NULL, '2026-06-01 07:04:51.037783', '2026-06-01 07:04:51.037783', 0);
INSERT INTO `inventory_movements` VALUES (12, 1, 1, 0, 100.000, 214.000, 2, NULL, '2026-06-01 07:04:56.131614', '2026-06-01 07:04:56.131614', 0);
INSERT INTO `inventory_movements` VALUES (13, 1, 2, 20, 1.000, 152.000, 2, NULL, '2026-06-01 07:05:39.635258', '2026-06-01 07:05:39.635258', 0);
INSERT INTO `inventory_movements` VALUES (14, 1, 2, 20, 1.000, 153.000, 2, '丁丁', '2026-06-08 17:25:03.833227', '2026-06-08 17:25:03.833227', 0);

-- ----------------------------
-- Table structure for leave_requests
-- ----------------------------
DROP TABLE IF EXISTS `leave_requests`;
CREATE TABLE `leave_requests`  (
  `Id` bigint NOT NULL AUTO_INCREMENT,
  `TenantId` bigint NULL DEFAULT NULL,
  `UserId` bigint NOT NULL,
  `Type` int NOT NULL,
  `FromDate` date NOT NULL,
  `ToDate` date NOT NULL,
  `Reason` varchar(500) CHARACTER SET utf8mb4 COLLATE utf8mb4_0900_ai_ci NULL DEFAULT NULL,
  `Status` int NOT NULL,
  `ApproverUserId` bigint NULL DEFAULT NULL,
  `ApprovedAt` datetime(6) NULL DEFAULT NULL,
  `CreatedAt` datetime(6) NOT NULL,
  `UpdatedAt` datetime(6) NOT NULL,
  `IsDeleted` tinyint(1) NOT NULL,
  `StartHalf` int NOT NULL DEFAULT 0,
  `EndHalf` int NOT NULL DEFAULT 1,
  PRIMARY KEY (`Id`) USING BTREE,
  INDEX `IX_leave_requests_ApproverUserId`(`ApproverUserId` ASC) USING BTREE,
  INDEX `IX_leave_requests_UserId_FromDate`(`UserId` ASC, `FromDate` ASC) USING BTREE,
  CONSTRAINT `FK_leave_requests_users_ApproverUserId` FOREIGN KEY (`ApproverUserId`) REFERENCES `users` (`Id`) ON DELETE SET NULL ON UPDATE RESTRICT,
  CONSTRAINT `FK_leave_requests_users_UserId` FOREIGN KEY (`UserId`) REFERENCES `users` (`Id`) ON DELETE CASCADE ON UPDATE RESTRICT
) ENGINE = InnoDB AUTO_INCREMENT = 11 CHARACTER SET = utf8mb4 COLLATE = utf8mb4_0900_ai_ci ROW_FORMAT = Dynamic;

-- ----------------------------
-- Records of leave_requests
-- ----------------------------
INSERT INTO `leave_requests` VALUES (1, 1, 4, 10, '2026-06-09', '2026-06-12', '家里有事', 10, 2, '2026-06-09 06:15:40.102326', '2026-06-09 14:12:57.589038', '2026-06-09 14:15:40.108679', 0, 0, 1);
INSERT INTO `leave_requests` VALUES (2, 1, 2, 10, '2026-06-08', '2026-06-09', '家里有事', 20, 2, '2026-06-09 06:58:47.097196', '2026-06-09 14:52:51.195255', '2026-06-09 14:58:47.097197', 0, 0, 1);
INSERT INTO `leave_requests` VALUES (3, 1, 4, 10, '2026-06-08', '2026-06-08', NULL, 20, 2, '2026-06-09 06:58:52.866014', '2026-06-09 14:58:03.512126', '2026-06-09 14:58:52.866015', 0, 0, 1);
INSERT INTO `leave_requests` VALUES (4, 1, 3, 10, '2026-06-08', '2026-06-10', NULL, 10, 2, '2026-06-09 07:08:28.400128', '2026-06-09 15:05:51.225955', '2026-06-09 15:08:28.400781', 0, 0, 1);
INSERT INTO `leave_requests` VALUES (5, 1, 4, 0, '2026-06-09', '2026-06-09', '家里有事', 10, 2, '2026-06-09 07:08:25.762658', '2026-06-09 15:08:22.121477', '2026-06-09 15:08:25.764708', 0, 0, 1);
INSERT INTO `leave_requests` VALUES (6, 1, 4, 10, '2026-06-08', '2026-06-08', '家里有事', 0, NULL, NULL, '2026-06-09 15:18:09.986903', '2026-06-09 15:18:09.986903', 0, 0, 1);
INSERT INTO `leave_requests` VALUES (7, 1, 7, 10, '2026-06-08', '2026-06-08', '上午到下午工0.5天', 0, NULL, NULL, '2026-06-09 15:28:59.642994', '2026-06-09 15:28:59.642994', 0, 0, 1);
INSERT INTO `leave_requests` VALUES (8, 1, 2, 10, '2026-06-08', '2026-06-08', NULL, 0, NULL, NULL, '2026-06-09 15:32:27.149287', '2026-06-09 15:32:27.149287', 0, 0, 1);
INSERT INTO `leave_requests` VALUES (9, 1, 5, 10, '2026-06-08', '2026-06-08', NULL, 0, NULL, NULL, '2026-06-09 16:06:18.380621', '2026-06-09 16:06:18.380621', 0, 1, 1);
INSERT INTO `leave_requests` VALUES (10, 1, 3, 10, '2026-06-10', '2026-06-10', '家里有事情', 10, 2, '2026-06-10 07:16:47.581922', '2026-06-10 15:16:43.420780', '2026-06-10 15:16:47.606005', 0, 1, 1);

-- ----------------------------
-- Table structure for member_packages
-- ----------------------------
DROP TABLE IF EXISTS `member_packages`;
CREATE TABLE `member_packages`  (
  `Id` bigint NOT NULL AUTO_INCREMENT,
  `TenantId` bigint NULL DEFAULT NULL,
  `MemberId` bigint NOT NULL,
  `StoreId` bigint NOT NULL,
  `Kind` int NOT NULL,
  `ServiceId` bigint NULL DEFAULT NULL,
  `Title` varchar(100) CHARACTER SET utf8mb4 COLLATE utf8mb4_0900_ai_ci NOT NULL,
  `PaidAmount` decimal(18, 2) NOT NULL,
  `TotalCount` int NOT NULL,
  `RemainCount` int NOT NULL,
  `ValidFrom` datetime(6) NULL DEFAULT NULL,
  `ExpiresAt` datetime(6) NULL DEFAULT NULL,
  `Status` int NOT NULL,
  `Remark` varchar(500) CHARACTER SET utf8mb4 COLLATE utf8mb4_0900_ai_ci NULL DEFAULT NULL,
  `CreatedAt` datetime(6) NOT NULL,
  `UpdatedAt` datetime(6) NOT NULL,
  `IsDeleted` tinyint(1) NOT NULL,
  PRIMARY KEY (`Id`) USING BTREE,
  INDEX `IX_member_packages_MemberId`(`MemberId` ASC) USING BTREE,
  INDEX `IX_member_packages_ServiceId`(`ServiceId` ASC) USING BTREE,
  INDEX `IX_member_packages_StoreId`(`StoreId` ASC) USING BTREE,
  INDEX `IX_member_packages_TenantId_MemberId_Status`(`TenantId` ASC, `MemberId` ASC, `Status` ASC) USING BTREE,
  CONSTRAINT `FK_member_packages_members_MemberId` FOREIGN KEY (`MemberId`) REFERENCES `members` (`Id`) ON DELETE CASCADE ON UPDATE RESTRICT,
  CONSTRAINT `FK_member_packages_service_items_ServiceId` FOREIGN KEY (`ServiceId`) REFERENCES `service_items` (`Id`) ON DELETE SET NULL ON UPDATE RESTRICT,
  CONSTRAINT `FK_member_packages_stores_StoreId` FOREIGN KEY (`StoreId`) REFERENCES `stores` (`Id`) ON DELETE RESTRICT ON UPDATE RESTRICT
) ENGINE = InnoDB AUTO_INCREMENT = 6 CHARACTER SET = utf8mb4 COLLATE = utf8mb4_0900_ai_ci ROW_FORMAT = Dynamic;

-- ----------------------------
-- Records of member_packages
-- ----------------------------
INSERT INTO `member_packages` VALUES (1, 1, 2, 1, 0, 2, '肩颈舒缓次卡', 480.00, 10, 10, '2026-05-25 10:31:47.519982', '2027-05-25 10:31:47.519982', 0, '开卡：肩颈舒缓次卡', '2026-05-25 10:31:47.553234', '2026-05-25 10:31:47.553234', 0);
INSERT INTO `member_packages` VALUES (2, 1, 3, 1, 0, 1, '腰背养护次卡', 1050.00, 15, 3, '2026-05-26 03:26:33.157862', '2027-05-26 03:26:33.157862', 0, '开卡：腰背养护次卡', '2026-05-26 03:26:33.353197', '2026-05-27 02:20:03.638817', 0);
INSERT INTO `member_packages` VALUES (3, 1, 7, 1, 0, 1, '腰背养护次卡', 1050.00, 15, 13, '2026-05-27 02:50:19.457210', '2027-05-27 02:50:19.457210', 0, '开卡：腰背养护次卡', '2026-05-27 02:50:19.592774', '2026-06-12 09:12:50.641594', 0);
INSERT INTO `member_packages` VALUES (4, 1, 13, 1, 0, 1, '腰背养护次卡', 1050.00, 15, 15, '2026-06-05 08:36:59.382295', '2027-06-05 08:36:59.382295', 0, '开卡：腰背养护次卡', '2026-06-05 16:36:59.413918', '2026-06-05 16:36:59.413918', 0);
INSERT INTO `member_packages` VALUES (5, 1, 17, 1, 0, 2, '肩颈舒缓次卡', 480.00, 10, 10, '2026-06-08 00:37:04.923470', '2027-06-08 00:37:04.923470', 0, '开卡：肩颈舒缓次卡', '2026-06-08 08:37:04.991849', '2026-06-08 08:37:04.991849', 0);

-- ----------------------------
-- Table structure for member_recharge_records
-- ----------------------------
DROP TABLE IF EXISTS `member_recharge_records`;
CREATE TABLE `member_recharge_records`  (
  `Id` bigint NOT NULL AUTO_INCREMENT,
  `TenantId` bigint NULL DEFAULT NULL,
  `StoreId` bigint NOT NULL,
  `MemberId` bigint NOT NULL,
  `Amount` decimal(18, 2) NOT NULL,
  `BonusAmount` decimal(18, 2) NOT NULL,
  `BalanceAfter` decimal(18, 2) NOT NULL,
  `PayMethod` int NOT NULL,
  `OperatorUserId` bigint NULL DEFAULT NULL,
  `Remark` varchar(500) CHARACTER SET utf8mb4 COLLATE utf8mb4_0900_ai_ci NULL DEFAULT NULL,
  `CreatedAt` datetime(6) NOT NULL,
  `UpdatedAt` datetime(6) NOT NULL,
  `IsDeleted` tinyint(1) NOT NULL,
  `CounterpartyMemberId` bigint NULL DEFAULT NULL,
  `Kind` int NOT NULL DEFAULT 0,
  PRIMARY KEY (`Id`) USING BTREE,
  INDEX `IX_member_recharge_records_MemberId`(`MemberId` ASC) USING BTREE,
  INDEX `IX_member_recharge_records_OperatorUserId`(`OperatorUserId` ASC) USING BTREE,
  INDEX `IX_member_recharge_records_StoreId`(`StoreId` ASC) USING BTREE,
  INDEX `IX_member_recharge_records_TenantId_MemberId_CreatedAt`(`TenantId` ASC, `MemberId` ASC, `CreatedAt` ASC) USING BTREE,
  INDEX `IX_member_recharge_records_CounterpartyMemberId`(`CounterpartyMemberId` ASC) USING BTREE,
  INDEX `IX_member_recharge_records_Kind`(`Kind` ASC) USING BTREE,
  CONSTRAINT `FK_member_recharge_records_members_CounterpartyMemberId` FOREIGN KEY (`CounterpartyMemberId`) REFERENCES `members` (`Id`) ON DELETE SET NULL ON UPDATE RESTRICT,
  CONSTRAINT `FK_member_recharge_records_members_MemberId` FOREIGN KEY (`MemberId`) REFERENCES `members` (`Id`) ON DELETE RESTRICT ON UPDATE RESTRICT,
  CONSTRAINT `FK_member_recharge_records_stores_StoreId` FOREIGN KEY (`StoreId`) REFERENCES `stores` (`Id`) ON DELETE RESTRICT ON UPDATE RESTRICT,
  CONSTRAINT `FK_member_recharge_records_users_OperatorUserId` FOREIGN KEY (`OperatorUserId`) REFERENCES `users` (`Id`) ON DELETE SET NULL ON UPDATE RESTRICT
) ENGINE = InnoDB AUTO_INCREMENT = 32 CHARACTER SET = utf8mb4 COLLATE = utf8mb4_0900_ai_ci ROW_FORMAT = Dynamic;

-- ----------------------------
-- Records of member_recharge_records
-- ----------------------------
INSERT INTO `member_recharge_records` VALUES (1, 1, 1, 1, 300.00, 30.00, 330.00, 3, 2, '开卡：普通会员', '2026-05-25 10:30:40.294792', '2026-05-25 10:30:40.294792', 0, NULL, 0);
INSERT INTO `member_recharge_records` VALUES (2, 1, 1, 2, 480.00, 0.00, 480.00, 3, 2, '开卡：肩颈舒缓次卡', '2026-05-25 10:31:47.553234', '2026-05-25 10:31:47.553234', 0, NULL, 0);
INSERT INTO `member_recharge_records` VALUES (3, 1, 1, 3, 1050.00, 0.00, 1050.00, 3, 2, '开卡：腰背养护次卡', '2026-05-26 03:26:33.353197', '2026-05-26 03:26:33.353197', 0, NULL, 0);
INSERT INTO `member_recharge_records` VALUES (4, 1, 1, 4, 1000.00, 150.00, 1150.00, 3, 2, '开卡：金卡会员', '2026-05-26 03:26:52.553741', '2026-05-26 03:26:52.553741', 0, NULL, 0);
INSERT INTO `member_recharge_records` VALUES (5, 1, 1, 5, 2000.00, 350.00, 2350.00, 3, 2, '开卡：钻石会员', '2026-05-26 09:00:51.621255', '2026-05-26 09:00:51.621255', 0, NULL, 0);
INSERT INTO `member_recharge_records` VALUES (6, 1, 1, 6, 2000.00, 350.00, 2350.00, 3, 2, '开卡：钻石会员', '2026-05-26 10:58:20.421482', '2026-05-26 10:58:20.421482', 0, NULL, 0);
INSERT INTO `member_recharge_records` VALUES (7, 1, 1, 7, 1050.00, 0.00, 1050.00, 3, 2, '开卡：腰背养护次卡', '2026-05-27 02:50:19.592774', '2026-05-27 02:50:19.592774', 0, NULL, 0);
INSERT INTO `member_recharge_records` VALUES (8, 1, 1, 8, 2000.00, 350.00, 2350.00, 3, 2, '开卡：钻石会员', '2026-05-27 03:06:16.930160', '2026-05-27 03:06:16.930160', 0, NULL, 0);
INSERT INTO `member_recharge_records` VALUES (9, 1, 1, 9, 300.00, 30.00, 330.00, 3, 2, '开卡：普通会员', '2026-05-27 03:07:13.846363', '2026-05-27 03:07:13.846363', 0, NULL, 0);
INSERT INTO `member_recharge_records` VALUES (10, 1, 1, 10, 500.00, 50.00, 550.00, 3, 2, '开卡：银卡会员', '2026-05-27 03:07:22.696744', '2026-05-27 03:07:22.696744', 0, NULL, 0);
INSERT INTO `member_recharge_records` VALUES (11, 1, 1, 10, 550.00, 0.00, 0.00, 2, 2, '卡转赠', '2026-05-27 03:22:47.710860', '2026-05-27 03:22:47.710860', 0, 5, 20);
INSERT INTO `member_recharge_records` VALUES (12, 1, 1, 5, 550.00, 0.00, 2435.01, 2, 2, '卡转赠', '2026-05-27 03:22:47.710860', '2026-05-27 03:22:47.710860', 0, 10, 30);
INSERT INTO `member_recharge_records` VALUES (13, 1, 1, 9, 300.00, 30.00, 660.00, 3, 2, '办卡：普通会员', '2026-05-27 03:23:38.561738', '2026-05-27 03:23:38.561738', 0, NULL, 0);
INSERT INTO `member_recharge_records` VALUES (14, 1, 1, 11, 300.00, 30.00, 330.00, 3, 2, '开卡：普通会员', '2026-05-29 07:36:18.441883', '2026-05-29 07:36:18.441883', 0, NULL, 0);
INSERT INTO `member_recharge_records` VALUES (15, 1, 1, 11, 330.00, 0.00, 0.00, 1, 2, '退卡', '2026-05-29 07:36:50.740784', '2026-05-29 07:36:50.740784', 0, NULL, 10);
INSERT INTO `member_recharge_records` VALUES (16, 1, 1, 12, 2000.00, 350.00, 2350.00, 1, 2, '开卡：钻石会员', '2026-06-05 15:40:31.025335', '2026-06-05 15:40:31.025335', 0, NULL, 0);
INSERT INTO `member_recharge_records` VALUES (17, 1, 1, 12, 2300.00, 350.00, 5000.00, 3, 2, '天天的', '2026-06-05 16:35:53.314393', '2026-06-05 16:35:53.314393', 0, NULL, 0);
INSERT INTO `member_recharge_records` VALUES (18, 1, 1, 13, 1050.00, 0.00, 1050.00, 3, 2, '开卡：腰背养护次卡', '2026-06-05 16:36:59.413918', '2026-06-05 16:36:59.413918', 0, NULL, 0);
INSERT INTO `member_recharge_records` VALUES (19, 1, 1, 14, 300.00, 30.00, 330.00, 3, 2, '开卡：普通会员', '2026-06-07 18:10:48.310878', '2026-06-07 18:10:48.310878', 0, NULL, 0);
INSERT INTO `member_recharge_records` VALUES (20, 1, 1, 15, 500.00, 50.00, 550.00, 3, 2, '开卡：银卡会员', '2026-06-07 18:15:14.820776', '2026-06-07 18:15:14.820776', 0, NULL, 0);
INSERT INTO `member_recharge_records` VALUES (21, 1, 1, 9, 25.00, 0.00, 511.00, 2, 2, '引荐返佣 5.0%（来自会员 180000000 充值 ¥500.00）', '2026-06-07 18:15:14.838678', '2026-06-07 18:15:14.838678', 0, 15, 40);
INSERT INTO `member_recharge_records` VALUES (22, 1, 1, 16, 300.00, 30.00, 330.00, 3, 2, '开卡：普通会员', '2026-06-07 20:24:47.101755', '2026-06-07 20:24:47.101755', 0, NULL, 0);
INSERT INTO `member_recharge_records` VALUES (23, 1, 1, 14, 15.00, 0.00, 345.00, 2, 2, '引荐返佣 5.0%（来自会员 1810138670901 充值 ¥300.00）', '2026-06-07 20:24:47.110951', '2026-06-07 20:24:47.110951', 0, 16, 40);
INSERT INTO `member_recharge_records` VALUES (24, 1, 1, 17, 480.00, 0.00, 480.00, 3, 2, '开卡：肩颈舒缓次卡', '2026-06-08 08:37:04.991849', '2026-06-08 08:37:04.991849', 0, NULL, 0);
INSERT INTO `member_recharge_records` VALUES (25, 1, 1, 17, 480.00, 0.00, 0.00, 3, 2, '不需要了。', '2026-06-08 09:14:50.158135', '2026-06-08 09:14:50.158135', 0, NULL, 10);
INSERT INTO `member_recharge_records` VALUES (26, 1, 1, 15, 550.00, 0.00, 0.00, 3, 2, '原路退回', '2026-06-08 10:46:08.933263', '2026-06-08 10:46:08.933263', 0, NULL, 10);
INSERT INTO `member_recharge_records` VALUES (27, 1, 1, 16, 330.00, 0.00, 0.00, 2, 2, '不想要了。', '2026-06-08 10:57:22.890152', '2026-06-08 10:57:22.890152', 0, 14, 20);
INSERT INTO `member_recharge_records` VALUES (28, 1, 1, 14, 330.00, 0.00, 675.00, 2, 2, '不想要了。', '2026-06-08 10:57:22.890152', '2026-06-08 10:57:22.890152', 0, 16, 30);
INSERT INTO `member_recharge_records` VALUES (29, 1, 1, 14, 675.00, 0.00, 0.00, 2, 2, '转增', '2026-06-08 11:01:05.066251', '2026-06-08 11:01:05.066251', 0, 18, 20);
INSERT INTO `member_recharge_records` VALUES (30, 1, 1, 18, 675.00, 0.00, 675.00, 2, 2, '转增', '2026-06-08 11:01:05.066251', '2026-06-08 11:01:05.066251', 0, 14, 30);
INSERT INTO `member_recharge_records` VALUES (31, 1, 2, 19, 300.00, 30.00, 330.00, 3, 3, '开卡：普通会员', '2026-06-12 14:43:54.874614', '2026-06-12 14:43:54.874614', 0, NULL, 0);

-- ----------------------------
-- Table structure for member_types
-- ----------------------------
DROP TABLE IF EXISTS `member_types`;
CREATE TABLE `member_types`  (
  `Id` bigint NOT NULL AUTO_INCREMENT,
  `TenantId` bigint NULL DEFAULT NULL,
  `Code` varchar(32) CHARACTER SET utf8mb4 COLLATE utf8mb4_0900_ai_ci NOT NULL,
  `Name` varchar(64) CHARACTER SET utf8mb4 COLLATE utf8mb4_0900_ai_ci NOT NULL,
  `Sort` int NOT NULL,
  `Kind` int NOT NULL,
  `ServiceItemId` bigint NULL DEFAULT NULL,
  `MinRechargeAmount` decimal(18, 2) NULL DEFAULT NULL,
  `MinPurchaseCount` int NULL DEFAULT NULL,
  `Discount` decimal(5, 4) NOT NULL,
  `BonusAmount` decimal(18, 2) NULL DEFAULT NULL,
  `BonusCount` int NULL DEFAULT NULL,
  `ValidDays` int NULL DEFAULT NULL,
  `IsActive` tinyint(1) NOT NULL,
  `Remark` varchar(200) CHARACTER SET utf8mb4 COLLATE utf8mb4_0900_ai_ci NULL DEFAULT NULL,
  `CreatedAt` datetime(6) NOT NULL,
  `UpdatedAt` datetime(6) NOT NULL,
  `IsDeleted` tinyint(1) NOT NULL,
  PRIMARY KEY (`Id`) USING BTREE,
  UNIQUE INDEX `IX_member_types_TenantId_Code`(`TenantId` ASC, `Code` ASC) USING BTREE,
  INDEX `IX_member_types_ServiceItemId`(`ServiceItemId` ASC) USING BTREE,
  INDEX `IX_member_types_TenantId_Sort`(`TenantId` ASC, `Sort` ASC) USING BTREE,
  CONSTRAINT `FK_member_types_service_items_ServiceItemId` FOREIGN KEY (`ServiceItemId`) REFERENCES `service_items` (`Id`) ON DELETE SET NULL ON UPDATE RESTRICT,
  CONSTRAINT `FK_member_types_tenants_TenantId` FOREIGN KEY (`TenantId`) REFERENCES `tenants` (`Id`) ON DELETE CASCADE ON UPDATE RESTRICT
) ENGINE = InnoDB AUTO_INCREMENT = 29 CHARACTER SET = utf8mb4 COLLATE = utf8mb4_0900_ai_ci ROW_FORMAT = Dynamic;

-- ----------------------------
-- Records of member_types
-- ----------------------------
INSERT INTO `member_types` VALUES (1, 1, '001', '普通会员', 1, 0, NULL, 300.00, NULL, 1.0000, 30.00, NULL, 365, 1, '享门店会员价', '2026-05-25 10:24:17.068599', '2026-05-27 13:08:15.442538', 0);
INSERT INTO `member_types` VALUES (2, 1, '004', '银卡会员', 2, 0, NULL, 500.00, NULL, 1.0000, 50.00, NULL, 365, 1, NULL, '2026-05-25 10:25:04.559894', '2026-05-27 13:08:43.087577', 0);
INSERT INTO `member_types` VALUES (3, 1, '007', '金卡会员', 3, 0, NULL, 1000.00, NULL, 1.0000, 150.00, NULL, 365, 1, NULL, '2026-05-25 10:25:43.602466', '2026-05-27 13:09:12.670402', 0);
INSERT INTO `member_types` VALUES (4, 1, 'H004', '钻石会员', 4, 0, NULL, 2000.00, NULL, 0.9000, 350.00, NULL, 365, 1, NULL, '2026-05-25 10:26:45.097605', '2026-05-26 08:26:24.277298', 0);
INSERT INTO `member_types` VALUES (5, 1, '002', '肩颈舒缓次卡', 1, 10, 2, NULL, 10, 1.0000, NULL, 0, 365, 1, NULL, '2026-05-25 10:28:57.222130', '2026-05-27 13:08:25.200022', 0);
INSERT INTO `member_types` VALUES (6, 1, '005', '腰背养护次卡', 2, 10, 1, NULL, 15, 1.0000, NULL, 0, 365, 1, NULL, '2026-05-25 10:29:47.264422', '2026-05-27 13:08:52.952865', 0);
INSERT INTO `member_types` VALUES (17, 1, '003', '普通会员', 1, 0, NULL, 300.00, NULL, 1.0000, 30.00, NULL, 365, 1, '充300送30；享门店会员价；消费累计积分，1元积1分', '2026-05-27 12:39:21.102421', '2026-05-27 13:08:35.243703', 0);
INSERT INTO `member_types` VALUES (18, 1, '006', '银卡会员', 2, 0, NULL, 500.00, NULL, 0.9800, 60.00, NULL, 365, 1, '充500送60；会员价基础9.8折；优先排单，积分1元积1.1分', '2026-05-27 12:39:21.102421', '2026-05-27 13:09:01.836272', 0);
INSERT INTO `member_types` VALUES (19, 1, 'V3', '金卡会员', 3, 0, NULL, 1000.00, NULL, 0.9500, 150.00, NULL, 365, 1, '充1000送150；会员价基础9.5折；免费热敷理疗1次，积分1元积1.2分', '2026-05-27 12:39:21.102421', '2026-05-27 12:39:21.102421', 0);
INSERT INTO `member_types` VALUES (20, 1, 'V4', '钻石会员', 4, 0, NULL, 2000.00, NULL, 0.9000, 350.00, NULL, 365, 1, '充2000送350；会员价基础9折；每月免费拔罐1次，专属技师预约', '2026-05-27 12:39:21.102421', '2026-05-27 12:39:21.102421', 0);
INSERT INTO `member_types` VALUES (21, 1, '601', '肩颈舒缓次卡', 601, 10, 27, NULL, 10, 1.0000, NULL, 0, 365, 1, '原价580 会员特惠价480；包含肩颈专项按摩×10次', '2026-05-27 12:39:21.102421', '2026-05-27 12:39:21.102421', 0);
INSERT INTO `member_types` VALUES (22, 1, '602', '腰背养护次卡', 602, 10, 28, NULL, 10, 1.0000, NULL, 0, 365, 1, '原价580 会员特惠价480；包含腰背推拿×10次', '2026-05-27 12:39:21.102421', '2026-05-27 12:39:21.102421', 0);
INSERT INTO `member_types` VALUES (23, 1, '603', '全身推拿次卡', 603, 10, 26, NULL, 10, 1.0000, NULL, 0, 365, 1, '原价880 会员特惠价720；包含全身推拿×10次', '2026-05-27 12:39:21.102421', '2026-05-27 12:39:21.102421', 0);
INSERT INTO `member_types` VALUES (24, 1, '604', '足底养生次卡', 604, 10, 40, NULL, 10, 1.0000, NULL, 0, 365, 1, '原价650 会员特惠价530；包含经典足底按摩×10次', '2026-05-27 12:39:21.102421', '2026-05-27 12:39:21.102421', 0);
INSERT INTO `member_types` VALUES (25, 1, '605', '综合调理次卡', 605, 10, NULL, NULL, 15, 1.0000, NULL, 0, 540, 1, '原价990 会员特惠价800；任选店内基础项目×15次，有效期18个月', '2026-05-27 12:39:21.102421', '2026-05-27 12:39:21.102421', 0);
INSERT INTO `member_types` VALUES (26, 1, '606', '尊享全能次卡', 606, 10, NULL, NULL, 20, 1.0000, NULL, 0, 720, 1, '原价1680 会员特惠价1350；全场项目通用×20次，有效期24个月', '2026-05-27 12:39:21.102421', '2026-05-27 12:39:21.102421', 0);
INSERT INTO `member_types` VALUES (27, 1, '0008', '黄金会员测试', 607, 0, NULL, 1000.00, NULL, 0.9500, 10.00, NULL, NULL, 1, NULL, '2026-06-08 11:37:57.564964', '2026-06-08 11:37:57.564964', 0);
INSERT INTO `member_types` VALUES (28, 1, '00082', '头部放松按摩', 608, 10, 29, NULL, 20, 1.0000, NULL, 0, NULL, 0, '头部放松按摩', '2026-06-08 11:42:16.917913', '2026-06-08 13:38:19.913156', 1);

-- ----------------------------
-- Table structure for members
-- ----------------------------
DROP TABLE IF EXISTS `members`;
CREATE TABLE `members`  (
  `Id` bigint NOT NULL AUTO_INCREMENT,
  `TenantId` bigint NULL DEFAULT NULL,
  `StoreId` bigint NOT NULL,
  `CardNo` varchar(32) CHARACTER SET utf8mb4 COLLATE utf8mb4_0900_ai_ci NOT NULL,
  `Phone` varchar(32) CHARACTER SET utf8mb4 COLLATE utf8mb4_0900_ai_ci NOT NULL,
  `Name` varchar(64) CHARACTER SET utf8mb4 COLLATE utf8mb4_0900_ai_ci NULL DEFAULT NULL,
  `Gender` varchar(8) CHARACTER SET utf8mb4 COLLATE utf8mb4_0900_ai_ci NULL DEFAULT NULL,
  `Birthday` datetime(6) NULL DEFAULT NULL,
  `Balance` decimal(18, 2) NOT NULL,
  `TotalRecharge` decimal(18, 2) NOT NULL,
  `TotalConsumed` decimal(18, 2) NOT NULL,
  `Discount` decimal(5, 4) NOT NULL,
  `Remark` varchar(500) CHARACTER SET utf8mb4 COLLATE utf8mb4_0900_ai_ci NULL DEFAULT NULL,
  `CreatedAt` datetime(6) NOT NULL,
  `UpdatedAt` datetime(6) NOT NULL,
  `IsDeleted` tinyint(1) NOT NULL,
  `HealthNotes` varchar(1000) CHARACTER SET utf8mb4 COLLATE utf8mb4_0900_ai_ci NULL DEFAULT NULL,
  `Level` int NOT NULL DEFAULT 0,
  `PreferenceNotes` varchar(500) CHARACTER SET utf8mb4 COLLATE utf8mb4_0900_ai_ci NULL DEFAULT NULL,
  `CloseReason` varchar(200) CHARACTER SET utf8mb4 COLLATE utf8mb4_0900_ai_ci NULL DEFAULT NULL,
  `ClosedAt` datetime(6) NULL DEFAULT NULL,
  `IsActive` tinyint(1) NOT NULL DEFAULT 1,
  `ReferralRewardEarned` decimal(18, 2) NOT NULL DEFAULT 0.00,
  `ReferredByMemberId` bigint NULL DEFAULT NULL,
  `WechatOpenId` varchar(64) CHARACTER SET utf8mb4 COLLATE utf8mb4_0900_ai_ci NULL DEFAULT NULL,
  `MemberTypeId` bigint NULL DEFAULT NULL,
  `ReferredByStaffId` bigint NULL DEFAULT NULL,
  PRIMARY KEY (`Id`) USING BTREE,
  UNIQUE INDEX `IX_members_TenantId_CardNo`(`TenantId` ASC, `CardNo` ASC) USING BTREE,
  INDEX `IX_members_StoreId`(`StoreId` ASC) USING BTREE,
  INDEX `IX_members_TenantId_Phone`(`TenantId` ASC, `Phone` ASC) USING BTREE,
  INDEX `IX_members_ReferredByMemberId`(`ReferredByMemberId` ASC) USING BTREE,
  INDEX `IX_members_WechatOpenId`(`WechatOpenId` ASC) USING BTREE,
  INDEX `IX_members_MemberTypeId`(`MemberTypeId` ASC) USING BTREE,
  INDEX `IX_members_ReferredByStaffId`(`ReferredByStaffId` ASC) USING BTREE,
  CONSTRAINT `FK_members_member_types_MemberTypeId` FOREIGN KEY (`MemberTypeId`) REFERENCES `member_types` (`Id`) ON DELETE SET NULL ON UPDATE RESTRICT,
  CONSTRAINT `FK_members_members_ReferredByMemberId` FOREIGN KEY (`ReferredByMemberId`) REFERENCES `members` (`Id`) ON DELETE SET NULL ON UPDATE RESTRICT,
  CONSTRAINT `FK_members_stores_StoreId` FOREIGN KEY (`StoreId`) REFERENCES `stores` (`Id`) ON DELETE RESTRICT ON UPDATE RESTRICT,
  CONSTRAINT `FK_members_tenants_TenantId` FOREIGN KEY (`TenantId`) REFERENCES `tenants` (`Id`) ON DELETE CASCADE ON UPDATE RESTRICT,
  CONSTRAINT `FK_members_users_ReferredByStaffId` FOREIGN KEY (`ReferredByStaffId`) REFERENCES `users` (`Id`) ON DELETE SET NULL ON UPDATE RESTRICT
) ENGINE = InnoDB AUTO_INCREMENT = 20 CHARACTER SET = utf8mb4 COLLATE = utf8mb4_0900_ai_ci ROW_FORMAT = Dynamic;

-- ----------------------------
-- Records of members
-- ----------------------------
INSERT INTO `members` VALUES (1, 1, 1, '18001169457', '18001169457', '黄丽霞', '女', NULL, 229.01, 300.00, 100.99, 1.0000, NULL, '2026-05-25 10:30:40.241034', '2026-06-19 19:53:48.775917', 0, NULL, 0, NULL, NULL, NULL, 1, 0.00, NULL, NULL, 1, NULL);
INSERT INTO `members` VALUES (2, 1, 1, '18001169452', '18001169457', '黄丽霞', NULL, NULL, 410.00, 480.00, 70.00, 1.0000, NULL, '2026-05-25 10:31:47.520169', '2026-05-26 03:27:59.429427', 0, NULL, 0, NULL, NULL, NULL, 1, 0.00, NULL, NULL, 5, NULL);
INSERT INTO `members` VALUES (3, 1, 1, '1800116945703', '18001169457', '黄丽霞', NULL, NULL, 1049.17, 1050.00, 0.83, 1.0000, NULL, '2026-05-26 03:26:33.220829', '2026-05-27 02:20:03.796022', 0, NULL, 0, NULL, NULL, NULL, 1, 0.00, NULL, NULL, 6, NULL);
INSERT INTO `members` VALUES (4, 1, 1, '1800116945704', '18001169457', '黄丽霞', '男', NULL, 0.00, 1000.00, 1150.00, 1.0000, NULL, '2026-05-26 03:26:52.541991', '2026-06-19 19:53:48.775917', 0, NULL, 0, NULL, NULL, NULL, 1, 0.00, NULL, NULL, 3, NULL);
INSERT INTO `members` VALUES (5, 1, 1, '1800116945705', '18001169457', '黄丽霞', '男', '2026-05-15 00:00:00.000000', 0.00, 2000.00, 3046.33, 0.9000, NULL, '2026-05-26 09:00:51.533057', '2026-06-12 09:14:01.305239', 0, NULL, 0, NULL, NULL, NULL, 1, 0.00, NULL, NULL, 4, NULL);
INSERT INTO `members` VALUES (6, 1, 1, '18911916819', '18911916819', '向丁丁', NULL, NULL, 1564.00, 2000.00, 1604.00, 0.9000, NULL, '2026-05-26 10:58:20.388403', '2026-06-12 09:14:24.644943', 0, NULL, 0, NULL, NULL, NULL, 1, 0.00, NULL, NULL, 4, NULL);
INSERT INTO `members` VALUES (7, 1, 1, '1891191681902', '18911916819', '向丁丁', '男', NULL, 1045.00, 1050.00, 5.00, 1.0000, NULL, '2026-05-27 02:50:19.499211', '2026-05-27 13:58:01.731812', 0, NULL, 0, NULL, NULL, NULL, 1, 0.00, 4, NULL, 6, NULL);
INSERT INTO `members` VALUES (8, 1, 1, '1326426706401', '13264267064', '张美女', '女', NULL, 2350.00, 2000.00, 0.00, 0.9000, NULL, '2026-05-27 03:06:16.765626', '2026-05-27 03:20:27.355525', 0, NULL, 0, NULL, NULL, NULL, 1, 0.00, 5, NULL, 4, NULL);
INSERT INTO `members` VALUES (9, 1, 1, '1326426706402', '13264267064', '张美女', '女', NULL, 511.00, 600.00, 174.00, 1.0000, NULL, '2026-05-27 03:07:13.837889', '2026-06-07 18:15:14.838678', 0, NULL, 0, NULL, NULL, NULL, 1, 25.00, NULL, NULL, 1, NULL);
INSERT INTO `members` VALUES (10, 1, 1, '1326426706403', '13264267064', '张美女', '女', NULL, 0.00, 500.00, 0.00, 1.0000, NULL, '2026-05-27 03:07:22.687140', '2026-05-27 03:22:47.710860', 0, NULL, 0, NULL, '卡转赠（转赠至 1800116945705）', '2026-05-27 03:22:47.674585', 0, 0.00, NULL, NULL, 2, NULL);
INSERT INTO `members` VALUES (11, 1, 1, '1342746194', '1342746194', '张阿姨', '女', NULL, 0.00, 300.00, 0.00, 1.0000, NULL, '2026-05-29 07:36:18.273033', '2026-05-29 07:36:50.740784', 0, NULL, 0, NULL, '退卡', '2026-05-29 07:36:50.740092', 0, 0.00, NULL, NULL, 1, NULL);
INSERT INTO `members` VALUES (12, 1, 1, '1352040902001', '13520409020', '向丁丁', '男', '2026-06-02 16:00:00.000000', 5000.00, 4300.00, 0.00, 0.9000, NULL, '2026-06-05 15:40:30.774118', '2026-06-05 16:35:53.314393', 0, NULL, 0, NULL, NULL, NULL, 1, 0.00, 5, NULL, 4, NULL);
INSERT INTO `members` VALUES (13, 1, 1, '1352040902002', '13520409020', '向丁丁', NULL, NULL, 1050.00, 1050.00, 0.00, 1.0000, NULL, '2026-06-05 16:36:59.382649', '2026-06-05 16:36:59.382649', 0, NULL, 0, NULL, NULL, NULL, 1, 0.00, NULL, NULL, 6, NULL);
INSERT INTO `members` VALUES (14, 1, 1, '1800138670901', '18001386709', '向书齐', '男', NULL, 0.00, 300.00, 0.00, 1.0000, NULL, '2026-06-07 18:10:48.148627', '2026-06-08 11:01:05.066251', 0, NULL, 0, NULL, '转增（转赠至 18001387709）', '2026-06-08 03:01:05.066041', 0, 15.00, NULL, NULL, 1, 4);
INSERT INTO `members` VALUES (15, 1, 1, '180000000', '180000000', '张老二', '男', NULL, 0.00, 500.00, 0.00, 1.0000, '提成测试。', '2026-06-07 18:15:14.811837', '2026-06-08 10:46:08.933263', 0, NULL, 0, NULL, '原路退回', '2026-06-08 02:46:08.908402', 0, 0.00, 9, NULL, 2, 3);
INSERT INTO `members` VALUES (16, 1, 1, '1810138670901', '18101386709', '胡益华', '男', NULL, 0.00, 300.00, 0.00, 1.0000, '向向书齐返佣15元。', '2026-06-07 20:24:47.095151', '2026-06-08 10:57:22.890152', 0, NULL, 0, NULL, '不想要了。（转赠至 1800138670901）', '2026-06-08 02:57:22.889285', 0, 0.00, 14, NULL, 1, 3);
INSERT INTO `members` VALUES (17, 1, 1, '1810138670902', '18101386709', '胡益华', NULL, NULL, 0.00, 480.00, 0.00, 1.0000, NULL, '2026-06-08 08:37:04.923866', '2026-06-08 09:14:50.158135', 0, NULL, 0, NULL, '不需要了。', '2026-06-08 01:14:50.157246', 0, 0.00, NULL, NULL, 5, 4);
INSERT INTO `members` VALUES (18, 1, 1, '18001387709', '18001387709', '胡先生', NULL, NULL, 675.00, 0.00, 0.00, 1.0000, NULL, '2026-06-08 11:01:05.056183', '2026-06-08 11:01:05.066251', 0, NULL, 0, NULL, NULL, NULL, 1, 0.00, NULL, NULL, NULL, NULL);
INSERT INTO `members` VALUES (19, 1, 2, '1384388816801', '13843888168', '张同于', '男', NULL, 330.00, 300.00, 0.00, 1.0000, NULL, '2026-06-12 14:43:54.821130', '2026-06-12 14:43:54.821130', 0, NULL, 0, NULL, NULL, NULL, 1, 0.00, NULL, NULL, 17, 10);

-- ----------------------------
-- Table structure for notification_outbox
-- ----------------------------
DROP TABLE IF EXISTS `notification_outbox`;
CREATE TABLE `notification_outbox`  (
  `Id` bigint NOT NULL AUTO_INCREMENT,
  `TenantId` bigint NULL DEFAULT NULL,
  `Kind` int NOT NULL,
  `Status` int NOT NULL,
  `DedupKey` varchar(128) CHARACTER SET utf8mb4 COLLATE utf8mb4_0900_ai_ci NOT NULL,
  `MemberId` bigint NULL DEFAULT NULL,
  `RecipientOpenId` varchar(64) CHARACTER SET utf8mb4 COLLATE utf8mb4_0900_ai_ci NULL DEFAULT NULL,
  `RecipientPhone` varchar(32) CHARACTER SET utf8mb4 COLLATE utf8mb4_0900_ai_ci NULL DEFAULT NULL,
  `Title` varchar(200) CHARACTER SET utf8mb4 COLLATE utf8mb4_0900_ai_ci NOT NULL,
  `Body` varchar(500) CHARACTER SET utf8mb4 COLLATE utf8mb4_0900_ai_ci NOT NULL,
  `PayloadJson` json NULL,
  `RelatedEntityId` bigint NULL DEFAULT NULL,
  `ScheduledAt` datetime(6) NOT NULL,
  `SentAt` datetime(6) NULL DEFAULT NULL,
  `RetryCount` int NOT NULL,
  `ErrorMessage` varchar(500) CHARACTER SET utf8mb4 COLLATE utf8mb4_0900_ai_ci NULL DEFAULT NULL,
  `CreatedAt` datetime(6) NOT NULL,
  `UpdatedAt` datetime(6) NOT NULL,
  `IsDeleted` tinyint(1) NOT NULL,
  PRIMARY KEY (`Id`) USING BTREE,
  UNIQUE INDEX `IX_notification_outbox_TenantId_DedupKey`(`TenantId` ASC, `DedupKey` ASC) USING BTREE,
  INDEX `IX_notification_outbox_MemberId`(`MemberId` ASC) USING BTREE,
  INDEX `IX_notification_outbox_Status_ScheduledAt`(`Status` ASC, `ScheduledAt` ASC) USING BTREE,
  INDEX `IX_notification_outbox_TenantId_Kind_Status`(`TenantId` ASC, `Kind` ASC, `Status` ASC) USING BTREE,
  CONSTRAINT `FK_notification_outbox_members_MemberId` FOREIGN KEY (`MemberId`) REFERENCES `members` (`Id`) ON DELETE SET NULL ON UPDATE RESTRICT
) ENGINE = InnoDB AUTO_INCREMENT = 18 CHARACTER SET = utf8mb4 COLLATE = utf8mb4_0900_ai_ci ROW_FORMAT = Dynamic;

-- ----------------------------
-- Records of notification_outbox
-- ----------------------------
INSERT INTO `notification_outbox` VALUES (1, 1, 30, 10, 'Recharge:9:639154490185372702', 9, NULL, '13264267064', '充值到账', '充值 ¥300.00 + 赠送 ¥30.00 已到账，余额 ¥660.00', NULL, NULL, '2026-05-27 03:23:38.538502', '2026-05-27 03:28:05.557281', 0, NULL, '2026-05-27 03:23:38.561738', '2026-05-27 03:28:05.557426', 0);
INSERT INTO `notification_outbox` VALUES (2, 1, 40, 10, 'Complaint:2:639155498546520858', 4, NULL, NULL, '客户投诉登记', '订单 O20260526055851193 投诉技师 张田军（丁丁）', NULL, 2, '2026-05-28 07:24:14.652707', '2026-05-28 07:25:20.828980', 0, NULL, '2026-05-28 07:24:14.677219', '2026-05-28 07:25:20.834461', 0);
INSERT INTO `notification_outbox` VALUES (3, 1, 40, 10, 'Complaint:1:639155498880590440', 2, NULL, NULL, '客户投诉登记', '订单 O20260526032759688 投诉技师 黄芪辉（问问）', NULL, 1, '2026-05-28 07:24:48.059054', '2026-05-28 07:25:20.831774', 0, NULL, '2026-05-28 07:24:48.059128', '2026-05-28 07:25:20.834461', 0);
INSERT INTO `notification_outbox` VALUES (4, 1, 40, 10, 'Complaint:5:639155499164924361', 4, NULL, NULL, '客户投诉登记', '订单 O20260526060057537 投诉技师 张田军（大沙发）', NULL, 5, '2026-05-28 07:25:16.492464', '2026-05-28 07:25:20.834459', 0, NULL, '2026-05-28 07:25:16.493373', '2026-05-28 07:25:20.834461', 0);
INSERT INTO `notification_outbox` VALUES (5, 1, 40, 10, 'Complaint:10:639155508850955985', 4, NULL, NULL, '客户投诉登记', '订单 O20260526060658622 投诉技师 黄芪辉', NULL, 10, '2026-05-28 07:41:25.095629', '2026-05-28 08:07:02.750683', 0, NULL, '2026-05-28 07:41:25.095759', '2026-05-28 08:07:02.751269', 0);
INSERT INTO `notification_outbox` VALUES (6, 1, 40, 10, 'Complaint:123:639155524882180547', NULL, NULL, NULL, '客户投诉登记', '订单 O20260528030042418 投诉技师 张田军（服务态度差）', NULL, 123, '2026-05-28 08:08:08.218610', '2026-05-28 08:12:02.929614', 0, NULL, '2026-05-28 08:08:08.220088', '2026-05-28 08:12:02.932370', 0);
INSERT INTO `notification_outbox` VALUES (7, 1, 40, 10, 'Complaint:63:639155525201530957', 5, NULL, NULL, '客户投诉登记', '订单 O20260527133654520 投诉技师 黄芪辉（啊啊）', NULL, 63, '2026-05-28 08:08:40.153129', '2026-05-28 08:12:02.932368', 0, NULL, '2026-05-28 08:08:40.153265', '2026-05-28 08:12:02.932370', 0);
INSERT INTO `notification_outbox` VALUES (8, 1, 40, 10, 'ComplaintAnon:1:639155557719648532', NULL, NULL, NULL, '客户投诉登记', '匿名投诉，针对技师 #4（服务差）', NULL, NULL, '2026-05-28 09:02:52.072189', '2026-05-28 09:06:57.553990', 0, NULL, '2026-05-28 09:02:52.102690', '2026-05-28 09:06:57.557940', 0);
INSERT INTO `notification_outbox` VALUES (9, 1, 40, 10, 'Complaint:124:639155557936113113', NULL, NULL, NULL, '客户投诉登记', '订单 O20260528081031445 投诉技师 张田军（按出血了。）', NULL, 124, '2026-05-28 09:03:13.623077', '2026-05-28 09:06:57.557938', 0, NULL, '2026-05-28 09:03:13.623135', '2026-05-28 09:06:57.557940', 0);
INSERT INTO `notification_outbox` VALUES (10, 1, 40, 10, 'Complaint:124:639155560176879784', NULL, NULL, NULL, '客户投诉登记', '订单 O20260528081031445 投诉技师 张田军（额外热无）', NULL, 124, '2026-05-28 09:06:57.691398', '2026-05-28 09:11:57.577302', 0, NULL, '2026-05-28 09:06:57.691440', '2026-05-28 09:11:57.577303', 0);
INSERT INTO `notification_outbox` VALUES (11, 1, 40, 10, 'Complaint:148:639158946806158162', NULL, NULL, NULL, '客户投诉登记', '订单 O20260601035907456 投诉技师 黄芪辉', NULL, 148, '2026-06-01 07:11:20.623173', '2026-06-01 07:14:13.116608', 0, NULL, '2026-06-01 07:11:20.647685', '2026-06-01 07:14:13.116716', 0);
INSERT INTO `notification_outbox` VALUES (12, 1, 20, 10, 'Apt:7', NULL, NULL, '18911916819', '预约提醒', '黄先生 您好，您预约的服务约 18:15 到店，请按时前往。', NULL, 7, '2026-06-03 09:47:25.420181', '2026-06-03 09:47:25.549842', 0, NULL, '2026-06-03 17:47:25.500896', '2026-06-03 17:47:25.549957', 0);
INSERT INTO `notification_outbox` VALUES (13, 1, 20, 10, 'Apt:8', NULL, NULL, '15001169457', '预约提醒', '黄先生 您好，您预约的服务约 11:38 到店，请按时前往。', NULL, 8, '2026-06-05 03:11:50.888517', '2026-06-05 03:11:50.984467', 0, NULL, '2026-06-05 11:11:50.949198', '2026-06-05 11:11:50.984566', 0);
INSERT INTO `notification_outbox` VALUES (14, 1, 30, 10, 'Recharge:12:639162453532864208', 12, NULL, '13520409020', '充值到账', '充值 ¥2300.00 + 赠送 ¥350.00 已到账，余额 ¥5000.00', NULL, NULL, '2026-06-05 08:35:53.287034', '2026-06-05 08:40:50.261239', 0, NULL, '2026-06-05 16:35:53.314393', '2026-06-05 16:40:50.261313', 0);
INSERT INTO `notification_outbox` VALUES (15, 1, 40, 10, 'ComplaintAnon:1:639165664108132176', NULL, NULL, NULL, '客户投诉登记', '匿名投诉，针对技师 #5（石端胜）', NULL, NULL, '2026-06-09 01:46:50.840461', '2026-06-09 01:49:19.445328', 0, NULL, '2026-06-09 09:46:50.861686', '2026-06-09 09:49:19.445385', 0);
INSERT INTO `notification_outbox` VALUES (16, 1, 40, 10, 'Complaint:210:639165691266709547', NULL, NULL, NULL, '客户投诉登记', '订单 O20260609014301378 投诉技师 黄芪辉（态度差,力度不合适,技术生疏）', NULL, 210, '2026-06-09 02:32:06.677231', '2026-06-09 02:34:19.436401', 0, NULL, '2026-06-09 10:32:06.677550', '2026-06-09 10:34:19.436404', 0);
INSERT INTO `notification_outbox` VALUES (17, 1, 40, 10, 'ComplaintAnon:1:639165728931672352', NULL, NULL, NULL, '客户投诉登记', '匿名投诉，针对技师 #6（力度不合适,技术生疏）', NULL, NULL, '2026-06-09 03:34:53.168320', '2026-06-09 03:39:19.461375', 0, NULL, '2026-06-09 11:34:53.168680', '2026-06-09 11:39:19.461378', 0);

-- ----------------------------
-- Table structure for order_items
-- ----------------------------
DROP TABLE IF EXISTS `order_items`;
CREATE TABLE `order_items`  (
  `Id` bigint NOT NULL AUTO_INCREMENT,
  `TenantId` bigint NULL DEFAULT NULL,
  `OrderId` bigint NOT NULL,
  `ServiceId` bigint NOT NULL,
  `TechnicianId` bigint NOT NULL,
  `ServiceName` varchar(200) CHARACTER SET utf8mb4 COLLATE utf8mb4_0900_ai_ci NOT NULL,
  `DurationMinutes` int NOT NULL,
  `UnitPrice` decimal(18, 2) NOT NULL,
  `Quantity` int NOT NULL,
  `ItemTotal` decimal(18, 2) NOT NULL,
  `CommissionAmount` decimal(18, 2) NOT NULL,
  `RoomId` bigint NULL DEFAULT NULL,
  `RoomNoSnapshot` varchar(32) CHARACTER SET utf8mb4 COLLATE utf8mb4_0900_ai_ci NULL DEFAULT NULL,
  `PreviousTechnicianId` bigint NULL DEFAULT NULL,
  `TransferredAt` datetime(6) NULL DEFAULT NULL,
  `TransferReason` varchar(200) CHARACTER SET utf8mb4 COLLATE utf8mb4_0900_ai_ci NULL DEFAULT NULL,
  `CreatedAt` datetime(6) NOT NULL,
  `UpdatedAt` datetime(6) NOT NULL,
  `IsDeleted` tinyint(1) NOT NULL,
  `IsAddOn` tinyint(1) NOT NULL DEFAULT 0,
  `MemberPackageId` bigint NULL DEFAULT NULL,
  `TipAmount` decimal(18, 2) NOT NULL DEFAULT 0.00,
  `ComplaintTransferred` tinyint(1) NOT NULL DEFAULT 0,
  `MergedGroupKey` varchar(36) CHARACTER SET utf8mb4 COLLATE utf8mb4_0900_ai_ci NULL DEFAULT NULL,
  `ListUnitPrice` decimal(18, 2) NOT NULL DEFAULT 0.00,
  `AssignmentSource` int NOT NULL DEFAULT 0,
  PRIMARY KEY (`Id`) USING BTREE,
  INDEX `IX_order_items_OrderId`(`OrderId` ASC) USING BTREE,
  INDEX `IX_order_items_RoomId`(`RoomId` ASC) USING BTREE,
  INDEX `IX_order_items_ServiceId`(`ServiceId` ASC) USING BTREE,
  INDEX `IX_order_items_TechnicianId`(`TechnicianId` ASC) USING BTREE,
  INDEX `IX_order_items_TenantId_TechnicianId_CreatedAt`(`TenantId` ASC, `TechnicianId` ASC, `CreatedAt` ASC) USING BTREE,
  INDEX `IX_order_items_MemberPackageId`(`MemberPackageId` ASC) USING BTREE,
  CONSTRAINT `FK_order_items_member_packages_MemberPackageId` FOREIGN KEY (`MemberPackageId`) REFERENCES `member_packages` (`Id`) ON DELETE SET NULL ON UPDATE RESTRICT,
  CONSTRAINT `FK_order_items_orders_OrderId` FOREIGN KEY (`OrderId`) REFERENCES `orders` (`Id`) ON DELETE CASCADE ON UPDATE RESTRICT,
  CONSTRAINT `FK_order_items_rooms_RoomId` FOREIGN KEY (`RoomId`) REFERENCES `rooms` (`Id`) ON DELETE SET NULL ON UPDATE RESTRICT,
  CONSTRAINT `FK_order_items_service_items_ServiceId` FOREIGN KEY (`ServiceId`) REFERENCES `service_items` (`Id`) ON DELETE RESTRICT ON UPDATE RESTRICT,
  CONSTRAINT `FK_order_items_users_TechnicianId` FOREIGN KEY (`TechnicianId`) REFERENCES `users` (`Id`) ON DELETE RESTRICT ON UPDATE RESTRICT
) ENGINE = InnoDB AUTO_INCREMENT = 224 CHARACTER SET = utf8mb4 COLLATE = utf8mb4_0900_ai_ci ROW_FORMAT = Dynamic;

-- ----------------------------
-- Records of order_items
-- ----------------------------
INSERT INTO `order_items` VALUES (1, 1, 1, 1, 5, '全身推拿', 60, 70.00, 1, 70.00, 0.00, NULL, NULL, NULL, NULL, NULL, '2026-05-26 03:27:59.197747', '2026-05-26 03:27:59.197747', 0, 0, NULL, 0.00, 0, NULL, 0.00, 0);
INSERT INTO `order_items` VALUES (2, 1, 2, 3, 4, '腰背推拿', 40, 46.00, 1, 46.00, 0.00, NULL, NULL, NULL, NULL, NULL, '2026-05-26 05:58:51.208745', '2026-05-26 05:58:51.208745', 0, 0, NULL, 0.00, 0, NULL, 0.00, 0);
INSERT INTO `order_items` VALUES (3, 1, 2, 1, 5, '全身推拿', 60, 70.00, 1, 70.00, 0.00, NULL, NULL, NULL, NULL, NULL, '2026-05-26 05:58:51.208745', '2026-05-26 05:58:51.208745', 0, 0, NULL, 0.00, 0, NULL, 0.00, 0);
INSERT INTO `order_items` VALUES (4, 1, 3, 1, 4, '全身推拿', 60, 70.00, 1, 70.00, 0.00, NULL, NULL, NULL, NULL, NULL, '2026-05-26 06:00:57.066303', '2026-05-26 06:00:57.066303', 0, 0, NULL, 0.00, 0, NULL, 0.00, 0);
INSERT INTO `order_items` VALUES (5, 1, 3, 2, 4, '肩颈专项按摩', 40, 48.00, 1, 48.00, 0.00, NULL, NULL, NULL, NULL, NULL, '2026-05-26 06:00:57.066303', '2026-05-26 06:00:57.066303', 0, 0, NULL, 0.00, 0, NULL, 0.00, 0);
INSERT INTO `order_items` VALUES (6, 1, 4, 1, 4, '全身推拿', 60, 0.00, 2, 0.00, 0.00, NULL, NULL, NULL, NULL, NULL, '2026-05-26 06:03:00.477553', '2026-05-26 06:03:00.477553', 0, 0, 2, 0.00, 0, NULL, 0.00, 0);
INSERT INTO `order_items` VALUES (7, 1, 5, 1, 5, '全身推拿', 60, 0.00, 1, 0.00, 0.00, NULL, NULL, NULL, NULL, NULL, '2026-05-26 06:04:48.034660', '2026-05-26 06:04:48.034660', 0, 0, 2, 0.00, 0, NULL, 0.00, 0);
INSERT INTO `order_items` VALUES (8, 1, 5, 1, 4, '全身推拿', 60, 0.00, 1, 0.00, 0.00, NULL, NULL, NULL, NULL, NULL, '2026-05-26 06:04:48.034660', '2026-05-26 06:04:48.034660', 0, 0, 2, 0.00, 0, NULL, 0.00, 0);
INSERT INTO `order_items` VALUES (9, 1, 5, 1, 4, '全身推拿', 60, 0.00, 1, 0.00, 0.00, NULL, NULL, NULL, NULL, NULL, '2026-05-26 06:04:48.034660', '2026-05-26 06:04:48.034660', 0, 0, 2, 0.00, 0, NULL, 0.00, 0);
INSERT INTO `order_items` VALUES (10, 1, 6, 1, 5, '全身推拿', 60, 70.00, 1, 70.00, 0.00, NULL, NULL, NULL, NULL, NULL, '2026-05-26 06:06:58.887509', '2026-05-26 06:06:58.887509', 0, 0, NULL, 0.00, 0, NULL, 0.00, 0);
INSERT INTO `order_items` VALUES (11, 1, 6, 1, 4, '全身推拿', 60, 70.00, 1, 70.00, 0.00, NULL, NULL, NULL, NULL, NULL, '2026-05-26 06:06:58.887509', '2026-05-26 06:06:58.887509', 0, 0, NULL, 0.00, 0, NULL, 0.00, 0);
INSERT INTO `order_items` VALUES (12, 1, 6, 1, 4, '全身推拿', 60, 70.00, 1, 70.00, 0.00, NULL, NULL, NULL, NULL, NULL, '2026-05-26 06:06:58.887509', '2026-05-26 06:06:58.887509', 0, 0, NULL, 0.00, 0, NULL, 0.00, 0);
INSERT INTO `order_items` VALUES (13, 1, 7, 1, 5, '全身推拿', 60, 0.00, 1, 0.00, 0.00, NULL, NULL, NULL, NULL, NULL, '2026-05-26 06:08:00.849530', '2026-05-26 06:08:00.849530', 0, 0, 2, 0.00, 0, NULL, 0.00, 0);
INSERT INTO `order_items` VALUES (14, 1, 7, 1, 4, '全身推拿', 60, 0.00, 1, 0.00, 0.00, NULL, NULL, NULL, NULL, NULL, '2026-05-26 06:08:00.849530', '2026-05-26 06:08:00.849530', 0, 0, 2, 0.00, 0, NULL, 0.00, 0);
INSERT INTO `order_items` VALUES (15, 1, 7, 1, 4, '全身推拿', 60, 0.00, 1, 0.00, 0.00, NULL, NULL, NULL, NULL, NULL, '2026-05-26 06:08:00.849530', '2026-05-26 06:08:00.849530', 0, 0, 2, 0.00, 0, NULL, 0.00, 0);
INSERT INTO `order_items` VALUES (16, 1, 8, 1, 4, '全身推拿', 60, 0.00, 3, 0.00, 0.00, NULL, NULL, NULL, NULL, NULL, '2026-05-26 07:47:05.025903', '2026-05-26 07:47:05.025903', 0, 0, 2, 0.00, 0, NULL, 70.00, 0);
INSERT INTO `order_items` VALUES (17, 1, 9, 4, 4, '尊享养生套餐', 120, 208.00, 1, 208.00, 0.00, NULL, NULL, NULL, NULL, NULL, '2026-05-26 07:52:12.020926', '2026-05-26 07:52:12.020926', 0, 0, NULL, 0.00, 0, NULL, 208.00, 0);
INSERT INTO `order_items` VALUES (18, 1, 10, 1, 4, '全身推拿', 60, 70.00, 1, 70.00, 0.00, 1, '雅间1号房', NULL, NULL, NULL, '2026-05-26 10:38:17.361033', '2026-05-26 10:38:17.361033', 0, 0, NULL, 0.00, 0, NULL, 70.00, 0);
INSERT INTO `order_items` VALUES (19, 1, 10, 6, 5, '一次性床单', 60, 5.00, 1, 5.00, 0.00, NULL, NULL, NULL, NULL, NULL, '2026-05-26 10:38:17.361033', '2026-05-26 10:38:17.361033', 0, 0, NULL, 0.00, 0, NULL, 5.00, 0);
INSERT INTO `order_items` VALUES (20, 1, 11, 1, 4, '全身推拿', 60, 70.00, 1, 70.00, 0.00, NULL, NULL, NULL, NULL, NULL, '2026-05-26 10:42:43.660022', '2026-05-26 10:42:43.660022', 0, 0, NULL, 0.00, 0, NULL, 70.00, 0);
INSERT INTO `order_items` VALUES (21, 1, 11, 2, 5, '肩颈专项按摩', 40, 48.00, 1, 48.00, 0.00, NULL, NULL, NULL, NULL, NULL, '2026-05-26 10:42:43.660022', '2026-05-26 10:42:43.660022', 0, 0, NULL, 0.00, 0, NULL, 48.00, 0);
INSERT INTO `order_items` VALUES (22, 1, 12, 1, 4, '全身推拿', 60, 70.00, 1, 70.00, 0.00, NULL, NULL, NULL, NULL, NULL, '2026-05-26 10:43:43.716720', '2026-05-26 10:43:43.716720', 0, 0, NULL, 0.00, 0, NULL, 70.00, 0);
INSERT INTO `order_items` VALUES (23, 1, 12, 2, 5, '肩颈专项按摩', 40, 48.00, 1, 48.00, 0.00, NULL, NULL, NULL, NULL, NULL, '2026-05-26 10:43:43.716720', '2026-05-26 10:43:43.716720', 0, 0, NULL, 0.00, 0, NULL, 48.00, 0);
INSERT INTO `order_items` VALUES (24, 1, 13, 1, 4, '全身推拿', 60, 88.00, 1, 88.00, 0.00, NULL, NULL, NULL, NULL, NULL, '2026-05-26 10:45:01.629050', '2026-05-26 10:45:01.629050', 0, 0, NULL, 0.00, 0, NULL, 88.00, 0);
INSERT INTO `order_items` VALUES (25, 1, 14, 2, 5, '肩颈专项按摩', 40, 48.00, 1, 48.00, 0.00, NULL, NULL, NULL, NULL, NULL, '2026-05-26 11:29:07.863073', '2026-05-26 11:29:07.863073', 0, 0, NULL, 0.00, 0, NULL, 48.00, 0);
INSERT INTO `order_items` VALUES (26, 1, 16, 1, 4, '全身推拿', 60, 0.00, 1, 0.00, 0.00, NULL, NULL, NULL, NULL, NULL, '2026-05-27 02:20:03.638817', '2026-05-27 02:20:03.638817', 0, 0, 2, 0.00, 0, NULL, 70.00, 0);
INSERT INTO `order_items` VALUES (27, 1, 17, 1, 5, '全身推拿', 60, 70.00, 1, 70.00, 0.00, NULL, NULL, NULL, NULL, NULL, '2026-05-27 02:32:28.702678', '2026-05-27 02:32:28.702678', 0, 0, NULL, 0.00, 0, NULL, 70.00, 0);
INSERT INTO `order_items` VALUES (28, 1, 20, 3, 4, '腰背推拿', 40, 46.00, 1, 46.00, 0.00, NULL, NULL, NULL, NULL, NULL, '2026-05-27 09:08:24.559705', '2026-05-27 09:08:24.559705', 0, 0, NULL, 0.00, 0, NULL, 46.00, 10);
INSERT INTO `order_items` VALUES (29, 1, 21, 2, 4, '肩颈专项按摩', 40, 48.00, 1, 48.00, 0.00, NULL, NULL, NULL, NULL, NULL, '2026-05-27 09:41:15.548774', '2026-05-27 09:41:15.548774', 0, 0, NULL, 0.00, 0, NULL, 48.00, 10);
INSERT INTO `order_items` VALUES (30, 1, 21, 5, 4, '深度理疗套餐', 90, 126.00, 1, 126.00, 0.00, NULL, NULL, NULL, NULL, NULL, '2026-05-27 09:41:15.548774', '2026-05-27 09:41:15.548774', 0, 0, NULL, 0.00, 0, NULL, 126.00, 10);
INSERT INTO `order_items` VALUES (31, 1, 21, 6, 4, '一次性床单', 60, 5.00, 1, 5.00, 0.00, NULL, NULL, NULL, NULL, NULL, '2026-05-27 09:41:15.548774', '2026-05-27 09:41:15.548774', 0, 0, NULL, 0.00, 0, NULL, 5.00, 10);
INSERT INTO `order_items` VALUES (32, 1, 22, 2, 4, '肩颈专项按摩', 40, 48.00, 1, 48.00, 0.00, NULL, NULL, NULL, NULL, NULL, '2026-05-27 09:41:19.095801', '2026-05-27 09:41:19.095801', 0, 0, NULL, 0.00, 0, NULL, 48.00, 10);
INSERT INTO `order_items` VALUES (33, 1, 22, 5, 4, '深度理疗套餐', 90, 126.00, 1, 126.00, 0.00, NULL, NULL, NULL, NULL, NULL, '2026-05-27 09:41:19.095801', '2026-05-27 09:41:19.095801', 0, 0, NULL, 0.00, 0, NULL, 126.00, 10);
INSERT INTO `order_items` VALUES (34, 1, 22, 6, 4, '一次性床单', 60, 5.00, 1, 5.00, 0.00, NULL, NULL, NULL, NULL, NULL, '2026-05-27 09:41:19.095801', '2026-05-27 09:41:19.095801', 0, 0, NULL, 0.00, 0, NULL, 5.00, 10);
INSERT INTO `order_items` VALUES (35, 1, 23, 3, 5, '腰背推拿', 40, 46.00, 1, 46.00, 0.00, NULL, NULL, NULL, NULL, NULL, '2026-05-27 09:53:38.746527', '2026-05-27 09:53:38.746527', 0, 0, NULL, 0.00, 0, NULL, 46.00, 10);
INSERT INTO `order_items` VALUES (36, 1, 23, 6, 5, '一次性床单', 60, 5.00, 1, 5.00, 0.00, NULL, NULL, NULL, NULL, NULL, '2026-05-27 09:53:38.746527', '2026-05-27 09:53:38.746527', 0, 0, NULL, 0.00, 0, NULL, 5.00, 10);
INSERT INTO `order_items` VALUES (37, 1, 24, 3, 5, '腰背推拿', 40, 46.00, 1, 46.00, 0.00, NULL, NULL, NULL, NULL, NULL, '2026-05-27 09:53:56.783153', '2026-05-27 09:53:56.783153', 0, 0, NULL, 0.00, 0, NULL, 46.00, 10);
INSERT INTO `order_items` VALUES (38, 1, 24, 6, 5, '一次性床单', 60, 5.00, 1, 5.00, 0.00, NULL, NULL, NULL, NULL, NULL, '2026-05-27 09:53:56.783153', '2026-05-27 09:53:56.783153', 0, 0, NULL, 0.00, 0, NULL, 5.00, 10);
INSERT INTO `order_items` VALUES (39, 1, 25, 3, 5, '腰背推拿', 40, 46.00, 1, 46.00, 0.00, NULL, NULL, NULL, NULL, NULL, '2026-05-27 09:54:00.284840', '2026-05-27 09:54:00.284840', 0, 0, NULL, 0.00, 0, NULL, 46.00, 10);
INSERT INTO `order_items` VALUES (40, 1, 25, 6, 5, '一次性床单', 60, 5.00, 1, 5.00, 0.00, NULL, NULL, NULL, NULL, NULL, '2026-05-27 09:54:00.284840', '2026-05-27 09:54:00.284840', 0, 0, NULL, 0.00, 0, NULL, 5.00, 10);
INSERT INTO `order_items` VALUES (41, 1, 26, 3, 4, '腰背推拿', 40, 46.00, 1, 46.00, 0.00, NULL, NULL, 5, '2026-05-27 12:07:58.203644', NULL, '2026-05-27 09:54:18.240106', '2026-05-27 12:07:58.203738', 0, 0, NULL, 0.00, 0, NULL, 46.00, 10);
INSERT INTO `order_items` VALUES (42, 1, 26, 6, 4, '一次性床单', 60, 5.00, 1, 5.00, 0.00, 1, '雅间1号房', 5, '2026-05-27 12:08:04.679623', NULL, '2026-05-27 09:54:18.240106', '2026-05-27 12:08:04.679624', 0, 0, NULL, 0.00, 0, NULL, 5.00, 10);
INSERT INTO `order_items` VALUES (43, 1, 27, 4, 4, '尊享养生套餐', 120, 208.00, 1, 208.00, 0.00, NULL, '雅间1号房', NULL, NULL, NULL, '2026-05-27 12:15:46.645233', '2026-05-27 14:17:19.724631', 0, 0, NULL, 0.00, 0, NULL, 208.00, 10);
INSERT INTO `order_items` VALUES (44, 1, 28, 4, 4, '尊享养生套餐', 120, 166.00, 1, 166.00, 0.00, NULL, NULL, NULL, NULL, NULL, '2026-05-27 13:21:02.742956', '2026-05-27 13:21:02.742956', 0, 0, NULL, 0.00, 0, NULL, 166.00, 10);
INSERT INTO `order_items` VALUES (45, 1, 28, 32, 5, '刮痧理疗', 30, 36.00, 1, 36.00, 0.00, NULL, NULL, NULL, NULL, NULL, '2026-05-27 13:21:02.742956', '2026-05-27 13:21:02.742956', 0, 0, NULL, 0.00, 0, NULL, 36.00, 10);
INSERT INTO `order_items` VALUES (46, 1, 29, 27, 4, '肩颈专项按摩', 40, 46.00, 1, 46.00, 0.00, NULL, NULL, NULL, NULL, NULL, '2026-05-27 13:33:20.876811', '2026-05-27 13:33:20.876811', 0, 0, NULL, 0.00, 0, NULL, 46.00, 10);
INSERT INTO `order_items` VALUES (47, 1, 29, 38, 4, '关节舒缓调理', 40, 52.00, 1, 52.00, 0.00, NULL, NULL, NULL, NULL, NULL, '2026-05-27 13:33:20.876811', '2026-05-27 13:33:20.876811', 0, 0, NULL, 0.00, 0, NULL, 52.00, 10);
INSERT INTO `order_items` VALUES (48, 1, 29, 39, 5, '安神助眠头疗', 45, 48.00, 1, 48.00, 0.00, NULL, NULL, NULL, NULL, NULL, '2026-05-27 13:33:20.876811', '2026-05-27 13:33:20.876811', 0, 0, NULL, 0.00, 0, NULL, 48.00, 10);
INSERT INTO `order_items` VALUES (49, 1, 30, 27, 4, '肩颈专项按摩', 40, 46.00, 1, 46.00, 0.00, NULL, NULL, NULL, NULL, NULL, '2026-05-27 13:33:25.178093', '2026-05-27 13:33:25.178093', 0, 0, NULL, 0.00, 0, NULL, 46.00, 10);
INSERT INTO `order_items` VALUES (50, 1, 30, 38, 4, '关节舒缓调理', 40, 52.00, 1, 52.00, 0.00, NULL, NULL, NULL, NULL, NULL, '2026-05-27 13:33:25.178093', '2026-05-27 13:33:25.178093', 0, 0, NULL, 0.00, 0, NULL, 52.00, 10);
INSERT INTO `order_items` VALUES (51, 1, 30, 39, 5, '安神助眠头疗', 45, 48.00, 1, 48.00, 0.00, NULL, NULL, NULL, NULL, NULL, '2026-05-27 13:33:25.178093', '2026-05-27 13:33:25.178093', 0, 0, NULL, 0.00, 0, NULL, 48.00, 10);
INSERT INTO `order_items` VALUES (52, 1, 31, 27, 4, '肩颈专项按摩', 40, 46.00, 1, 46.00, 0.00, NULL, NULL, NULL, NULL, NULL, '2026-05-27 13:33:36.016230', '2026-05-27 13:33:36.016230', 0, 0, NULL, 0.00, 0, NULL, 46.00, 10);
INSERT INTO `order_items` VALUES (53, 1, 31, 38, 4, '关节舒缓调理', 40, 52.00, 1, 52.00, 0.00, NULL, NULL, NULL, NULL, NULL, '2026-05-27 13:33:36.016230', '2026-05-27 13:33:36.016230', 0, 0, NULL, 0.00, 0, NULL, 52.00, 10);
INSERT INTO `order_items` VALUES (54, 1, 31, 39, 5, '安神助眠头疗', 45, 48.00, 1, 48.00, 0.00, NULL, NULL, NULL, NULL, NULL, '2026-05-27 13:33:36.016230', '2026-05-27 13:33:36.016230', 0, 0, NULL, 0.00, 0, NULL, 48.00, 10);
INSERT INTO `order_items` VALUES (55, 1, 32, 27, 4, '肩颈专项按摩', 40, 46.00, 1, 46.00, 0.00, NULL, NULL, NULL, NULL, NULL, '2026-05-27 13:33:41.240368', '2026-05-27 13:33:41.240368', 0, 0, NULL, 0.00, 0, NULL, 46.00, 10);
INSERT INTO `order_items` VALUES (56, 1, 32, 38, 4, '关节舒缓调理', 40, 52.00, 1, 52.00, 0.00, NULL, NULL, NULL, NULL, NULL, '2026-05-27 13:33:41.240368', '2026-05-27 13:33:41.240368', 0, 0, NULL, 0.00, 0, NULL, 52.00, 10);
INSERT INTO `order_items` VALUES (57, 1, 32, 39, 5, '安神助眠头疗', 45, 48.00, 1, 48.00, 0.00, NULL, NULL, NULL, NULL, NULL, '2026-05-27 13:33:41.240368', '2026-05-27 13:33:41.240368', 0, 0, NULL, 0.00, 0, NULL, 48.00, 10);
INSERT INTO `order_items` VALUES (58, 1, 33, 27, 4, '肩颈专项按摩', 40, 46.00, 1, 46.00, 0.00, NULL, NULL, NULL, NULL, NULL, '2026-05-27 13:34:15.507735', '2026-05-27 13:34:15.507735', 0, 0, NULL, 0.00, 0, NULL, 46.00, 10);
INSERT INTO `order_items` VALUES (59, 1, 33, 38, 4, '关节舒缓调理', 40, 52.00, 1, 52.00, 0.00, NULL, NULL, NULL, NULL, NULL, '2026-05-27 13:34:15.507735', '2026-05-27 13:34:15.507735', 0, 0, NULL, 0.00, 0, NULL, 52.00, 10);
INSERT INTO `order_items` VALUES (60, 1, 33, 39, 5, '安神助眠头疗', 45, 48.00, 1, 48.00, 0.00, NULL, NULL, NULL, NULL, NULL, '2026-05-27 13:34:15.507735', '2026-05-27 13:34:15.507735', 0, 0, NULL, 0.00, 0, NULL, 48.00, 10);
INSERT INTO `order_items` VALUES (61, 1, 34, 27, 4, '肩颈专项按摩', 40, 46.00, 1, 46.00, 0.00, NULL, NULL, NULL, NULL, NULL, '2026-05-27 13:36:54.678116', '2026-05-27 13:36:54.678116', 0, 0, NULL, 0.00, 0, NULL, 46.00, 10);
INSERT INTO `order_items` VALUES (62, 1, 34, 38, 4, '关节舒缓调理', 40, 52.00, 1, 52.00, 0.00, NULL, NULL, NULL, NULL, NULL, '2026-05-27 13:36:54.678116', '2026-05-27 13:36:54.678116', 0, 0, NULL, 0.00, 0, NULL, 52.00, 10);
INSERT INTO `order_items` VALUES (63, 1, 34, 39, 5, '安神助眠头疗', 45, 48.00, 1, 48.00, 0.00, NULL, NULL, NULL, NULL, NULL, '2026-05-27 13:36:54.678116', '2026-05-27 13:36:54.678116', 0, 0, NULL, 0.00, 0, NULL, 48.00, 10);
INSERT INTO `order_items` VALUES (64, 1, 35, 6, 4, '一次性床单', 60, 5.00, 1, 5.00, 0.00, NULL, NULL, NULL, NULL, NULL, '2026-05-27 13:58:01.666750', '2026-05-27 13:58:01.666750', 0, 0, NULL, 0.00, 0, NULL, 5.00, 10);
INSERT INTO `order_items` VALUES (65, 1, 35, 1, 4, '全身推拿', 60, 0.00, 1, 0.00, 0.00, NULL, NULL, NULL, NULL, NULL, '2026-05-27 13:58:01.666750', '2026-05-27 13:58:01.666750', 0, 0, 3, 0.00, 0, NULL, 70.00, 10);
INSERT INTO `order_items` VALUES (66, 1, 36, 34, 4, '艾灸温疗', 40, 54.00, 1, 54.00, 0.00, NULL, NULL, NULL, NULL, NULL, '2026-05-27 15:40:52.134667', '2026-05-27 15:40:52.134667', 0, 0, NULL, 0.00, 0, NULL, 54.00, 10);
INSERT INTO `order_items` VALUES (67, 1, 36, 3, 4, '腰背推拿', 40, 46.00, 1, 46.00, 0.00, NULL, NULL, NULL, NULL, NULL, '2026-05-27 15:40:52.134667', '2026-05-27 15:40:52.134667', 0, 0, NULL, 0.00, 0, NULL, 46.00, 10);
INSERT INTO `order_items` VALUES (68, 1, 37, 37, 4, '腰椎劳损调理', 50, 62.00, 1, 62.00, 0.00, NULL, NULL, NULL, NULL, NULL, '2026-05-27 15:51:58.568181', '2026-05-27 15:51:58.568181', 0, 0, NULL, 0.00, 0, NULL, 62.00, 10);
INSERT INTO `order_items` VALUES (69, 1, 38, 1, 4, '全身推拿', 60, 70.00, 1, 70.00, 0.00, NULL, NULL, NULL, NULL, NULL, '2026-05-27 15:59:16.357000', '2026-05-27 15:59:16.357000', 0, 0, NULL, 0.00, 0, NULL, 70.00, 10);
INSERT INTO `order_items` VALUES (70, 1, 38, 28, 4, '腰背推拿', 40, 46.00, 1, 46.00, 0.00, NULL, NULL, NULL, NULL, NULL, '2026-05-27 15:59:16.357000', '2026-05-27 15:59:16.357000', 0, 0, NULL, 0.00, 0, NULL, 46.00, 10);
INSERT INTO `order_items` VALUES (71, 1, 38, 3, 4, '腰背推拿', 40, 46.00, 1, 46.00, 0.00, NULL, NULL, NULL, NULL, NULL, '2026-05-27 15:59:16.357000', '2026-05-27 15:59:16.357000', 0, 0, NULL, 0.00, 0, NULL, 46.00, 10);
INSERT INTO `order_items` VALUES (72, 1, 39, 1, 4, '全身推拿', 60, 70.00, 1, 70.00, 0.00, NULL, NULL, NULL, NULL, NULL, '2026-05-27 15:59:22.422098', '2026-05-27 15:59:22.422098', 0, 0, NULL, 0.00, 0, NULL, 70.00, 10);
INSERT INTO `order_items` VALUES (73, 1, 39, 28, 4, '腰背推拿', 40, 46.00, 1, 46.00, 0.00, NULL, NULL, NULL, NULL, NULL, '2026-05-27 15:59:22.422098', '2026-05-27 15:59:22.422098', 0, 0, NULL, 0.00, 0, NULL, 46.00, 10);
INSERT INTO `order_items` VALUES (74, 1, 39, 3, 4, '腰背推拿', 40, 46.00, 1, 46.00, 0.00, NULL, NULL, NULL, NULL, NULL, '2026-05-27 15:59:22.422098', '2026-05-27 15:59:22.422098', 0, 0, NULL, 0.00, 0, NULL, 46.00, 10);
INSERT INTO `order_items` VALUES (75, 1, 40, 1, 4, '全身推拿', 60, 70.00, 1, 70.00, 0.00, NULL, NULL, NULL, NULL, NULL, '2026-05-27 15:59:58.732343', '2026-05-27 15:59:58.732343', 0, 0, NULL, 0.00, 0, NULL, 70.00, 10);
INSERT INTO `order_items` VALUES (76, 1, 40, 28, 4, '腰背推拿', 40, 46.00, 1, 46.00, 0.00, NULL, NULL, NULL, NULL, NULL, '2026-05-27 15:59:58.732343', '2026-05-27 15:59:58.732343', 0, 0, NULL, 0.00, 0, NULL, 46.00, 10);
INSERT INTO `order_items` VALUES (77, 1, 40, 3, 4, '腰背推拿', 40, 46.00, 1, 46.00, 0.00, NULL, NULL, NULL, NULL, NULL, '2026-05-27 15:59:58.732343', '2026-05-27 15:59:58.732343', 0, 0, NULL, 0.00, 0, NULL, 46.00, 10);
INSERT INTO `order_items` VALUES (78, 1, 41, 1, 4, '全身推拿', 60, 70.00, 1, 70.00, 0.00, NULL, NULL, NULL, NULL, NULL, '2026-05-27 16:00:00.066581', '2026-05-27 16:00:00.066581', 0, 0, NULL, 0.00, 0, NULL, 70.00, 10);
INSERT INTO `order_items` VALUES (79, 1, 41, 28, 4, '腰背推拿', 40, 46.00, 1, 46.00, 0.00, NULL, NULL, NULL, NULL, NULL, '2026-05-27 16:00:00.066581', '2026-05-27 16:00:00.066581', 0, 0, NULL, 0.00, 0, NULL, 46.00, 10);
INSERT INTO `order_items` VALUES (80, 1, 41, 3, 4, '腰背推拿', 40, 46.00, 1, 46.00, 0.00, NULL, NULL, NULL, NULL, NULL, '2026-05-27 16:00:00.066581', '2026-05-27 16:00:00.066581', 0, 0, NULL, 0.00, 0, NULL, 46.00, 10);
INSERT INTO `order_items` VALUES (81, 1, 42, 1, 4, '全身推拿', 60, 70.00, 1, 70.00, 0.00, NULL, NULL, NULL, NULL, NULL, '2026-05-27 16:00:08.218436', '2026-05-27 16:00:08.218436', 0, 0, NULL, 0.00, 0, NULL, 70.00, 10);
INSERT INTO `order_items` VALUES (82, 1, 42, 28, 4, '腰背推拿', 40, 46.00, 1, 46.00, 0.00, NULL, NULL, NULL, NULL, NULL, '2026-05-27 16:00:08.218436', '2026-05-27 16:00:08.218436', 0, 0, NULL, 0.00, 0, NULL, 46.00, 10);
INSERT INTO `order_items` VALUES (83, 1, 42, 3, 4, '腰背推拿', 40, 46.00, 1, 46.00, 0.00, NULL, NULL, NULL, NULL, NULL, '2026-05-27 16:00:08.218436', '2026-05-27 16:00:08.218436', 0, 0, NULL, 0.00, 0, NULL, 46.00, 10);
INSERT INTO `order_items` VALUES (84, 1, 43, 1, 4, '全身推拿', 60, 70.00, 1, 70.00, 0.00, NULL, NULL, NULL, NULL, NULL, '2026-05-27 16:00:13.837954', '2026-05-27 16:00:13.837954', 0, 0, NULL, 0.00, 0, NULL, 70.00, 10);
INSERT INTO `order_items` VALUES (85, 1, 43, 28, 4, '腰背推拿', 40, 46.00, 1, 46.00, 0.00, NULL, NULL, NULL, NULL, NULL, '2026-05-27 16:00:13.837954', '2026-05-27 16:00:13.837954', 0, 0, NULL, 0.00, 0, NULL, 46.00, 10);
INSERT INTO `order_items` VALUES (86, 1, 43, 3, 4, '腰背推拿', 40, 46.00, 1, 46.00, 0.00, NULL, NULL, NULL, NULL, NULL, '2026-05-27 16:00:13.837954', '2026-05-27 16:00:13.837954', 0, 0, NULL, 0.00, 0, NULL, 46.00, 10);
INSERT INTO `order_items` VALUES (87, 1, 44, 1, 4, '全身推拿', 60, 70.00, 1, 70.00, 0.00, NULL, NULL, NULL, NULL, NULL, '2026-05-27 16:00:19.862858', '2026-05-27 16:00:19.862858', 0, 0, NULL, 0.00, 0, NULL, 70.00, 10);
INSERT INTO `order_items` VALUES (88, 1, 44, 28, 4, '腰背推拿', 40, 46.00, 1, 46.00, 0.00, NULL, NULL, NULL, NULL, NULL, '2026-05-27 16:00:19.862858', '2026-05-27 16:00:19.862858', 0, 0, NULL, 0.00, 0, NULL, 46.00, 10);
INSERT INTO `order_items` VALUES (89, 1, 44, 3, 4, '腰背推拿', 40, 46.00, 1, 46.00, 0.00, NULL, NULL, NULL, NULL, NULL, '2026-05-27 16:00:19.862858', '2026-05-27 16:00:19.862858', 0, 0, NULL, 0.00, 0, NULL, 46.00, 10);
INSERT INTO `order_items` VALUES (90, 1, 45, 1, 4, '全身推拿', 60, 70.00, 1, 70.00, 0.00, NULL, NULL, NULL, NULL, NULL, '2026-05-27 16:00:25.362542', '2026-05-27 16:00:25.362542', 0, 0, NULL, 0.00, 0, NULL, 70.00, 10);
INSERT INTO `order_items` VALUES (91, 1, 45, 28, 4, '腰背推拿', 40, 46.00, 1, 46.00, 0.00, NULL, NULL, NULL, NULL, NULL, '2026-05-27 16:00:25.362542', '2026-05-27 16:00:25.362542', 0, 0, NULL, 0.00, 0, NULL, 46.00, 10);
INSERT INTO `order_items` VALUES (92, 1, 45, 3, 4, '腰背推拿', 40, 46.00, 1, 46.00, 0.00, NULL, NULL, NULL, NULL, NULL, '2026-05-27 16:00:25.362542', '2026-05-27 16:00:25.362542', 0, 0, NULL, 0.00, 0, NULL, 46.00, 10);
INSERT INTO `order_items` VALUES (93, 1, 46, 1, 4, '全身推拿', 60, 70.00, 1, 70.00, 0.00, NULL, NULL, NULL, NULL, NULL, '2026-05-27 16:00:33.855837', '2026-05-27 16:00:33.855837', 0, 0, NULL, 0.00, 0, NULL, 70.00, 10);
INSERT INTO `order_items` VALUES (94, 1, 46, 28, 4, '腰背推拿', 40, 46.00, 1, 46.00, 0.00, NULL, NULL, NULL, NULL, NULL, '2026-05-27 16:00:33.855837', '2026-05-27 16:00:33.855837', 0, 0, NULL, 0.00, 0, NULL, 46.00, 10);
INSERT INTO `order_items` VALUES (95, 1, 46, 3, 4, '腰背推拿', 40, 46.00, 1, 46.00, 0.00, NULL, NULL, NULL, NULL, NULL, '2026-05-27 16:00:33.855837', '2026-05-27 16:00:33.855837', 0, 0, NULL, 0.00, 0, NULL, 46.00, 10);
INSERT INTO `order_items` VALUES (96, 1, 47, 1, 4, '全身推拿', 60, 70.00, 1, 70.00, 0.00, NULL, NULL, NULL, NULL, NULL, '2026-05-27 16:00:55.931216', '2026-05-27 16:00:55.931216', 0, 0, NULL, 0.00, 0, NULL, 70.00, 10);
INSERT INTO `order_items` VALUES (97, 1, 47, 28, 4, '腰背推拿', 40, 46.00, 1, 46.00, 0.00, NULL, NULL, NULL, NULL, NULL, '2026-05-27 16:00:55.931216', '2026-05-27 16:00:55.931216', 0, 0, NULL, 0.00, 0, NULL, 46.00, 10);
INSERT INTO `order_items` VALUES (98, 1, 47, 3, 4, '腰背推拿', 40, 46.00, 1, 46.00, 0.00, NULL, NULL, NULL, NULL, NULL, '2026-05-27 16:00:55.931216', '2026-05-27 16:00:55.931216', 0, 0, NULL, 0.00, 0, NULL, 46.00, 10);
INSERT INTO `order_items` VALUES (99, 1, 48, 1, 4, '全身推拿', 60, 70.00, 1, 70.00, 0.00, NULL, NULL, NULL, NULL, NULL, '2026-05-27 16:01:02.161586', '2026-05-27 16:01:02.161586', 0, 0, NULL, 0.00, 0, NULL, 70.00, 10);
INSERT INTO `order_items` VALUES (100, 1, 48, 28, 4, '腰背推拿', 40, 46.00, 1, 46.00, 0.00, NULL, NULL, NULL, NULL, NULL, '2026-05-27 16:01:02.161586', '2026-05-27 16:01:02.161586', 0, 0, NULL, 0.00, 0, NULL, 46.00, 10);
INSERT INTO `order_items` VALUES (101, 1, 48, 3, 4, '腰背推拿', 40, 46.00, 1, 46.00, 0.00, NULL, NULL, NULL, NULL, NULL, '2026-05-27 16:01:02.161586', '2026-05-27 16:01:02.161586', 0, 0, NULL, 0.00, 0, NULL, 46.00, 10);
INSERT INTO `order_items` VALUES (102, 1, 49, 1, 4, '全身推拿', 60, 70.00, 1, 70.00, 0.00, NULL, NULL, NULL, NULL, NULL, '2026-05-27 16:01:08.511395', '2026-05-27 16:01:08.511395', 0, 0, NULL, 0.00, 0, NULL, 70.00, 10);
INSERT INTO `order_items` VALUES (103, 1, 49, 28, 4, '腰背推拿', 40, 46.00, 1, 46.00, 0.00, NULL, NULL, NULL, NULL, NULL, '2026-05-27 16:01:08.511395', '2026-05-27 16:01:08.511395', 0, 0, NULL, 0.00, 0, NULL, 46.00, 10);
INSERT INTO `order_items` VALUES (104, 1, 49, 3, 4, '腰背推拿', 40, 46.00, 1, 46.00, 0.00, NULL, NULL, NULL, NULL, NULL, '2026-05-27 16:01:08.511395', '2026-05-27 16:01:08.511395', 0, 0, NULL, 0.00, 0, NULL, 46.00, 10);
INSERT INTO `order_items` VALUES (105, 1, 50, 6, 4, '一次性床单', 60, 5.00, 1, 5.00, 0.00, NULL, NULL, NULL, NULL, NULL, '2026-05-27 16:01:33.869916', '2026-05-27 16:01:33.869916', 0, 0, NULL, 0.00, 0, NULL, 5.00, 10);
INSERT INTO `order_items` VALUES (106, 1, 51, 6, 4, '一次性床单', 60, 5.00, 1, 5.00, 0.00, NULL, NULL, NULL, NULL, NULL, '2026-05-27 16:01:35.772345', '2026-05-27 16:01:35.772345', 0, 0, NULL, 0.00, 0, NULL, 5.00, 10);
INSERT INTO `order_items` VALUES (107, 1, 52, 6, 4, '一次性床单', 60, 5.00, 1, 5.00, 0.00, NULL, NULL, NULL, NULL, NULL, '2026-05-27 16:01:36.525410', '2026-05-27 16:01:36.525410', 0, 0, NULL, 0.00, 0, NULL, 5.00, 10);
INSERT INTO `order_items` VALUES (108, 1, 53, 6, 4, '一次性床单', 60, 5.00, 1, 5.00, 0.00, NULL, NULL, NULL, NULL, NULL, '2026-05-27 16:01:37.119838', '2026-05-27 16:01:37.119838', 0, 0, NULL, 0.00, 0, NULL, 5.00, 10);
INSERT INTO `order_items` VALUES (109, 1, 54, 6, 4, '一次性床单', 60, 5.00, 1, 5.00, 0.00, NULL, NULL, NULL, NULL, NULL, '2026-05-27 16:01:37.999147', '2026-05-27 16:01:37.999147', 0, 0, NULL, 0.00, 0, NULL, 5.00, 10);
INSERT INTO `order_items` VALUES (110, 1, 55, 6, 4, '一次性床单', 60, 5.00, 1, 5.00, 0.00, NULL, NULL, NULL, NULL, NULL, '2026-05-27 16:01:38.725064', '2026-05-27 16:01:38.725064', 0, 0, NULL, 0.00, 0, NULL, 5.00, 10);
INSERT INTO `order_items` VALUES (111, 1, 56, 6, 4, '一次性床单', 60, 5.00, 1, 5.00, 0.00, NULL, NULL, NULL, NULL, NULL, '2026-05-27 16:01:39.232367', '2026-05-27 16:01:39.232367', 0, 0, NULL, 0.00, 0, NULL, 5.00, 10);
INSERT INTO `order_items` VALUES (112, 1, 57, 3, 4, '腰背推拿', 40, 58.00, 1, 58.00, 0.00, NULL, NULL, NULL, NULL, NULL, '2026-05-27 16:02:02.887422', '2026-05-27 16:02:02.887422', 0, 0, NULL, 0.00, 0, NULL, 58.00, 10);
INSERT INTO `order_items` VALUES (113, 1, 58, 3, 4, '腰背推拿', 40, 58.00, 1, 58.00, 0.00, NULL, NULL, NULL, NULL, NULL, '2026-05-27 16:02:06.611890', '2026-05-27 16:02:06.611890', 0, 0, NULL, 0.00, 0, NULL, 58.00, 10);
INSERT INTO `order_items` VALUES (114, 1, 59, 3, 4, '腰背推拿', 40, 46.00, 3, 138.00, 0.00, NULL, NULL, NULL, NULL, NULL, '2026-05-28 00:44:53.634918', '2026-05-28 00:44:53.634918', 0, 0, NULL, 0.00, 0, NULL, 46.00, 10);
INSERT INTO `order_items` VALUES (115, 1, 59, 6, 5, '一次性床单', 60, 5.00, 3, 15.00, 0.00, NULL, NULL, NULL, NULL, NULL, '2026-05-28 00:44:53.634918', '2026-05-28 00:44:53.634918', 0, 0, NULL, 0.00, 0, NULL, 5.00, 10);
INSERT INTO `order_items` VALUES (116, 1, 60, 3, 4, '腰背推拿', 40, 58.00, 1, 58.00, 0.00, NULL, NULL, NULL, NULL, NULL, '2026-05-28 02:38:40.268303', '2026-05-28 02:38:40.268303', 0, 0, NULL, 0.00, 0, NULL, 58.00, 10);
INSERT INTO `order_items` VALUES (117, 1, 61, 3, 4, '腰背推拿', 40, 58.00, 1, 58.00, 0.00, NULL, NULL, NULL, NULL, NULL, '2026-05-28 02:38:44.394345', '2026-05-28 02:38:44.394345', 0, 0, NULL, 0.00, 0, NULL, 58.00, 10);
INSERT INTO `order_items` VALUES (118, 1, 62, 3, 4, '腰背推拿', 40, 58.00, 1, 58.00, 0.00, NULL, NULL, NULL, NULL, NULL, '2026-05-28 02:38:47.540437', '2026-05-28 02:38:47.540437', 0, 0, NULL, 0.00, 0, NULL, 58.00, 10);
INSERT INTO `order_items` VALUES (119, 1, 63, 3, 4, '腰背推拿', 40, 58.00, 1, 58.00, 0.00, NULL, NULL, NULL, NULL, NULL, '2026-05-28 02:38:49.646047', '2026-05-28 02:38:49.646047', 0, 0, NULL, 0.00, 0, NULL, 58.00, 10);
INSERT INTO `order_items` VALUES (120, 1, 64, 3, 4, '腰背推拿', 40, 58.00, 1, 58.00, 0.00, NULL, NULL, NULL, NULL, NULL, '2026-05-28 02:38:55.286899', '2026-05-28 02:38:55.286899', 0, 0, NULL, 0.00, 0, NULL, 58.00, 10);
INSERT INTO `order_items` VALUES (121, 1, 65, 3, 4, '腰背推拿', 40, 58.00, 1, 58.00, 0.00, NULL, NULL, NULL, NULL, NULL, '2026-05-28 02:43:47.958087', '2026-05-28 02:43:47.958087', 0, 0, NULL, 0.00, 0, NULL, 58.00, 10);
INSERT INTO `order_items` VALUES (122, 1, 66, 3, 4, '腰背推拿', 40, 58.00, 1, 58.00, 0.00, NULL, NULL, NULL, NULL, NULL, '2026-05-28 02:45:35.728285', '2026-05-28 02:45:35.728285', 0, 0, NULL, 0.00, 0, NULL, 58.00, 10);
INSERT INTO `order_items` VALUES (123, 1, 67, 3, 4, '腰背推拿', 40, 58.00, 1, 58.00, 0.00, NULL, NULL, NULL, NULL, NULL, '2026-05-28 03:00:42.284341', '2026-05-28 03:00:42.284341', 0, 0, NULL, 0.00, 0, NULL, 58.00, 10);
INSERT INTO `order_items` VALUES (124, 1, 68, 3, 4, '腰背推拿', 40, 58.00, 1, 58.00, 5.80, NULL, NULL, NULL, NULL, NULL, '2026-05-28 08:10:31.600756', '2026-05-28 08:10:31.854335', 0, 0, NULL, 0.00, 0, NULL, 58.00, 10);
INSERT INTO `order_items` VALUES (125, 1, 69, 1, 4, '全身推拿', 60, 70.00, 4, 280.00, 28.00, 3, '情侣雅间', NULL, NULL, NULL, '2026-05-28 09:07:53.749966', '2026-05-28 09:07:53.991089', 0, 0, NULL, 0.00, 0, NULL, 70.00, 10);
INSERT INTO `order_items` VALUES (126, 1, 69, 2, 4, '肩颈专项按摩', 40, 48.00, 1, 48.00, 4.80, 3, '情侣雅间', NULL, NULL, NULL, '2026-05-28 09:07:53.749966', '2026-05-28 09:07:53.991089', 0, 0, NULL, 0.00, 0, NULL, 48.00, 10);
INSERT INTO `order_items` VALUES (127, 1, 70, 1, 4, '全身推拿', 60, 70.00, 1, 70.00, 7.00, NULL, NULL, NULL, NULL, NULL, '2026-05-29 01:38:00.906039', '2026-05-29 01:38:01.346952', 0, 0, NULL, 0.00, 0, NULL, 70.00, 10);
INSERT INTO `order_items` VALUES (128, 1, 71, 2, 5, '肩颈专项按摩', 40, 48.00, 2, 96.00, 0.00, NULL, NULL, NULL, NULL, NULL, '2026-05-29 03:28:15.509118', '2026-05-29 03:28:15.509118', 0, 0, NULL, 0.00, 0, NULL, 48.00, 10);
INSERT INTO `order_items` VALUES (129, 1, 72, 2, 5, '肩颈专项按摩', 40, 48.00, 2, 96.00, 0.00, NULL, NULL, NULL, NULL, NULL, '2026-05-29 03:28:20.022271', '2026-05-29 03:28:20.022271', 0, 0, NULL, 0.00, 0, NULL, 48.00, 10);
INSERT INTO `order_items` VALUES (130, 1, 73, 2, 5, '肩颈专项按摩', 40, 48.00, 2, 96.00, 0.00, NULL, NULL, NULL, NULL, NULL, '2026-05-29 03:28:25.397655', '2026-05-29 03:28:25.397655', 0, 0, NULL, 0.00, 0, NULL, 48.00, 10);
INSERT INTO `order_items` VALUES (131, 1, 74, 26, 4, '全身推拿', 60, 70.00, 1, 70.00, 7.00, NULL, NULL, NULL, NULL, NULL, '2026-05-29 03:30:27.168356', '2026-05-29 03:30:27.462412', 0, 0, NULL, 0.00, 0, NULL, 70.00, 10);
INSERT INTO `order_items` VALUES (132, 1, 74, 29, 6, '头部放松按摩', 30, 30.00, 1, 30.00, 0.00, NULL, NULL, NULL, NULL, NULL, '2026-05-29 03:30:27.168356', '2026-05-29 03:30:27.168356', 0, 0, NULL, 0.00, 0, NULL, 30.00, 10);
INSERT INTO `order_items` VALUES (133, 1, 75, 1, 4, '全身推拿', 60, 88.00, 1, 88.00, 8.80, NULL, NULL, NULL, NULL, NULL, '2026-05-29 03:31:19.481885', '2026-05-29 03:31:19.594837', 0, 0, NULL, 0.00, 0, NULL, 88.00, 10);
INSERT INTO `order_items` VALUES (134, 1, 75, 26, 4, '全身推拿', 60, 88.00, 1, 88.00, 8.80, NULL, NULL, NULL, NULL, NULL, '2026-05-29 03:31:19.481885', '2026-05-29 03:31:19.594837', 0, 0, NULL, 0.00, 0, NULL, 88.00, 20);
INSERT INTO `order_items` VALUES (135, 1, 76, 3, 5, '腰背推拿', 40, 46.00, 1, 46.00, 4.60, NULL, NULL, NULL, NULL, NULL, '2026-06-01 02:41:40.222175', '2026-06-01 02:41:40.722652', 0, 0, NULL, 0.00, 0, NULL, 46.00, 10);
INSERT INTO `order_items` VALUES (136, 1, 77, 3, 5, '腰背推拿', 40, 46.00, 1, 46.00, 4.60, NULL, NULL, NULL, NULL, NULL, '2026-06-01 02:55:54.352396', '2026-06-01 02:55:54.790783', 0, 0, NULL, 0.00, 0, NULL, 46.00, 10);
INSERT INTO `order_items` VALUES (137, 1, 78, 2, 4, '肩颈专项按摩', 40, 58.00, 1, 58.00, 5.80, NULL, NULL, NULL, NULL, NULL, '2026-06-01 02:56:09.700700', '2026-06-01 02:56:09.777726', 0, 0, NULL, 0.00, 0, NULL, 58.00, 10);
INSERT INTO `order_items` VALUES (138, 1, 79, 3, 4, '腰背推拿', 40, 58.00, 1, 58.00, 5.80, NULL, NULL, NULL, NULL, NULL, '2026-06-01 03:34:37.827685', '2026-06-01 03:34:38.099701', 0, 0, NULL, 0.00, 0, NULL, 58.00, 10);
INSERT INTO `order_items` VALUES (139, 1, 80, 3, 4, '腰背推拿', 40, 46.00, 1, 46.00, 4.60, NULL, NULL, NULL, NULL, NULL, '2026-06-01 03:46:18.534026', '2026-06-01 03:46:18.977431', 0, 0, NULL, 0.00, 0, NULL, 46.00, 10);
INSERT INTO `order_items` VALUES (140, 1, 81, 3, 4, '腰背推拿', 40, 58.00, 1, 58.00, 5.80, NULL, NULL, NULL, NULL, NULL, '2026-06-01 03:47:12.730561', '2026-06-01 03:47:12.805680', 0, 0, NULL, 0.00, 0, NULL, 58.00, 10);
INSERT INTO `order_items` VALUES (141, 1, 82, 3, 5, '腰背推拿', 40, 46.00, 1, 46.00, 4.60, NULL, NULL, NULL, NULL, NULL, '2026-06-01 03:47:56.334168', '2026-06-01 03:47:56.399917', 0, 0, NULL, 0.00, 0, NULL, 46.00, 10);
INSERT INTO `order_items` VALUES (142, 1, 83, 3, 5, '腰背推拿', 40, 46.00, 1, 46.00, 4.60, NULL, NULL, NULL, NULL, NULL, '2026-06-01 03:49:10.955563', '2026-06-01 03:49:11.026382', 0, 0, NULL, 0.00, 0, NULL, 46.00, 10);
INSERT INTO `order_items` VALUES (143, 1, 83, 5, 4, '深度理疗套餐', 90, 126.00, 1, 126.00, 12.60, NULL, NULL, NULL, NULL, NULL, '2026-06-01 03:49:10.955563', '2026-06-01 03:49:11.026382', 0, 0, NULL, 0.00, 0, NULL, 126.00, 10);
INSERT INTO `order_items` VALUES (144, 1, 83, 26, 6, '全身推拿', 60, 70.00, 1, 70.00, 0.00, NULL, NULL, NULL, NULL, NULL, '2026-06-01 03:49:10.955563', '2026-06-01 03:49:10.955563', 0, 0, NULL, 0.00, 0, NULL, 70.00, 10);
INSERT INTO `order_items` VALUES (145, 1, 84, 1, 4, '全身推拿', 60, 70.00, 1, 70.00, 7.00, NULL, NULL, NULL, NULL, NULL, '2026-06-01 03:57:10.327376', '2026-06-01 03:57:10.769137', 0, 0, NULL, 0.00, 0, NULL, 70.00, 10);
INSERT INTO `order_items` VALUES (146, 1, 85, 1, 4, '全身推拿', 60, 70.00, 1, 70.00, 7.00, NULL, NULL, NULL, NULL, NULL, '2026-06-01 03:57:22.320994', '2026-06-01 03:57:22.417656', 0, 0, NULL, 0.00, 0, NULL, 70.00, 10);
INSERT INTO `order_items` VALUES (147, 1, 85, 5, 5, '深度理疗套餐', 90, 126.00, 1, 126.00, 12.60, NULL, NULL, NULL, NULL, NULL, '2026-06-01 03:57:22.320994', '2026-06-01 03:57:22.417656', 0, 0, NULL, 0.00, 0, NULL, 126.00, 10);
INSERT INTO `order_items` VALUES (148, 1, 86, 3, 5, '腰背推拿', 40, 58.00, 1, 58.00, 5.80, NULL, NULL, NULL, NULL, NULL, '2026-06-01 03:59:07.406806', '2026-06-01 03:59:07.473166', 0, 0, NULL, 0.00, 0, NULL, 58.00, 10);
INSERT INTO `order_items` VALUES (149, 1, 87, 4, 6, '尊享养生套餐', 120, 166.00, 3, 498.00, 0.00, 1, '雅间1号', NULL, NULL, NULL, '2026-06-02 02:40:12.010309', '2026-06-02 02:40:12.010309', 0, 0, NULL, 0.00, 0, NULL, 166.00, 20);
INSERT INTO `order_items` VALUES (150, 1, 87, 26, 4, '全身推拿', 60, 70.00, 1, 70.00, 7.00, NULL, NULL, NULL, NULL, NULL, '2026-06-02 02:40:12.010309', '2026-06-02 02:40:12.639976', 0, 0, NULL, 0.00, 0, NULL, 70.00, 20);
INSERT INTO `order_items` VALUES (151, 1, 87, 30, 4, '四肢舒缓按摩', 30, 30.00, 1, 30.00, 3.00, NULL, NULL, NULL, NULL, NULL, '2026-06-02 02:40:12.010309', '2026-06-02 02:40:12.639976', 0, 0, NULL, 0.00, 0, NULL, 30.00, 20);
INSERT INTO `order_items` VALUES (152, 1, 87, 34, 4, '艾灸温疗', 40, 54.00, 1, 54.00, 5.40, NULL, NULL, NULL, NULL, NULL, '2026-06-02 02:40:12.010309', '2026-06-02 02:40:12.639976', 0, 0, NULL, 0.00, 0, NULL, 54.00, 20);
INSERT INTO `order_items` VALUES (153, 1, 87, 4, 4, '尊享养生套餐', 120, 166.00, 1, 166.00, 16.60, NULL, NULL, NULL, NULL, NULL, '2026-06-02 02:40:12.010309', '2026-06-02 02:40:12.639976', 0, 0, NULL, 0.00, 0, NULL, 166.00, 20);
INSERT INTO `order_items` VALUES (154, 1, 88, 27, 4, '肩颈专项按摩', 40, 58.00, 1, 58.00, 5.80, 2, 'VIP一号', NULL, NULL, NULL, '2026-06-02 02:42:35.114014', '2026-06-02 02:42:35.249373', 0, 0, NULL, 0.00, 0, NULL, 58.00, 20);
INSERT INTO `order_items` VALUES (155, 1, 88, 4, 4, '尊享养生套餐', 120, 208.00, 1, 208.00, 20.80, 2, 'VIP一号', NULL, NULL, NULL, '2026-06-02 02:42:35.114014', '2026-06-02 02:42:35.249373', 0, 0, NULL, 0.00, 0, NULL, 208.00, 20);
INSERT INTO `order_items` VALUES (156, 1, 88, 6, 4, '一次性床单', 60, 15.00, 1, 15.00, 1.50, 1, '雅间1号', NULL, NULL, NULL, '2026-06-02 02:42:35.114014', '2026-06-02 02:42:35.249373', 0, 0, NULL, 0.00, 0, NULL, 15.00, 20);
INSERT INTO `order_items` VALUES (157, 1, 88, 28, 6, '腰背推拿', 40, 58.00, 1, 58.00, 0.00, NULL, NULL, NULL, NULL, NULL, '2026-06-02 02:42:35.114014', '2026-06-02 02:42:35.114014', 0, 0, NULL, 0.00, 0, NULL, 58.00, 20);
INSERT INTO `order_items` VALUES (158, 1, 89, 4, 4, '尊享养生套餐', 120, 208.00, 1, 208.00, 20.80, 3, '情侣雅间', NULL, NULL, NULL, '2026-06-02 11:06:44.583194', '2026-06-02 11:06:45.129687', 0, 0, NULL, 0.00, 0, NULL, 208.00, 20);
INSERT INTO `order_items` VALUES (159, 1, 90, 3, 4, '腰背推拿', 40, 46.00, 3, 138.00, 13.80, 3, '情侣雅间', NULL, NULL, NULL, '2026-06-03 10:52:37.776922', '2026-06-03 10:52:38.186718', 0, 0, NULL, 0.00, 0, NULL, 46.00, 20);
INSERT INTO `order_items` VALUES (160, 1, 91, 4, 4, '尊享养生套餐', 120, 166.00, 1, 166.00, 16.60, 3, '情侣雅间', NULL, NULL, NULL, '2026-06-03 11:01:41.596487', '2026-06-03 11:01:41.732001', 0, 0, NULL, 0.00, 0, NULL, 166.00, 20);
INSERT INTO `order_items` VALUES (161, 1, 91, 3, 4, '腰背推拿', 40, 46.00, 1, 46.00, 4.60, 2, 'VIP一号', NULL, NULL, NULL, '2026-06-03 11:01:41.596487', '2026-06-03 11:01:41.732001', 0, 0, NULL, 0.00, 0, NULL, 46.00, 20);
INSERT INTO `order_items` VALUES (162, 1, 91, 2, 4, '肩颈专项按摩', 40, 48.00, 1, 48.00, 4.80, NULL, NULL, NULL, NULL, NULL, '2026-06-03 11:01:41.596487', '2026-06-03 11:01:41.732001', 0, 0, NULL, 0.00, 0, NULL, 48.00, 20);
INSERT INTO `order_items` VALUES (163, 1, 91, 1, 4, '全身推拿', 60, 70.00, 1, 70.00, 7.00, NULL, NULL, NULL, NULL, NULL, '2026-06-03 11:01:41.596487', '2026-06-03 11:01:41.732001', 0, 0, NULL, 0.00, 0, NULL, 70.00, 20);
INSERT INTO `order_items` VALUES (164, 1, 91, 5, 4, '深度理疗套餐', 90, 126.00, 1, 126.00, 12.60, NULL, NULL, NULL, NULL, NULL, '2026-06-03 11:01:41.596487', '2026-06-03 11:01:41.732001', 0, 0, NULL, 0.00, 0, NULL, 126.00, 20);
INSERT INTO `order_items` VALUES (165, 1, 91, 6, 4, '一次性床单', 60, 5.00, 1, 5.00, 0.50, NULL, NULL, NULL, NULL, NULL, '2026-06-03 11:01:41.596487', '2026-06-03 11:01:41.732001', 0, 0, NULL, 0.00, 0, NULL, 5.00, 20);
INSERT INTO `order_items` VALUES (166, 1, 91, 26, 4, '全身推拿', 60, 70.00, 1, 70.00, 7.00, NULL, NULL, NULL, NULL, NULL, '2026-06-03 11:01:41.596487', '2026-06-03 11:01:41.732001', 0, 0, NULL, 0.00, 0, NULL, 70.00, 20);
INSERT INTO `order_items` VALUES (167, 1, 92, 27, 4, '肩颈专项按摩', 40, 58.00, 1, 58.00, 5.80, NULL, NULL, NULL, NULL, NULL, '2026-06-03 11:02:13.550434', '2026-06-03 11:02:13.666308', 0, 0, NULL, 0.00, 0, NULL, 58.00, 20);
INSERT INTO `order_items` VALUES (168, 1, 92, 4, 4, '尊享养生套餐', 120, 208.00, 1, 208.00, 20.80, NULL, NULL, NULL, NULL, NULL, '2026-06-03 11:02:13.550434', '2026-06-03 11:02:13.666308', 0, 0, NULL, 0.00, 0, NULL, 208.00, 20);
INSERT INTO `order_items` VALUES (169, 1, 93, 4, 4, '尊享养生套餐', 120, 166.00, 1, 166.00, 16.60, NULL, NULL, NULL, NULL, NULL, '2026-06-03 11:20:46.345663', '2026-06-03 11:20:46.481328', 0, 0, NULL, 0.00, 0, NULL, 166.00, 20);
INSERT INTO `order_items` VALUES (170, 1, 94, 3, 4, '腰背推拿', 40, 46.00, 1, 46.00, 4.60, NULL, NULL, NULL, NULL, NULL, '2026-06-03 11:21:01.267349', '2026-06-03 11:21:01.334950', 0, 0, NULL, 0.00, 0, NULL, 46.00, 10);
INSERT INTO `order_items` VALUES (171, 1, 94, 6, 5, '一次性床单', 60, 5.00, 1, 5.00, 0.50, NULL, NULL, NULL, NULL, NULL, '2026-06-03 11:21:01.267349', '2026-06-03 11:21:01.334950', 0, 0, NULL, 0.00, 0, NULL, 5.00, 10);
INSERT INTO `order_items` VALUES (172, 1, 95, 27, 4, '肩颈专项按摩', 40, 58.00, 1, 58.00, 5.80, NULL, NULL, NULL, NULL, NULL, '2026-06-03 11:21:12.782518', '2026-06-03 11:21:12.886182', 0, 0, NULL, 0.00, 0, NULL, 58.00, 20);
INSERT INTO `order_items` VALUES (173, 1, 96, 3, 4, '腰背推拿', 40, 46.00, 1, 46.00, 4.60, NULL, NULL, NULL, NULL, NULL, '2026-06-03 11:21:56.823172', '2026-06-03 11:21:56.888758', 0, 0, NULL, 0.00, 0, NULL, 46.00, 10);
INSERT INTO `order_items` VALUES (174, 1, 97, 3, 4, '腰背推拿', 40, 46.00, 1, 46.00, 4.60, NULL, NULL, NULL, NULL, NULL, '2026-06-03 11:22:29.801208', '2026-06-03 11:22:29.864296', 0, 0, NULL, 0.00, 0, NULL, 46.00, 10);
INSERT INTO `order_items` VALUES (175, 1, 98, 3, 4, '腰背推拿', 40, 46.00, 1, 46.00, 4.60, NULL, NULL, NULL, NULL, NULL, '2026-06-03 11:22:44.865964', '2026-06-03 11:22:44.928382', 0, 0, NULL, 0.00, 0, NULL, 46.00, 10);
INSERT INTO `order_items` VALUES (176, 1, 99, 27, 4, '肩颈专项按摩', 40, 58.00, 1, 58.00, 5.80, NULL, NULL, NULL, NULL, NULL, '2026-06-03 11:31:39.369767', '2026-06-03 11:31:39.517058', 0, 0, NULL, 0.00, 0, NULL, 58.00, 20);
INSERT INTO `order_items` VALUES (177, 1, 100, 4, 4, '尊享养生套餐', 120, 166.00, 1, 166.00, 16.60, NULL, NULL, NULL, NULL, NULL, '2026-06-03 11:32:11.785801', '2026-06-03 11:32:11.900205', 0, 0, NULL, 0.00, 0, NULL, 166.00, 20);
INSERT INTO `order_items` VALUES (178, 1, 100, 3, 4, '腰背推拿', 40, 46.00, 1, 46.00, 4.60, NULL, NULL, NULL, NULL, NULL, '2026-06-03 11:32:11.785801', '2026-06-03 11:32:11.900205', 0, 0, NULL, 0.00, 0, NULL, 46.00, 20);
INSERT INTO `order_items` VALUES (179, 1, 100, 2, 4, '肩颈专项按摩', 40, 48.00, 1, 48.00, 4.80, NULL, NULL, NULL, NULL, NULL, '2026-06-03 11:32:11.785801', '2026-06-03 11:32:11.900205', 0, 0, NULL, 0.00, 0, NULL, 48.00, 20);
INSERT INTO `order_items` VALUES (180, 1, 101, 27, 6, '肩颈专项按摩', 40, 58.00, 1, 58.00, 0.00, 8, '雅洁6号', NULL, NULL, NULL, '2026-06-03 11:33:06.558568', '2026-06-03 11:33:06.558568', 0, 0, NULL, 0.00, 0, NULL, 58.00, 20);
INSERT INTO `order_items` VALUES (181, 1, 101, 4, 6, '尊享养生套餐', 120, 208.00, 1, 208.00, 0.00, 8, '雅洁6号', NULL, NULL, NULL, '2026-06-03 11:33:06.558568', '2026-06-03 11:33:06.558568', 0, 0, NULL, 0.00, 0, NULL, 208.00, 20);
INSERT INTO `order_items` VALUES (182, 1, 101, 2, 4, '肩颈专项按摩', 40, 58.00, 1, 58.00, 5.80, NULL, NULL, NULL, NULL, NULL, '2026-06-03 11:33:06.558568', '2026-06-03 11:33:06.673339', 0, 0, NULL, 0.00, 0, NULL, 58.00, 20);
INSERT INTO `order_items` VALUES (183, 1, 101, 6, 4, '一次性床单', 60, 15.00, 1, 15.00, 1.50, NULL, NULL, NULL, NULL, NULL, '2026-06-03 11:33:06.558568', '2026-06-03 11:33:06.673339', 0, 0, NULL, 0.00, 0, NULL, 15.00, 20);
INSERT INTO `order_items` VALUES (184, 1, 101, 26, 4, '全身推拿', 60, 88.00, 1, 88.00, 8.80, 8, '雅洁6号', NULL, NULL, NULL, '2026-06-03 11:33:06.558568', '2026-06-03 11:33:06.673339', 0, 0, NULL, 0.00, 0, NULL, 88.00, 20);
INSERT INTO `order_items` VALUES (185, 1, 101, 27, 4, '肩颈专项按摩', 40, 58.00, 1, 58.00, 5.80, NULL, NULL, NULL, NULL, NULL, '2026-06-03 11:33:06.558568', '2026-06-03 11:33:06.673339', 0, 0, NULL, 0.00, 0, NULL, 58.00, 20);
INSERT INTO `order_items` VALUES (186, 1, 101, 4, 4, '尊享养生套餐', 120, 208.00, 1, 208.00, 20.80, NULL, NULL, NULL, NULL, NULL, '2026-06-03 11:33:06.558568', '2026-06-03 11:33:06.673339', 0, 0, NULL, 0.00, 0, NULL, 208.00, 20);
INSERT INTO `order_items` VALUES (187, 1, 102, 4, 4, '尊享养生套餐', 120, 166.00, 1, 166.00, 16.60, 8, '雅洁6号', NULL, NULL, NULL, '2026-06-03 13:27:39.245642', '2026-06-03 13:27:39.383154', 0, 0, NULL, 0.00, 0, NULL, 166.00, 10);
INSERT INTO `order_items` VALUES (188, 1, 102, 3, 4, '腰背推拿', 40, 46.00, 1, 46.00, 4.60, 1, '雅间1号', NULL, NULL, NULL, '2026-06-03 13:27:39.245642', '2026-06-03 13:27:39.383154', 0, 0, NULL, 0.00, 0, NULL, 46.00, 10);
INSERT INTO `order_items` VALUES (189, 1, 102, 3, 4, '腰背推拿', 40, 46.00, 1, 46.00, 4.60, 9, '雅洁7号', NULL, NULL, NULL, '2026-06-03 13:27:39.245642', '2026-06-03 13:27:39.383154', 0, 0, NULL, 0.00, 0, NULL, 46.00, 10);
INSERT INTO `order_items` VALUES (190, 1, 103, 4, 4, '尊享养生套餐', 120, 208.00, 1, 208.00, 20.80, NULL, NULL, NULL, NULL, NULL, '2026-06-03 13:28:03.488403', '2026-06-03 13:28:03.595005', 0, 0, NULL, 0.00, 0, NULL, 208.00, 10);
INSERT INTO `order_items` VALUES (191, 1, 103, 3, 4, '腰背推拿', 40, 58.00, 1, 58.00, 5.80, NULL, NULL, NULL, NULL, NULL, '2026-06-03 13:28:03.488403', '2026-06-03 13:28:03.595005', 0, 0, NULL, 0.00, 0, NULL, 58.00, 10);
INSERT INTO `order_items` VALUES (192, 1, 103, 6, 4, '一次性床单', 60, 15.00, 1, 15.00, 1.50, NULL, NULL, NULL, NULL, NULL, '2026-06-03 13:28:03.488403', '2026-06-03 13:28:03.595005', 0, 0, NULL, 0.00, 0, NULL, 15.00, 10);
INSERT INTO `order_items` VALUES (193, 1, 104, 3, 5, '腰背推拿', 40, 46.00, 1, 46.00, 4.60, NULL, NULL, NULL, NULL, NULL, '2026-06-03 14:12:26.692616', '2026-06-03 14:12:26.841201', 0, 0, NULL, 0.00, 0, NULL, 46.00, 10);
INSERT INTO `order_items` VALUES (194, 1, 104, 6, 5, '一次性床单', 60, 5.00, 1, 5.00, 0.50, NULL, NULL, NULL, NULL, NULL, '2026-06-03 14:12:26.692616', '2026-06-03 14:12:26.841201', 0, 0, NULL, 0.00, 0, NULL, 5.00, 10);
INSERT INTO `order_items` VALUES (195, 1, 105, 3, 4, '腰背推拿', 40, 46.00, 1, 46.00, 4.60, NULL, NULL, NULL, NULL, NULL, '2026-06-03 14:15:00.283619', '2026-06-03 14:15:00.355644', 0, 0, NULL, 0.00, 0, NULL, 46.00, 10);
INSERT INTO `order_items` VALUES (196, 1, 105, 6, 4, '一次性床单', 60, 5.00, 1, 5.00, 0.50, NULL, NULL, NULL, NULL, NULL, '2026-06-03 14:15:00.283619', '2026-06-03 14:15:00.355644', 0, 0, NULL, 0.00, 0, NULL, 5.00, 10);
INSERT INTO `order_items` VALUES (197, 1, 105, 28, 4, '腰背推拿', 40, 46.00, 1, 46.00, 4.60, NULL, NULL, NULL, NULL, NULL, '2026-06-03 14:15:00.283619', '2026-06-03 14:15:00.355644', 0, 0, NULL, 0.00, 0, NULL, 46.00, 10);
INSERT INTO `order_items` VALUES (198, 1, 106, 3, 6, '腰背推拿', 40, 46.00, 1, 46.00, 0.00, NULL, NULL, NULL, NULL, NULL, '2026-06-03 16:31:16.740448', '2026-06-03 16:31:16.740448', 0, 0, NULL, 0.00, 0, NULL, 46.00, 10);
INSERT INTO `order_items` VALUES (199, 1, 106, 27, 6, '肩颈专项按摩', 40, 46.00, 1, 46.00, 0.00, NULL, NULL, NULL, NULL, NULL, '2026-06-03 16:31:16.740448', '2026-06-03 16:31:16.740448', 0, 0, NULL, 0.00, 0, NULL, 46.00, 10);
INSERT INTO `order_items` VALUES (200, 1, 107, 3, 5, '腰背推拿', 40, 46.00, 1, 46.00, 4.60, NULL, NULL, NULL, NULL, NULL, '2026-06-03 16:32:20.653234', '2026-06-03 16:32:20.764793', 0, 0, NULL, 0.00, 0, NULL, 46.00, 10);
INSERT INTO `order_items` VALUES (201, 1, 107, 3, 6, '腰背推拿', 40, 46.00, 1, 46.00, 0.00, NULL, NULL, NULL, NULL, NULL, '2026-06-03 16:32:20.653234', '2026-06-03 16:32:20.653234', 0, 0, NULL, 0.00, 0, NULL, 46.00, 20);
INSERT INTO `order_items` VALUES (202, 1, 108, 3, 5, '腰背推拿', 40, 58.00, 1, 58.00, 5.80, NULL, NULL, NULL, NULL, NULL, '2026-06-03 16:32:54.686691', '2026-06-03 16:32:54.792591', 0, 0, NULL, 0.00, 0, NULL, 58.00, 10);
INSERT INTO `order_items` VALUES (203, 1, 109, 6, 6, '一次性床单', 60, 5.00, 1, 5.00, 0.00, NULL, NULL, NULL, NULL, NULL, '2026-06-04 08:46:10.050412', '2026-06-04 08:46:10.050412', 0, 0, NULL, 0.00, 0, NULL, 5.00, 10);
INSERT INTO `order_items` VALUES (204, 1, 109, 28, 5, '腰背推拿', 40, 46.00, 1, 46.00, 4.60, NULL, NULL, NULL, NULL, NULL, '2026-06-04 08:46:10.050412', '2026-06-04 08:46:10.544715', 0, 0, NULL, 0.00, 0, NULL, 46.00, 10);
INSERT INTO `order_items` VALUES (205, 1, 110, 2, 6, '肩颈专项按摩', 40, 48.00, 1, 48.00, 0.00, NULL, NULL, NULL, NULL, NULL, '2026-06-04 08:53:48.272582', '2026-06-04 08:53:48.272582', 0, 0, NULL, 0.00, 0, NULL, 48.00, 10);
INSERT INTO `order_items` VALUES (206, 1, 110, 5, 5, '深度理疗套餐', 90, 126.00, 1, 126.00, 12.60, NULL, NULL, NULL, NULL, NULL, '2026-06-04 08:53:48.272582', '2026-06-04 08:53:48.767002', 0, 0, NULL, 0.00, 0, NULL, 126.00, 20);
INSERT INTO `order_items` VALUES (207, 1, 111, 3, 5, '腰背推拿', 40, 46.00, 1, 46.00, 4.60, NULL, NULL, NULL, NULL, NULL, '2026-06-08 14:29:13.927371', '2026-06-08 14:29:14.215576', 0, 0, NULL, 0.00, 0, NULL, 46.00, 10);
INSERT INTO `order_items` VALUES (208, 1, 112, 1, 6, '全身推拿', 60, 70.00, 1, 70.00, 0.00, NULL, NULL, NULL, NULL, NULL, '2026-06-09 09:39:48.685110', '2026-06-09 09:39:48.685110', 0, 0, NULL, 0.00, 0, NULL, 70.00, 10);
INSERT INTO `order_items` VALUES (209, 1, 113, 3, 5, '腰背推拿', 40, 58.00, 1, 58.00, 5.80, NULL, NULL, NULL, NULL, NULL, '2026-06-09 09:40:01.106336', '2026-06-09 09:40:01.174764', 0, 0, NULL, 0.00, 0, NULL, 58.00, 10);
INSERT INTO `order_items` VALUES (210, 1, 114, 3, 5, '腰背推拿', 40, 58.00, 1, 58.00, 5.80, NULL, NULL, NULL, NULL, NULL, '2026-06-09 09:43:01.219232', '2026-06-09 09:43:01.284789', 0, 0, NULL, 0.00, 0, NULL, 58.00, 10);
INSERT INTO `order_items` VALUES (211, 1, 115, 1, 4, '全身推拿', 60, 0.00, 1, 0.00, 0.00, NULL, NULL, NULL, NULL, NULL, '2026-06-12 09:12:50.641594', '2026-06-12 09:12:50.641594', 0, 0, 3, 0.00, 0, NULL, 70.00, 10);
INSERT INTO `order_items` VALUES (212, 1, 116, 5, 4, '深度理疗套餐', 90, 126.00, 1, 126.00, 6.30, NULL, NULL, NULL, NULL, NULL, '2026-06-12 09:13:34.185622', '2026-06-12 09:13:34.224485', 0, 0, NULL, 0.00, 0, NULL, 126.00, 10);
INSERT INTO `order_items` VALUES (213, 1, 117, 2, 4, '肩颈专项按摩', 40, 48.00, 1, 48.00, 2.40, NULL, NULL, NULL, NULL, NULL, '2026-06-12 09:14:01.274865', '2026-06-12 09:14:01.305239', 0, 0, NULL, 0.00, 0, NULL, 48.00, 10);
INSERT INTO `order_items` VALUES (214, 1, 118, 2, 4, '肩颈专项按摩', 40, 48.00, 1, 48.00, 2.40, NULL, NULL, NULL, NULL, NULL, '2026-06-12 09:14:24.617213', '2026-06-12 09:14:24.644943', 0, 0, NULL, 0.00, 0, NULL, 48.00, 10);
INSERT INTO `order_items` VALUES (215, 1, 118, 3, 5, '腰背推拿', 40, 46.00, 1, 46.00, 2.30, NULL, NULL, NULL, NULL, NULL, '2026-06-12 09:14:24.617213', '2026-06-12 09:14:24.644943', 0, 0, NULL, 0.00, 0, NULL, 46.00, 10);
INSERT INTO `order_items` VALUES (216, 1, 119, 1, 5, '全身推拿', 60, 70.00, 1, 70.00, 3.50, NULL, NULL, NULL, NULL, NULL, '2026-06-12 16:45:52.409363', '2026-06-12 16:45:53.024105', 0, 0, NULL, 0.00, 0, NULL, 70.00, 10);
INSERT INTO `order_items` VALUES (217, 1, 119, 3, 6, '腰背推拿', 40, 46.00, 1, 46.00, 4.60, NULL, NULL, NULL, NULL, NULL, '2026-06-12 16:45:52.409363', '2026-06-12 16:45:53.024105', 0, 0, NULL, 0.00, 0, NULL, 46.00, 20);
INSERT INTO `order_items` VALUES (218, 1, 120, 3, 6, '腰背推拿', 40, 46.00, 1, 46.00, 2.30, 1, '雅间1号', NULL, NULL, NULL, '2026-06-15 17:48:54.245517', '2026-06-15 17:48:54.643929', 0, 0, NULL, 0.00, 0, NULL, 46.00, 10);
INSERT INTO `order_items` VALUES (219, 1, 121, 1, 4, '全身推拿', 60, 70.00, 1, 70.00, 3.50, 9, '雅洁7号', NULL, NULL, NULL, '2026-06-19 19:19:15.903619', '2026-06-19 19:19:16.298398', 0, 0, NULL, 0.00, 0, NULL, 70.00, 10);
INSERT INTO `order_items` VALUES (220, 1, 121, 26, 5, '全身推拿', 60, 70.00, 1, 70.00, 7.00, NULL, NULL, NULL, NULL, NULL, '2026-06-19 19:19:15.903619', '2026-06-19 19:19:16.298398', 0, 0, NULL, 0.00, 0, NULL, 70.00, 20);
INSERT INTO `order_items` VALUES (221, 1, 122, 1, 5, '全身推拿', 60, 70.00, 1, 70.00, 7.00, NULL, NULL, NULL, NULL, NULL, '2026-06-19 19:40:03.738311', '2026-06-19 19:40:03.777694', 0, 0, NULL, 0.00, 0, NULL, 70.00, 20);
INSERT INTO `order_items` VALUES (222, 1, 123, 2, 4, '肩颈专项按摩', 40, 48.00, 1, 48.00, 2.40, 9, '雅洁7号', NULL, NULL, NULL, '2026-06-19 19:53:48.461069', '2026-06-19 19:53:48.775917', 0, 0, NULL, 0.00, 0, NULL, 48.00, 10);
INSERT INTO `order_items` VALUES (223, 1, 123, 2, 5, '肩颈专项按摩', 40, 48.00, 1, 48.00, 2.40, NULL, NULL, NULL, NULL, NULL, '2026-06-19 19:53:48.461069', '2026-06-19 19:53:48.775917', 0, 0, NULL, 0.00, 0, NULL, 48.00, 10);

-- ----------------------------
-- Table structure for orders
-- ----------------------------
DROP TABLE IF EXISTS `orders`;
CREATE TABLE `orders`  (
  `Id` bigint NOT NULL AUTO_INCREMENT,
  `TenantId` bigint NULL DEFAULT NULL,
  `StoreId` bigint NOT NULL,
  `OrderNo` varchar(64) CHARACTER SET utf8mb4 COLLATE utf8mb4_0900_ai_ci NOT NULL,
  `MemberId` bigint NULL DEFAULT NULL,
  `Total` decimal(18, 2) NOT NULL,
  `DiscountAmount` decimal(18, 2) NOT NULL,
  `PaidAmount` decimal(18, 2) NOT NULL,
  `PayMethod` int NOT NULL,
  `Status` int NOT NULL,
  `StartedAt` datetime(6) NULL DEFAULT NULL,
  `CompletedAt` datetime(6) NULL DEFAULT NULL,
  `CashierUserId` bigint NULL DEFAULT NULL,
  `Remark` varchar(500) CHARACTER SET utf8mb4 COLLATE utf8mb4_0900_ai_ci NULL DEFAULT NULL,
  `OfflineCacheKey` varchar(64) CHARACTER SET utf8mb4 COLLATE utf8mb4_0900_ai_ci NULL DEFAULT NULL,
  `CreatedAt` datetime(6) NOT NULL,
  `UpdatedAt` datetime(6) NOT NULL,
  `IsDeleted` tinyint(1) NOT NULL,
  `ReopenReason` varchar(200) CHARACTER SET utf8mb4 COLLATE utf8mb4_0900_ai_ci NULL DEFAULT NULL,
  `ReopenedAt` datetime(6) NULL DEFAULT NULL,
  `ReopenedByUserId` bigint NULL DEFAULT NULL,
  `TipAmount` decimal(18, 2) NOT NULL DEFAULT 0.00,
  `VoucherId` bigint NULL DEFAULT NULL,
  PRIMARY KEY (`Id`) USING BTREE,
  UNIQUE INDEX `IX_orders_TenantId_OrderNo`(`TenantId` ASC, `OrderNo` ASC) USING BTREE,
  INDEX `IX_orders_CashierUserId`(`CashierUserId` ASC) USING BTREE,
  INDEX `IX_orders_MemberId`(`MemberId` ASC) USING BTREE,
  INDEX `IX_orders_OfflineCacheKey`(`OfflineCacheKey` ASC) USING BTREE,
  INDEX `IX_orders_StoreId_CreatedAt`(`StoreId` ASC, `CreatedAt` ASC) USING BTREE,
  INDEX `IX_orders_VoucherId`(`VoucherId` ASC) USING BTREE,
  CONSTRAINT `FK_orders_members_MemberId` FOREIGN KEY (`MemberId`) REFERENCES `members` (`Id`) ON DELETE SET NULL ON UPDATE RESTRICT,
  CONSTRAINT `FK_orders_stores_StoreId` FOREIGN KEY (`StoreId`) REFERENCES `stores` (`Id`) ON DELETE RESTRICT ON UPDATE RESTRICT,
  CONSTRAINT `FK_orders_tenants_TenantId` FOREIGN KEY (`TenantId`) REFERENCES `tenants` (`Id`) ON DELETE CASCADE ON UPDATE RESTRICT,
  CONSTRAINT `FK_orders_users_CashierUserId` FOREIGN KEY (`CashierUserId`) REFERENCES `users` (`Id`) ON DELETE SET NULL ON UPDATE RESTRICT,
  CONSTRAINT `FK_orders_vouchers_VoucherId` FOREIGN KEY (`VoucherId`) REFERENCES `vouchers` (`Id`) ON DELETE SET NULL ON UPDATE RESTRICT
) ENGINE = InnoDB AUTO_INCREMENT = 124 CHARACTER SET = utf8mb4 COLLATE = utf8mb4_0900_ai_ci ROW_FORMAT = Dynamic;

-- ----------------------------
-- Records of orders
-- ----------------------------
INSERT INTO `orders` VALUES (1, 1, 1, 'O20260526032759688', 2, 70.00, 0.00, 70.00, 2, 20, '2026-05-26 03:27:59.100518', '2026-05-26 03:27:59.413304', 2, NULL, NULL, '2026-05-26 03:27:59.197747', '2026-05-26 03:27:59.429427', 0, NULL, NULL, NULL, 0.00, NULL);
INSERT INTO `orders` VALUES (2, 1, 1, 'O20260526055851193', 4, 116.00, 0.00, 116.00, 2, 20, '2026-05-26 05:58:51.089919', '2026-05-26 05:58:51.554478', 2, NULL, NULL, '2026-05-26 05:58:51.208745', '2026-05-26 05:58:51.563258', 0, NULL, NULL, NULL, 0.00, NULL);
INSERT INTO `orders` VALUES (3, 1, 1, 'O20260526060057537', 4, 118.00, 0.00, 118.00, 2, 20, '2026-05-26 06:00:57.056053', '2026-05-26 06:00:57.140203', 2, NULL, NULL, '2026-05-26 06:00:57.066303', '2026-05-26 06:00:57.143092', 0, NULL, NULL, NULL, 0.00, NULL);
INSERT INTO `orders` VALUES (4, 1, 1, 'O20260526060300731', 3, 0.00, 0.00, 0.00, 2, 20, '2026-05-26 06:03:00.450161', '2026-05-26 06:03:00.568848', 2, NULL, NULL, '2026-05-26 06:03:00.477553', '2026-05-26 06:03:00.570677', 0, NULL, NULL, NULL, 0.00, NULL);
INSERT INTO `orders` VALUES (5, 1, 1, 'O20260526060448567', 3, 0.00, 0.00, 0.00, 2, 20, '2026-05-26 06:04:48.020484', '2026-05-26 06:04:48.102102', 2, NULL, NULL, '2026-05-26 06:04:48.034660', '2026-05-26 06:04:48.104256', 0, NULL, NULL, NULL, 0.00, NULL);
INSERT INTO `orders` VALUES (6, 1, 1, 'O20260526060658622', 4, 210.00, 0.00, 210.00, 2, 20, '2026-05-26 06:06:58.869516', '2026-05-26 06:06:58.962425', 2, NULL, NULL, '2026-05-26 06:06:58.887509', '2026-05-26 06:06:58.965145', 0, NULL, NULL, NULL, 0.00, NULL);
INSERT INTO `orders` VALUES (7, 1, 1, 'O20260526060800452', 3, 0.00, 0.00, 0.00, 2, 20, '2026-05-26 06:08:00.834980', '2026-05-26 06:08:00.918013', 2, NULL, NULL, '2026-05-26 06:08:00.849530', '2026-05-26 06:08:00.920388', 0, NULL, NULL, NULL, 0.00, NULL);
INSERT INTO `orders` VALUES (8, 1, 1, 'O20260526074704390', 3, 0.00, 0.00, 0.00, 2, 91, '2026-05-26 07:47:04.883305', '2026-05-26 07:47:05.442426', 2, ' | 退款原因: 消费错误', NULL, '2026-05-26 07:47:05.025903', '2026-05-26 08:24:13.725571', 0, NULL, NULL, NULL, 0.00, NULL);
INSERT INTO `orders` VALUES (9, 1, 1, 'O20260526075212637', NULL, 208.00, 0.00, 208.00, 1, 20, '2026-05-26 07:52:12.016606', '2026-05-26 07:52:12.090232', 2, NULL, NULL, '2026-05-26 07:52:12.020926', '2026-05-26 07:52:12.092435', 0, NULL, NULL, NULL, 0.00, NULL);
INSERT INTO `orders` VALUES (10, 1, 1, 'O20260526103817373', 5, 75.00, 0.00, 75.00, 2, 20, '2026-05-26 10:38:17.260349', '2026-05-26 10:38:17.632453', 2, NULL, NULL, '2026-05-26 10:38:17.361033', '2026-05-26 10:38:17.654983', 0, NULL, NULL, NULL, 0.00, NULL);
INSERT INTO `orders` VALUES (11, 1, 1, 'O20260526104243700', 5, 118.00, 0.00, 118.00, 2, 20, '2026-05-26 10:42:43.650108', '2026-05-26 10:42:43.738794', 2, NULL, NULL, '2026-05-26 10:42:43.660022', '2026-05-26 10:42:43.743088', 0, NULL, NULL, NULL, 0.00, NULL);
INSERT INTO `orders` VALUES (12, 1, 1, 'O20260526104343144', 5, 118.00, 0.00, 118.00, 2, 20, '2026-05-26 10:43:43.706092', '2026-05-26 10:43:43.782532', 2, NULL, NULL, '2026-05-26 10:43:43.716720', '2026-05-26 10:43:43.784589', 0, NULL, NULL, NULL, 0.00, NULL);
INSERT INTO `orders` VALUES (13, 1, 1, 'O20260526104501264', NULL, 88.00, 0.00, 88.00, 1, 20, '2026-05-26 10:45:01.625045', '2026-05-26 10:45:01.687762', 2, NULL, NULL, '2026-05-26 10:45:01.629050', '2026-05-26 10:45:01.689835', 0, NULL, NULL, NULL, 0.00, NULL);
INSERT INTO `orders` VALUES (14, 1, 1, 'O20260526112907400', 5, 48.00, 0.00, 48.00, 2, 20, '2026-05-26 11:29:07.740508', '2026-05-26 11:29:08.170733', 2, NULL, NULL, '2026-05-26 11:29:07.863073', '2026-05-26 11:29:08.191934', 0, NULL, NULL, NULL, 0.00, NULL);
INSERT INTO `orders` VALUES (15, 1, 1, 'O20260527021726544', 5, 0.25, 0.00, 0.25, 2, 20, '2026-05-27 02:17:26.769826', '2026-05-27 02:17:27.103487', 2, ' | 结账备注: 计费房测试。', NULL, '2026-05-27 02:17:26.816537', '2026-05-27 02:17:27.114520', 0, NULL, NULL, NULL, 0.00, NULL);
INSERT INTO `orders` VALUES (16, 1, 1, 'O20260527022003894', 3, 0.83, 0.00, 0.83, 2, 20, '2026-05-27 02:20:03.567021', '2026-05-27 02:20:03.778715', 2, ' | 结账备注: 计费房和服务项目一起结算。', NULL, '2026-05-27 02:20:03.638817', '2026-05-27 02:20:03.796022', 0, NULL, NULL, NULL, 0.00, NULL);
INSERT INTO `orders` VALUES (17, 1, 1, 'O20260527023228312', 5, 70.83, 0.00, 70.83, 2, 20, '2026-05-27 02:32:28.603492', '2026-05-27 02:32:29.015220', 2, NULL, NULL, '2026-05-27 02:32:28.702678', '2026-05-27 02:32:29.034833', 0, NULL, NULL, NULL, 0.00, NULL);
INSERT INTO `orders` VALUES (18, 1, 1, 'O20260527023834379', 5, 0.83, 0.00, 0.83, 2, 20, '2026-05-27 02:38:34.942094', '2026-05-27 02:38:35.006179', 2, NULL, NULL, '2026-05-27 02:38:34.945657', '2026-05-27 02:38:35.008827', 0, NULL, NULL, NULL, 0.00, NULL);
INSERT INTO `orders` VALUES (19, 1, 1, 'O20260527053527367', NULL, 42.50, 0.00, 42.50, 1, 20, '2026-05-27 05:35:27.218795', '2026-05-27 05:35:27.458033', 2, NULL, NULL, '2026-05-27 05:35:27.258151', '2026-05-27 05:35:27.471209', 0, NULL, NULL, NULL, 0.00, NULL);
INSERT INTO `orders` VALUES (20, 1, 1, 'O20260527090824593', 5, 46.00, 0.00, 0.00, 0, 90, '2026-05-27 09:08:24.406639', NULL, 2, NULL, NULL, '2026-05-27 09:08:24.559705', '2026-05-27 12:14:53.512481', 0, NULL, NULL, NULL, 0.00, NULL);
INSERT INTO `orders` VALUES (21, 1, 1, 'O20260527094115401', 5, 179.00, 0.00, 0.00, 0, 90, '2026-05-27 09:41:15.530142', NULL, 2, NULL, NULL, '2026-05-27 09:41:15.548774', '2026-05-27 12:14:56.484401', 0, NULL, NULL, NULL, 0.00, NULL);
INSERT INTO `orders` VALUES (22, 1, 1, 'O20260527094119230', 5, 179.00, 0.00, 0.00, 0, 90, '2026-05-27 09:41:19.076213', NULL, 2, NULL, NULL, '2026-05-27 09:41:19.095801', '2026-05-27 12:14:19.728426', 0, NULL, NULL, NULL, 0.00, NULL);
INSERT INTO `orders` VALUES (23, 1, 1, 'O20260527095338916', 5, 51.83, 0.00, 0.00, 0, 90, '2026-05-27 09:53:38.730870', NULL, 2, NULL, NULL, '2026-05-27 09:53:38.746527', '2026-05-27 12:14:26.451929', 0, NULL, NULL, NULL, 0.00, NULL);
INSERT INTO `orders` VALUES (24, 1, 1, 'O20260527095356641', 5, 51.00, 0.00, 0.00, 0, 90, '2026-05-27 09:53:56.767903', NULL, 2, NULL, NULL, '2026-05-27 09:53:56.783153', '2026-05-27 12:14:16.265405', 0, NULL, NULL, NULL, 0.00, NULL);
INSERT INTO `orders` VALUES (25, 1, 1, 'O20260527095400870', 5, 51.00, 0.00, 0.00, 0, 90, '2026-05-27 09:54:00.269283', NULL, 2, NULL, NULL, '2026-05-27 09:54:00.284840', '2026-05-27 12:14:23.224062', 0, NULL, NULL, NULL, 0.00, NULL);
INSERT INTO `orders` VALUES (26, 1, 1, 'O20260527095418681', 5, 51.00, 0.00, 0.00, 0, 90, '2026-05-27 09:54:18.225063', NULL, 2, NULL, NULL, '2026-05-27 09:54:18.240106', '2026-05-27 12:14:13.043778', 0, NULL, NULL, NULL, 0.00, NULL);
INSERT INTO `orders` VALUES (27, 1, 1, 'O20260527121546647', NULL, 208.00, 0.00, 0.00, 0, 0, '2026-05-27 12:15:46.609717', NULL, 2, NULL, NULL, '2026-05-27 12:15:46.645233', '2026-05-27 12:15:46.645233', 0, NULL, NULL, NULL, 0.00, NULL);
INSERT INTO `orders` VALUES (28, 1, 1, 'O20260527132102166', 6, 202.00, 0.00, 0.00, 0, 0, '2026-05-27 13:21:02.637653', NULL, 2, NULL, NULL, '2026-05-27 13:21:02.742956', '2026-05-27 13:21:02.742956', 0, NULL, NULL, NULL, 0.00, NULL);
INSERT INTO `orders` VALUES (29, 1, 1, 'O20260527133320816', 7, 146.00, 0.00, 0.00, 0, 0, '2026-05-27 13:33:20.722543', NULL, 2, NULL, NULL, '2026-05-27 13:33:20.876811', '2026-05-27 13:33:20.876811', 0, NULL, NULL, NULL, 0.00, NULL);
INSERT INTO `orders` VALUES (30, 1, 1, 'O20260527133325800', 7, 146.00, 0.00, 0.00, 0, 0, '2026-05-27 13:33:25.160908', NULL, 2, NULL, NULL, '2026-05-27 13:33:25.178093', '2026-05-27 13:33:25.178093', 0, NULL, NULL, NULL, 0.00, NULL);
INSERT INTO `orders` VALUES (31, 1, 1, 'O20260527133336584', 7, 146.00, 0.00, 0.00, 0, 0, '2026-05-27 13:33:36.001298', NULL, 2, NULL, NULL, '2026-05-27 13:33:36.016230', '2026-05-27 13:33:36.016230', 0, NULL, NULL, NULL, 0.00, NULL);
INSERT INTO `orders` VALUES (32, 1, 1, 'O20260527133341426', 7, 146.00, 0.00, 0.00, 0, 0, '2026-05-27 13:33:41.226153', NULL, 2, NULL, NULL, '2026-05-27 13:33:41.240368', '2026-05-27 13:33:41.240368', 0, NULL, NULL, NULL, 0.00, NULL);
INSERT INTO `orders` VALUES (33, 1, 1, 'O20260527133415387', 7, 146.00, 0.00, 0.00, 0, 0, '2026-05-27 13:34:15.494280', NULL, 2, NULL, NULL, '2026-05-27 13:34:15.507735', '2026-05-27 13:34:15.507735', 0, NULL, NULL, NULL, 0.00, NULL);
INSERT INTO `orders` VALUES (34, 1, 1, 'O20260527133654520', 5, 146.00, 0.00, 146.00, 2, 20, '2026-05-27 13:36:54.665175', '2026-05-27 13:36:54.758162', 2, NULL, NULL, '2026-05-27 13:36:54.678116', '2026-05-27 13:36:54.781307', 0, NULL, NULL, NULL, 0.00, NULL);
INSERT INTO `orders` VALUES (35, 1, 1, 'O20260527135801224', 7, 5.00, 0.00, 5.00, 2, 20, '2026-05-27 13:58:01.655811', '2026-05-27 13:58:01.729676', 2, NULL, NULL, '2026-05-27 13:58:01.666750', '2026-05-27 13:58:01.731812', 0, NULL, NULL, NULL, 0.00, NULL);
INSERT INTO `orders` VALUES (36, 1, 1, 'O20260527154052738', 6, 100.00, 0.00, 100.00, 2, 20, '2026-05-27 15:40:52.025053', '2026-05-27 15:40:52.432460', 2, NULL, NULL, '2026-05-27 15:40:52.134667', '2026-05-27 15:40:52.458531', 0, NULL, NULL, NULL, 0.00, NULL);
INSERT INTO `orders` VALUES (37, 1, 1, 'O20260527155158587', 5, 62.00, 0.00, 0.00, 0, 0, '2026-05-27 15:51:58.559393', NULL, 2, NULL, NULL, '2026-05-27 15:51:58.568181', '2026-05-27 15:51:58.568181', 0, NULL, NULL, NULL, 0.00, NULL);
INSERT INTO `orders` VALUES (38, 1, 1, 'O20260527155916453', 5, 162.00, 0.00, 0.00, 0, 0, '2026-05-27 15:59:16.342545', NULL, 2, NULL, NULL, '2026-05-27 15:59:16.357000', '2026-05-27 15:59:16.357000', 0, NULL, NULL, NULL, 0.00, NULL);
INSERT INTO `orders` VALUES (39, 1, 1, 'O20260527155922602', 5, 162.00, 0.00, 0.00, 0, 0, '2026-05-27 15:59:22.407606', NULL, 2, NULL, NULL, '2026-05-27 15:59:22.422098', '2026-05-27 15:59:22.422098', 0, NULL, NULL, NULL, 0.00, NULL);
INSERT INTO `orders` VALUES (40, 1, 1, 'O20260527155958728', 5, 162.00, 0.00, 0.00, 0, 0, '2026-05-27 15:59:58.717928', NULL, 2, NULL, NULL, '2026-05-27 15:59:58.732343', '2026-05-27 15:59:58.732343', 0, NULL, NULL, NULL, 0.00, NULL);
INSERT INTO `orders` VALUES (41, 1, 1, 'O20260527160000143', 5, 162.00, 0.00, 0.00, 0, 0, '2026-05-27 16:00:00.049991', NULL, 2, NULL, NULL, '2026-05-27 16:00:00.066581', '2026-05-27 16:00:00.066581', 0, NULL, NULL, NULL, 0.00, NULL);
INSERT INTO `orders` VALUES (42, 1, 1, 'O20260527160008166', 5, 162.00, 0.00, 0.00, 0, 0, '2026-05-27 16:00:08.202880', NULL, 2, NULL, NULL, '2026-05-27 16:00:08.218436', '2026-05-27 16:00:08.218436', 0, NULL, NULL, NULL, 0.00, NULL);
INSERT INTO `orders` VALUES (43, 1, 1, 'O20260527160013136', 5, 162.00, 0.00, 0.00, 0, 0, '2026-05-27 16:00:13.823685', NULL, 2, NULL, NULL, '2026-05-27 16:00:13.837954', '2026-05-27 16:00:13.837954', 0, NULL, NULL, NULL, 0.00, NULL);
INSERT INTO `orders` VALUES (44, 1, 1, 'O20260527160019375', 5, 162.00, 0.00, 0.00, 0, 0, '2026-05-27 16:00:19.843747', NULL, 2, NULL, NULL, '2026-05-27 16:00:19.862858', '2026-05-27 16:00:19.862858', 0, NULL, NULL, NULL, 0.00, NULL);
INSERT INTO `orders` VALUES (45, 1, 1, 'O20260527160025732', 5, 162.00, 0.00, 0.00, 0, 0, '2026-05-27 16:00:25.348266', NULL, 2, NULL, NULL, '2026-05-27 16:00:25.362542', '2026-05-27 16:00:25.362542', 0, NULL, NULL, NULL, 0.00, NULL);
INSERT INTO `orders` VALUES (46, 1, 1, 'O20260527160033414', 5, 162.00, 0.00, 0.00, 0, 0, '2026-05-27 16:00:33.838442', NULL, 2, NULL, NULL, '2026-05-27 16:00:33.855837', '2026-05-27 16:00:33.855837', 0, NULL, NULL, NULL, 0.00, NULL);
INSERT INTO `orders` VALUES (47, 1, 1, 'O20260527160055172', 5, 162.00, 0.00, 0.00, 0, 0, '2026-05-27 16:00:55.915273', NULL, 2, NULL, NULL, '2026-05-27 16:00:55.931216', '2026-05-27 16:00:55.931216', 0, NULL, NULL, NULL, 0.00, NULL);
INSERT INTO `orders` VALUES (48, 1, 1, 'O20260527160102779', 5, 162.00, 0.00, 0.00, 0, 0, '2026-05-27 16:01:02.140446', NULL, 2, NULL, NULL, '2026-05-27 16:01:02.161586', '2026-05-27 16:01:02.161586', 0, NULL, NULL, NULL, 0.00, NULL);
INSERT INTO `orders` VALUES (49, 1, 1, 'O20260527160108392', 5, 162.00, 0.00, 0.00, 0, 0, '2026-05-27 16:01:08.497151', NULL, 2, NULL, NULL, '2026-05-27 16:01:08.511395', '2026-05-27 16:01:08.511395', 0, NULL, NULL, NULL, 0.00, NULL);
INSERT INTO `orders` VALUES (50, 1, 1, 'O20260527160133483', 5, 5.00, 0.00, 0.00, 0, 0, '2026-05-27 16:01:33.862454', NULL, 2, NULL, NULL, '2026-05-27 16:01:33.869916', '2026-05-27 16:01:33.869916', 0, NULL, NULL, NULL, 0.00, NULL);
INSERT INTO `orders` VALUES (51, 1, 1, 'O20260527160135185', 5, 5.00, 0.00, 0.00, 0, 0, '2026-05-27 16:01:35.764371', NULL, 2, NULL, NULL, '2026-05-27 16:01:35.772345', '2026-05-27 16:01:35.772345', 0, NULL, NULL, NULL, 0.00, NULL);
INSERT INTO `orders` VALUES (52, 1, 1, 'O20260527160136144', 5, 5.00, 0.00, 0.00, 0, 0, '2026-05-27 16:01:36.517534', NULL, 2, NULL, NULL, '2026-05-27 16:01:36.525410', '2026-05-27 16:01:36.525410', 0, NULL, NULL, NULL, 0.00, NULL);
INSERT INTO `orders` VALUES (53, 1, 1, 'O20260527160137591', 5, 5.00, 0.00, 0.00, 0, 0, '2026-05-27 16:01:37.110992', NULL, 2, NULL, NULL, '2026-05-27 16:01:37.119838', '2026-05-27 16:01:37.119838', 0, NULL, NULL, NULL, 0.00, NULL);
INSERT INTO `orders` VALUES (54, 1, 1, 'O20260527160137351', 5, 5.00, 0.00, 0.00, 0, 0, '2026-05-27 16:01:37.991568', NULL, 2, NULL, NULL, '2026-05-27 16:01:37.999147', '2026-05-27 16:01:37.999147', 0, NULL, NULL, NULL, 0.00, NULL);
INSERT INTO `orders` VALUES (55, 1, 1, 'O20260527160138548', 5, 5.00, 0.00, 0.00, 0, 0, '2026-05-27 16:01:38.717133', NULL, 2, NULL, NULL, '2026-05-27 16:01:38.725064', '2026-05-27 16:01:38.725064', 0, NULL, NULL, NULL, 0.00, NULL);
INSERT INTO `orders` VALUES (56, 1, 1, 'O20260527160139259', 5, 5.00, 0.00, 0.00, 0, 0, '2026-05-27 16:01:39.224544', NULL, 2, NULL, NULL, '2026-05-27 16:01:39.232367', '2026-05-27 16:01:39.232367', 0, NULL, NULL, NULL, 0.00, NULL);
INSERT INTO `orders` VALUES (57, 1, 1, 'O20260527160202308', NULL, 58.00, 0.00, 0.00, 0, 0, '2026-05-27 16:02:02.883656', NULL, 2, NULL, NULL, '2026-05-27 16:02:02.887422', '2026-05-27 16:02:02.887422', 0, NULL, NULL, NULL, 0.00, NULL);
INSERT INTO `orders` VALUES (58, 1, 1, 'O20260527160206564', NULL, 58.00, 0.00, 0.00, 0, 0, '2026-05-27 16:02:06.607906', NULL, 2, NULL, NULL, '2026-05-27 16:02:06.611890', '2026-05-27 16:02:06.611890', 0, NULL, NULL, NULL, 0.00, NULL);
INSERT INTO `orders` VALUES (59, 1, 1, 'O20260528004453398', 5, 153.00, 0.00, 153.00, 2, 20, '2026-05-28 00:44:53.511403', '2026-05-28 00:44:53.987390', 2, NULL, NULL, '2026-05-28 00:44:53.634918', '2026-05-28 00:44:54.007936', 0, NULL, NULL, NULL, 0.00, NULL);
INSERT INTO `orders` VALUES (60, 1, 1, 'O20260528023840164', NULL, 58.00, 0.00, 0.00, 0, 0, '2026-05-28 02:38:40.149552', NULL, 2, NULL, NULL, '2026-05-28 02:38:40.268303', '2026-05-28 02:38:40.268303', 0, NULL, NULL, NULL, 0.00, NULL);
INSERT INTO `orders` VALUES (61, 1, 1, 'O20260528023844208', NULL, 58.00, 0.00, 0.00, 0, 0, '2026-05-28 02:38:44.389514', NULL, 2, NULL, NULL, '2026-05-28 02:38:44.394345', '2026-05-28 02:38:44.394345', 0, NULL, NULL, NULL, 0.00, NULL);
INSERT INTO `orders` VALUES (62, 1, 1, 'O20260528023847814', NULL, 58.00, 0.00, 0.00, 0, 0, '2026-05-28 02:38:47.536254', NULL, 2, NULL, NULL, '2026-05-28 02:38:47.540437', '2026-05-28 02:38:47.540437', 0, NULL, NULL, NULL, 0.00, NULL);
INSERT INTO `orders` VALUES (63, 1, 1, 'O20260528023849681', NULL, 58.00, 0.00, 0.00, 0, 0, '2026-05-28 02:38:49.642125', NULL, 2, NULL, NULL, '2026-05-28 02:38:49.646047', '2026-05-28 02:38:49.646047', 0, NULL, NULL, NULL, 0.00, NULL);
INSERT INTO `orders` VALUES (64, 1, 1, 'O20260528023855191', NULL, 58.00, 0.00, 0.00, 0, 0, '2026-05-28 02:38:55.282972', NULL, 2, NULL, NULL, '2026-05-28 02:38:55.286899', '2026-05-28 02:38:55.286899', 0, NULL, NULL, NULL, 0.00, NULL);
INSERT INTO `orders` VALUES (65, 1, 1, 'O20260528024347403', NULL, 58.00, 0.00, 0.00, 0, 0, '2026-05-28 02:43:47.954075', NULL, 2, NULL, NULL, '2026-05-28 02:43:47.958087', '2026-05-28 02:43:47.958087', 0, NULL, NULL, NULL, 0.00, NULL);
INSERT INTO `orders` VALUES (66, 1, 1, 'O20260528024535889', NULL, 58.00, 0.00, 58.00, 1, 20, '2026-05-28 02:45:35.724305', '2026-05-28 02:45:35.804573', 2, NULL, NULL, '2026-05-28 02:45:35.728285', '2026-05-28 02:45:35.835116', 0, NULL, NULL, NULL, 0.00, NULL);
INSERT INTO `orders` VALUES (67, 1, 1, 'O20260528030042418', NULL, 58.00, 0.00, 58.00, 1, 20, '2026-05-28 03:00:42.279068', '2026-05-28 03:00:42.354953', 2, NULL, NULL, '2026-05-28 03:00:42.284341', '2026-05-28 03:00:42.357706', 0, NULL, NULL, NULL, 0.00, NULL);
INSERT INTO `orders` VALUES (68, 1, 1, 'O20260528081031445', NULL, 58.00, 0.00, 58.00, 1, 20, '2026-05-28 08:10:31.577583', '2026-05-28 08:10:31.827295', 2, NULL, NULL, '2026-05-28 08:10:31.600756', '2026-05-28 08:10:31.854335', 0, NULL, NULL, NULL, 0.00, NULL);
INSERT INTO `orders` VALUES (69, 1, 1, 'O20260528090753770', 5, 328.00, 0.00, 328.00, 2, 20, '2026-05-28 09:07:53.719039', '2026-05-28 09:07:53.965008', 2, NULL, NULL, '2026-05-28 09:07:53.749966', '2026-05-28 09:07:53.991089', 0, NULL, NULL, NULL, 0.00, NULL);
INSERT INTO `orders` VALUES (70, 1, 1, 'O20260529013800286', 5, 70.00, 0.00, 70.00, 2, 20, '2026-05-29 01:38:00.782384', '2026-05-29 01:38:01.322087', 2, NULL, NULL, '2026-05-29 01:38:00.906039', '2026-05-29 01:38:01.346952', 0, NULL, NULL, NULL, 0.00, NULL);
INSERT INTO `orders` VALUES (71, 1, 1, 'O20260529032815812', 5, 96.00, 0.00, 0.00, 0, 0, '2026-05-29 03:28:15.408885', NULL, 2, NULL, NULL, '2026-05-29 03:28:15.509118', '2026-05-29 03:28:15.509118', 0, NULL, NULL, NULL, 0.00, NULL);
INSERT INTO `orders` VALUES (72, 1, 1, 'O20260529032820588', 5, 96.00, 0.00, 0.00, 0, 0, '2026-05-29 03:28:20.016085', NULL, 2, NULL, NULL, '2026-05-29 03:28:20.022271', '2026-05-29 03:28:20.022271', 0, NULL, NULL, NULL, 0.00, NULL);
INSERT INTO `orders` VALUES (73, 1, 1, 'O20260529032825555', 5, 96.00, 0.00, 0.00, 0, 90, '2026-05-29 03:28:25.391405', NULL, 2, NULL, NULL, '2026-05-29 03:28:25.397655', '2026-06-19 19:55:34.446104', 0, NULL, NULL, NULL, 0.00, NULL);
INSERT INTO `orders` VALUES (74, 1, 1, 'O20260529033027714', 5, 100.00, 100.00, 0.00, 2, 20, '2026-05-29 03:30:27.157824', '2026-05-29 03:30:27.438769', 2, ' | 结账备注: 团购券结算。', NULL, '2026-05-29 03:30:27.168356', '2026-05-29 03:30:27.462412', 0, NULL, NULL, NULL, 0.00, 3);
INSERT INTO `orders` VALUES (75, 1, 1, 'O20260529033119519', NULL, 176.00, 100.00, 76.00, 3, 20, '2026-05-29 03:31:19.475503', '2026-05-29 03:31:19.592891', 2, NULL, NULL, '2026-05-29 03:31:19.481885', '2026-05-29 03:31:19.594837', 0, NULL, NULL, NULL, 0.00, 4);
INSERT INTO `orders` VALUES (76, 1, 1, 'O20260601024140956', 5, 46.00, 0.00, 46.00, 2, 20, '2026-06-01 02:41:40.091237', '2026-06-01 02:41:40.700613', 2, NULL, NULL, '2026-06-01 02:41:40.222175', '2026-06-01 02:41:40.722652', 0, NULL, NULL, NULL, 0.00, NULL);
INSERT INTO `orders` VALUES (77, 1, 1, 'O20260601025554522', 5, 46.00, 0.00, 46.00, 2, 20, '2026-06-01 02:55:54.222875', '2026-06-01 02:55:54.770256', 2, NULL, NULL, '2026-06-01 02:55:54.352396', '2026-06-01 02:55:54.790783', 0, NULL, NULL, NULL, 0.00, NULL);
INSERT INTO `orders` VALUES (78, 1, 1, 'O20260601025609653', NULL, 58.00, 0.00, 58.00, 1, 20, '2026-06-01 02:56:09.695011', '2026-06-01 02:56:09.775399', 2, NULL, NULL, '2026-06-01 02:56:09.700700', '2026-06-01 02:56:09.777726', 0, NULL, NULL, NULL, 0.00, NULL);
INSERT INTO `orders` VALUES (79, 1, 1, 'O20260601033437765', NULL, 58.00, 0.00, 58.00, 1, 20, '2026-06-01 03:34:37.802141', '2026-06-01 03:34:38.077136', 2, NULL, NULL, '2026-06-01 03:34:37.827685', '2026-06-01 03:34:38.099701', 0, NULL, NULL, NULL, 0.00, NULL);
INSERT INTO `orders` VALUES (80, 1, 1, 'O20260601034618833', 5, 46.00, 0.00, 46.00, 2, 20, '2026-06-01 03:46:18.401894', '2026-06-01 03:46:18.956845', 2, NULL, NULL, '2026-06-01 03:46:18.534026', '2026-06-01 03:46:18.977431', 0, NULL, NULL, NULL, 0.00, NULL);
INSERT INTO `orders` VALUES (81, 1, 1, 'O20260601034712172', NULL, 58.00, 0.00, 58.00, 1, 20, '2026-06-01 03:47:12.726601', '2026-06-01 03:47:12.802877', 2, NULL, NULL, '2026-06-01 03:47:12.730561', '2026-06-01 03:47:12.805680', 0, NULL, NULL, NULL, 0.00, NULL);
INSERT INTO `orders` VALUES (82, 1, 1, 'O20260601034756430', 6, 46.00, 0.00, 46.00, 2, 20, '2026-06-01 03:47:56.327761', '2026-06-01 03:47:56.398015', 2, NULL, NULL, '2026-06-01 03:47:56.334168', '2026-06-01 03:47:56.399917', 0, NULL, NULL, NULL, 0.00, NULL);
INSERT INTO `orders` VALUES (83, 1, 1, 'O20260601034910957', 6, 242.00, 0.00, 242.00, 2, 20, '2026-06-01 03:49:10.943014', '2026-06-01 03:49:11.024200', 2, NULL, NULL, '2026-06-01 03:49:10.955563', '2026-06-01 03:49:11.026382', 0, NULL, NULL, NULL, 0.00, NULL);
INSERT INTO `orders` VALUES (84, 1, 1, 'O20260601035710571', 5, 70.00, 0.00, 70.00, 2, 20, '2026-06-01 03:57:10.194827', '2026-06-01 03:57:10.747854', 2, NULL, NULL, '2026-06-01 03:57:10.327376', '2026-06-01 03:57:10.769137', 0, NULL, NULL, NULL, 0.00, NULL);
INSERT INTO `orders` VALUES (85, 1, 1, 'O20260601035722134', 5, 196.00, 0.00, 196.00, 2, 20, '2026-06-01 03:57:22.305778', '2026-06-01 03:57:22.414674', 2, NULL, NULL, '2026-06-01 03:57:22.320994', '2026-06-01 03:57:22.417656', 0, NULL, NULL, NULL, 0.00, NULL);
INSERT INTO `orders` VALUES (86, 1, 1, 'O20260601035907456', NULL, 58.00, 0.00, 58.00, 1, 20, '2026-06-01 03:59:07.402604', '2026-06-01 03:59:07.470915', 2, NULL, NULL, '2026-06-01 03:59:07.406806', '2026-06-01 03:59:07.473166', 0, NULL, NULL, NULL, 0.00, NULL);
INSERT INTO `orders` VALUES (87, 1, 1, 'O20260602024011160', 6, 818.00, 0.00, 818.00, 1, 20, '2026-06-02 02:40:11.809507', '2026-06-02 02:40:12.614359', 2, NULL, NULL, '2026-06-02 02:40:12.010309', '2026-06-02 02:40:12.639976', 0, NULL, NULL, NULL, 0.00, NULL);
INSERT INTO `orders` VALUES (88, 1, 1, 'O20260602024235704', NULL, 339.00, 0.00, 339.00, 5, 20, '2026-06-02 02:42:35.079773', '2026-06-02 02:42:35.246042', 2, NULL, NULL, '2026-06-02 02:42:35.114014', '2026-06-02 02:42:35.249373', 0, NULL, NULL, NULL, 0.00, NULL);
INSERT INTO `orders` VALUES (89, 1, 1, 'O20260602030644895', NULL, 208.00, 0.00, 208.00, 1, 20, '2026-06-02 03:06:44.430342', '2026-06-02 03:06:45.099471', 2, NULL, NULL, '2026-06-02 11:06:44.583194', '2026-06-02 11:06:45.129687', 0, NULL, NULL, NULL, 0.00, NULL);
INSERT INTO `orders` VALUES (90, 1, 1, 'O20260603025237743', 5, 146.33, 0.00, 146.33, 1, 20, '2026-06-03 02:52:37.676821', '2026-06-03 02:52:38.162589', 2, NULL, NULL, '2026-06-03 10:52:37.776922', '2026-06-03 10:52:38.186718', 0, NULL, NULL, NULL, 0.00, NULL);
INSERT INTO `orders` VALUES (91, 1, 1, 'O20260603030141191', 5, 531.00, 0.00, 531.00, 2, 20, '2026-06-03 03:01:41.570117', '2026-06-03 03:01:41.730020', 2, NULL, NULL, '2026-06-03 11:01:41.596487', '2026-06-03 11:01:41.732001', 0, NULL, NULL, NULL, 0.00, NULL);
INSERT INTO `orders` VALUES (92, 1, 1, 'O20260603030213600', NULL, 278.50, 0.00, 278.50, 1, 20, '2026-06-03 03:02:13.544020', '2026-06-03 03:02:13.664267', 2, NULL, NULL, '2026-06-03 11:02:13.550434', '2026-06-03 11:02:13.666308', 0, NULL, NULL, NULL, 0.00, NULL);
INSERT INTO `orders` VALUES (93, 1, 1, 'O20260603032046992', 5, 166.00, 0.00, 166.00, 2, 20, '2026-06-03 03:20:46.338976', '2026-06-03 03:20:46.479425', 2, ' | 结账备注: 334444', NULL, '2026-06-03 11:20:46.345663', '2026-06-03 11:20:46.481328', 0, NULL, NULL, NULL, 0.00, NULL);
INSERT INTO `orders` VALUES (94, 1, 1, 'O20260603032101134', 5, 51.00, 0.00, 51.00, 2, 20, '2026-06-03 03:21:01.256106', '2026-06-03 03:21:01.332722', 2, NULL, NULL, '2026-06-03 11:21:01.267349', '2026-06-03 11:21:01.334950', 0, NULL, NULL, NULL, 0.00, NULL);
INSERT INTO `orders` VALUES (95, 1, 1, 'O20260603032112625', NULL, 58.00, 0.00, 58.00, 1, 20, '2026-06-03 03:21:12.778963', '2026-06-03 03:21:12.884025', 2, NULL, NULL, '2026-06-03 11:21:12.782518', '2026-06-03 11:21:12.886182', 0, NULL, NULL, NULL, 0.00, NULL);
INSERT INTO `orders` VALUES (96, 1, 1, 'O20260603032156241', 5, 46.00, 0.00, 46.00, 2, 20, '2026-06-03 03:21:56.815702', '2026-06-03 03:21:56.886323', 2, NULL, NULL, '2026-06-03 11:21:56.823172', '2026-06-03 11:21:56.888758', 0, NULL, NULL, NULL, 0.00, NULL);
INSERT INTO `orders` VALUES (97, 1, 1, 'O20260603032229347', 5, 46.00, 0.00, 46.00, 2, 20, '2026-06-03 03:22:29.794649', '2026-06-03 03:22:29.862252', 2, NULL, NULL, '2026-06-03 11:22:29.801208', '2026-06-03 11:22:29.864296', 0, NULL, NULL, NULL, 0.00, NULL);
INSERT INTO `orders` VALUES (98, 1, 1, 'O20260603032244872', 5, 46.00, 0.00, 46.00, 2, 20, '2026-06-03 03:22:44.857367', '2026-06-03 03:22:44.926330', 2, NULL, NULL, '2026-06-03 11:22:44.865964', '2026-06-03 11:22:44.928382', 0, NULL, NULL, NULL, 0.00, NULL);
INSERT INTO `orders` VALUES (99, 1, 1, 'O20260603033139365', NULL, 58.00, 0.00, 58.00, 1, 20, '2026-06-03 03:31:39.365772', '2026-06-03 03:31:39.514917', 2, NULL, NULL, '2026-06-03 11:31:39.369767', '2026-06-03 11:31:39.517058', 0, NULL, NULL, NULL, 0.00, NULL);
INSERT INTO `orders` VALUES (100, 1, 1, 'O20260603033211940', 5, 260.00, 0.00, 260.00, 2, 20, '2026-06-03 03:32:11.772237', '2026-06-03 03:32:11.898009', 2, NULL, NULL, '2026-06-03 11:32:11.785801', '2026-06-03 11:32:11.900205', 0, NULL, NULL, NULL, 0.00, NULL);
INSERT INTO `orders` VALUES (101, 1, 1, 'O20260603033306183', NULL, 693.00, 0.00, 693.00, 1, 20, '2026-06-03 03:33:06.535253', '2026-06-03 03:33:06.671377', 2, NULL, NULL, '2026-06-03 11:33:06.558568', '2026-06-03 11:33:06.673339', 0, NULL, NULL, NULL, 0.00, NULL);
INSERT INTO `orders` VALUES (102, 1, 1, 'O20260603052739648', 6, 258.00, 0.00, 258.00, 2, 20, '2026-06-03 05:27:39.231220', '2026-06-03 05:27:39.381087', 2, NULL, NULL, '2026-06-03 13:27:39.245642', '2026-06-03 13:27:39.383154', 0, NULL, NULL, NULL, 0.00, NULL);
INSERT INTO `orders` VALUES (103, 1, 1, 'O20260603052803331', NULL, 281.00, 0.00, 281.00, 1, 20, '2026-06-03 05:28:03.478516', '2026-06-03 05:28:03.593014', 2, NULL, NULL, '2026-06-03 13:28:03.488403', '2026-06-03 13:28:03.595005', 0, NULL, NULL, NULL, 0.00, NULL);
INSERT INTO `orders` VALUES (104, 1, 1, 'O20260603061226558', 5, 51.00, 0.00, 51.00, 2, 20, '2026-06-03 06:12:26.679311', '2026-06-03 06:12:26.836375', 2, NULL, NULL, '2026-06-03 14:12:26.692616', '2026-06-03 14:12:26.841201', 0, NULL, NULL, NULL, 0.00, NULL);
INSERT INTO `orders` VALUES (105, 1, 1, 'O20260603061500314', 5, 97.00, 0.00, 97.00, 2, 20, '2026-06-03 06:15:00.270148', '2026-06-03 06:15:00.353769', 2, NULL, NULL, '2026-06-03 14:15:00.283619', '2026-06-03 14:15:00.355644', 0, NULL, NULL, NULL, 0.00, NULL);
INSERT INTO `orders` VALUES (106, 1, 1, 'O20260603083116838', 4, 92.00, 0.00, 92.00, 2, 20, '2026-06-03 08:31:16.729116', '2026-06-03 08:31:16.883038', 2, ' | 结账备注: 接着', NULL, '2026-06-03 16:31:16.740448', '2026-06-03 16:31:16.887029', 0, NULL, NULL, NULL, 0.00, NULL);
INSERT INTO `orders` VALUES (107, 1, 1, 'O20260603083220254', 4, 92.00, 0.00, 92.00, 2, 20, '2026-06-03 08:32:20.644060', '2026-06-03 08:32:20.762991', 2, ' | 结账备注: 确认', NULL, '2026-06-03 16:32:20.653234', '2026-06-03 16:32:20.764793', 0, NULL, NULL, NULL, 0.00, NULL);
INSERT INTO `orders` VALUES (108, 1, 1, 'O20260603083254122', NULL, 58.00, 0.00, 58.00, 1, 20, '2026-06-03 08:32:54.683387', '2026-06-03 08:32:54.790533', 2, NULL, NULL, '2026-06-03 16:32:54.686691', '2026-06-03 16:32:54.792591', 0, NULL, NULL, NULL, 0.00, NULL);
INSERT INTO `orders` VALUES (109, 1, 1, 'O20260604004609448', 4, 51.00, 0.00, 51.00, 2, 20, '2026-06-04 00:46:09.901423', '2026-06-04 00:46:10.517466', 2, NULL, NULL, '2026-06-04 08:46:10.050412', '2026-06-04 08:46:10.544715', 0, NULL, NULL, NULL, 0.00, NULL);
INSERT INTO `orders` VALUES (110, 1, 1, 'O20260604005348520', 9, 174.00, 0.00, 174.00, 2, 20, '2026-06-04 00:53:48.142835', '2026-06-04 00:53:48.742084', 2, NULL, NULL, '2026-06-04 08:53:48.272582', '2026-06-04 08:53:48.767002', 0, NULL, NULL, NULL, 0.00, NULL);
INSERT INTO `orders` VALUES (111, 1, 1, 'O20260608062913123', 6, 46.00, 0.00, 46.00, 2, 20, '2026-06-08 06:29:13.831312', '2026-06-08 06:29:14.208187', 2, NULL, NULL, '2026-06-08 14:29:13.927371', '2026-06-08 14:29:14.215576', 0, NULL, NULL, NULL, 0.00, NULL);
INSERT INTO `orders` VALUES (112, 1, 1, 'O20260609013948909', 1, 70.00, 0.00, 70.00, 2, 20, '2026-06-09 01:39:48.582434', '2026-06-09 01:39:49.038102', 2, NULL, NULL, '2026-06-09 09:39:48.685110', '2026-06-09 09:39:49.069579', 0, NULL, NULL, NULL, 0.00, NULL);
INSERT INTO `orders` VALUES (113, 1, 1, 'O20260609014001356', NULL, 58.00, 0.00, 58.00, 1, 20, '2026-06-09 01:40:01.104839', '2026-06-09 01:40:01.173681', 2, NULL, NULL, '2026-06-09 09:40:01.106336', '2026-06-09 09:40:01.174764', 0, NULL, NULL, NULL, 0.00, NULL);
INSERT INTO `orders` VALUES (114, 1, 1, 'O20260609014301378', NULL, 58.00, 0.00, 58.00, 1, 20, '2026-06-09 01:43:01.217915', '2026-06-09 01:43:01.283791', 2, NULL, NULL, '2026-06-09 09:43:01.219232', '2026-06-09 09:43:01.284789', 0, NULL, NULL, NULL, 0.00, NULL);
INSERT INTO `orders` VALUES (115, 1, 1, 'O20260612011250486', 7, 0.00, 0.00, 0.00, 2, 20, '2026-06-12 01:12:50.534890', '2026-06-12 01:12:50.937284', 2, NULL, NULL, '2026-06-12 09:12:50.641594', '2026-06-12 09:12:50.970738', 0, NULL, NULL, NULL, 0.00, NULL);
INSERT INTO `orders` VALUES (116, 1, 1, 'O20260612011334286', 4, 126.00, 0.00, 126.00, 2, 20, '2026-06-12 01:13:34.183536', '2026-06-12 01:13:34.223720', 2, ' | 结账备注: 合并结算', NULL, '2026-06-12 09:13:34.185622', '2026-06-12 09:13:34.224485', 0, NULL, NULL, NULL, 0.00, NULL);
INSERT INTO `orders` VALUES (117, 1, 1, 'O20260612011401642', 5, 48.00, 0.00, 48.00, 2, 20, '2026-06-12 01:14:01.272963', '2026-06-12 01:14:01.304618', 2, NULL, NULL, '2026-06-12 09:14:01.274865', '2026-06-12 09:14:01.305239', 0, NULL, NULL, NULL, 0.00, NULL);
INSERT INTO `orders` VALUES (118, 1, 1, 'O20260612011424840', 6, 94.00, 0.00, 94.00, 2, 20, '2026-06-12 01:14:24.613744', '2026-06-12 01:14:24.643872', 2, NULL, NULL, '2026-06-12 09:14:24.617213', '2026-06-12 09:14:24.644943', 0, NULL, NULL, NULL, 0.00, NULL);
INSERT INTO `orders` VALUES (119, 1, 1, 'O20260612084552715', 5, 116.00, 100.00, 16.00, 2, 20, '2026-06-12 08:45:52.274922', '2026-06-12 08:45:53.001263', 2, NULL, NULL, '2026-06-12 16:45:52.409363', '2026-06-12 16:45:53.024105', 0, NULL, NULL, NULL, 0.00, 22);
INSERT INTO `orders` VALUES (120, 1, 1, 'O20260615094854973', 4, 46.00, 0.00, 46.00, 2, 20, '2026-06-15 09:48:54.142039', '2026-06-15 09:48:54.621919', 2, NULL, NULL, '2026-06-15 17:48:54.245517', '2026-06-15 17:48:54.643929', 0, NULL, NULL, NULL, 0.00, NULL);
INSERT INTO `orders` VALUES (121, 1, 1, 'O20260619111915965', 4, 140.00, 0.00, 140.00, 2, 20, '2026-06-19 11:19:15.800697', '2026-06-19 11:19:16.275668', 2, NULL, NULL, '2026-06-19 19:19:15.903619', '2026-06-19 19:19:16.298398', 0, NULL, NULL, NULL, 0.00, NULL);
INSERT INTO `orders` VALUES (122, 1, 1, 'O20260619114003398', 4, 70.00, 0.00, 70.00, 2, 20, '2026-06-19 11:40:03.736697', '2026-06-19 11:40:03.776898', 2, NULL, NULL, '2026-06-19 19:40:03.738311', '2026-06-19 19:40:03.777694', 0, NULL, NULL, NULL, 0.00, NULL);
INSERT INTO `orders` VALUES (123, 1, 1, 'O20260619115348222', 4, 96.00, 0.00, 96.00, 2, 20, '2026-06-19 11:53:48.357916', '2026-06-19 11:53:48.760085', 2, NULL, NULL, '2026-06-19 19:53:48.461069', '2026-06-19 19:53:48.775917', 0, NULL, NULL, NULL, 0.00, NULL);

-- ----------------------------
-- Table structure for payment_orders
-- ----------------------------
DROP TABLE IF EXISTS `payment_orders`;
CREATE TABLE `payment_orders`  (
  `Id` bigint NOT NULL AUTO_INCREMENT,
  `TenantId` bigint NULL DEFAULT NULL,
  `OrderNo` varchar(64) CHARACTER SET utf8mb4 COLLATE utf8mb4_0900_ai_ci NOT NULL,
  `Amount` decimal(18, 2) NOT NULL,
  `Channel` int NOT NULL,
  `Status` int NOT NULL,
  `ThirdPartyTransactionNo` varchar(128) CHARACTER SET utf8mb4 COLLATE utf8mb4_0900_ai_ci NULL DEFAULT NULL,
  `PaidAt` datetime(6) NULL DEFAULT NULL,
  `PlanId` bigint NOT NULL,
  `Years` int NOT NULL,
  `RawCallbackPayload` text CHARACTER SET utf8mb4 COLLATE utf8mb4_0900_ai_ci NULL,
  `CreatedAt` datetime(6) NOT NULL,
  `UpdatedAt` datetime(6) NOT NULL,
  `IsDeleted` tinyint(1) NOT NULL,
  PRIMARY KEY (`Id`) USING BTREE,
  UNIQUE INDEX `IX_payment_orders_OrderNo`(`OrderNo` ASC) USING BTREE,
  INDEX `IX_payment_orders_PlanId`(`PlanId` ASC) USING BTREE,
  INDEX `IX_payment_orders_TenantId`(`TenantId` ASC) USING BTREE,
  INDEX `IX_payment_orders_ThirdPartyTransactionNo`(`ThirdPartyTransactionNo` ASC) USING BTREE,
  CONSTRAINT `FK_payment_orders_plans_PlanId` FOREIGN KEY (`PlanId`) REFERENCES `plans` (`Id`) ON DELETE RESTRICT ON UPDATE RESTRICT,
  CONSTRAINT `FK_payment_orders_tenants_TenantId` FOREIGN KEY (`TenantId`) REFERENCES `tenants` (`Id`) ON DELETE RESTRICT ON UPDATE RESTRICT
) ENGINE = InnoDB AUTO_INCREMENT = 7 CHARACTER SET = utf8mb4 COLLATE = utf8mb4_0900_ai_ci ROW_FORMAT = Dynamic;

-- ----------------------------
-- Records of payment_orders
-- ----------------------------
INSERT INTO `payment_orders` VALUES (1, 1, 'SUB202605290610149697', 1980.00, 0, 0, NULL, NULL, 1, 1, NULL, '2026-05-29 06:10:14.809634', '2026-05-29 06:10:14.809634', 0);
INSERT INTO `payment_orders` VALUES (2, 1, 'SUB202605290610225653', 1980.00, 1, 0, NULL, NULL, 1, 1, NULL, '2026-05-29 06:10:22.180734', '2026-05-29 06:10:22.180734', 0);
INSERT INTO `payment_orders` VALUES (3, 1, 'SUB202606090710564384', 11880.00, 0, 0, NULL, NULL, 1, 6, NULL, '2026-06-09 15:10:56.252347', '2026-06-09 15:10:56.252347', 0);
INSERT INTO `payment_orders` VALUES (4, 1, 'SUB202606150553064226', 51200.00, 0, 0, NULL, NULL, 3, 4, NULL, '2026-06-15 13:53:06.421611', '2026-06-15 13:53:06.421611', 0);
INSERT INTO `payment_orders` VALUES (5, 1, 'SUB202606150646224772', 12800.00, 1, 0, NULL, NULL, 3, 1, NULL, '2026-06-15 14:46:22.043270', '2026-06-15 14:46:22.043270', 0);
INSERT INTO `payment_orders` VALUES (6, 1, 'SUB202606150657267266', 12800.00, 1, 0, NULL, NULL, 3, 1, NULL, '2026-06-15 14:57:26.394578', '2026-06-15 14:57:26.394578', 0);

-- ----------------------------
-- Table structure for payroll_adjustments
-- ----------------------------
DROP TABLE IF EXISTS `payroll_adjustments`;
CREATE TABLE `payroll_adjustments`  (
  `Id` bigint NOT NULL AUTO_INCREMENT,
  `TenantId` bigint NULL DEFAULT NULL,
  `ItemId` bigint NOT NULL,
  `Kind` int NOT NULL,
  `Amount` decimal(18, 2) NOT NULL,
  `Reason` varchar(200) CHARACTER SET utf8mb4 COLLATE utf8mb4_0900_ai_ci NOT NULL,
  `OperatorUserId` bigint NULL DEFAULT NULL,
  `CreatedAt` datetime(6) NOT NULL,
  `UpdatedAt` datetime(6) NOT NULL,
  `IsDeleted` tinyint(1) NOT NULL,
  PRIMARY KEY (`Id`) USING BTREE,
  INDEX `IX_payroll_adjustments_ItemId`(`ItemId` ASC) USING BTREE,
  INDEX `IX_payroll_adjustments_OperatorUserId`(`OperatorUserId` ASC) USING BTREE,
  CONSTRAINT `FK_payroll_adjustments_payroll_items_ItemId` FOREIGN KEY (`ItemId`) REFERENCES `payroll_items` (`Id`) ON DELETE CASCADE ON UPDATE RESTRICT,
  CONSTRAINT `FK_payroll_adjustments_users_OperatorUserId` FOREIGN KEY (`OperatorUserId`) REFERENCES `users` (`Id`) ON DELETE SET NULL ON UPDATE RESTRICT
) ENGINE = InnoDB AUTO_INCREMENT = 9 CHARACTER SET = utf8mb4 COLLATE = utf8mb4_0900_ai_ci ROW_FORMAT = Dynamic;

-- ----------------------------
-- Records of payroll_adjustments
-- ----------------------------
INSERT INTO `payroll_adjustments` VALUES (7, 1, 77, 0, 100.00, '顾客好评', 2, '2026-06-12 11:09:38.607542', '2026-06-12 11:09:38.607542', 0);
INSERT INTO `payroll_adjustments` VALUES (8, 1, 77, 10, 100.00, '客户撤销', 2, '2026-06-12 11:10:11.686497', '2026-06-12 11:10:11.686497', 0);

-- ----------------------------
-- Table structure for payroll_items
-- ----------------------------
DROP TABLE IF EXISTS `payroll_items`;
CREATE TABLE `payroll_items`  (
  `Id` bigint NOT NULL AUTO_INCREMENT,
  `TenantId` bigint NULL DEFAULT NULL,
  `PeriodId` bigint NOT NULL,
  `UserId` bigint NOT NULL,
  `BaseSalary` decimal(18, 2) NOT NULL,
  `CommissionTotal` decimal(18, 2) NOT NULL,
  `TipsTotal` decimal(18, 2) NOT NULL,
  `OvertimeHours` decimal(8, 2) NOT NULL,
  `OvertimeAmount` decimal(18, 2) NOT NULL,
  `AttendanceBonus` decimal(18, 2) NOT NULL,
  `AdjustmentTotal` decimal(18, 2) NOT NULL,
  `NetTotal` decimal(18, 2) NOT NULL,
  `ServedRoundCount` int NOT NULL,
  `ScheduledDays` int NOT NULL,
  `LeaveDays` decimal(8, 1) NOT NULL,
  `Remark` varchar(500) CHARACTER SET utf8mb4 COLLATE utf8mb4_0900_ai_ci NULL DEFAULT NULL,
  `CreatedAt` datetime(6) NOT NULL,
  `UpdatedAt` datetime(6) NOT NULL,
  `IsDeleted` tinyint(1) NOT NULL,
  `ReferralCommissionTotal` decimal(18, 2) NOT NULL DEFAULT 0.00,
  PRIMARY KEY (`Id`) USING BTREE,
  UNIQUE INDEX `IX_payroll_items_PeriodId_UserId`(`PeriodId` ASC, `UserId` ASC) USING BTREE,
  INDEX `IX_payroll_items_UserId`(`UserId` ASC) USING BTREE,
  CONSTRAINT `FK_payroll_items_payroll_periods_PeriodId` FOREIGN KEY (`PeriodId`) REFERENCES `payroll_periods` (`Id`) ON DELETE CASCADE ON UPDATE RESTRICT,
  CONSTRAINT `FK_payroll_items_users_UserId` FOREIGN KEY (`UserId`) REFERENCES `users` (`Id`) ON DELETE RESTRICT ON UPDATE RESTRICT
) ENGINE = InnoDB AUTO_INCREMENT = 89 CHARACTER SET = utf8mb4 COLLATE = utf8mb4_0900_ai_ci ROW_FORMAT = Dynamic;

-- ----------------------------
-- Records of payroll_items
-- ----------------------------
INSERT INTO `payroll_items` VALUES (77, 1, 28, 2, 2000.00, 0.00, 0.00, 0.00, 0.00, 0.00, 0.00, 2000.00, 0, 5, 0.0, NULL, '2026-06-12 09:32:18.338573', '2026-06-12 11:10:11.686497', 0, 0.00);
INSERT INTO `payroll_items` VALUES (78, 1, 28, 3, 2200.00, 0.00, 0.00, 0.00, 0.00, 0.00, 0.00, 2230.00, 0, 4, 3.5, NULL, '2026-06-12 09:32:18.338573', '2026-06-12 09:32:18.338573', 0, 30.00);
INSERT INTO `payroll_items` VALUES (79, 1, 28, 4, 2000.00, 413.00, 0.00, 0.00, 0.00, 0.00, 0.00, 2443.00, 55, 5, 5.0, NULL, '2026-06-12 09:32:18.338573', '2026-06-12 09:32:18.338573', 0, 30.00);
INSERT INTO `payroll_items` VALUES (80, 1, 28, 5, 3500.00, 88.50, 0.00, 0.00, 0.00, 0.00, 0.00, 3588.50, 17, 4, 0.0, NULL, '2026-06-12 09:32:18.338573', '2026-06-12 09:32:18.338573', 0, 0.00);
INSERT INTO `payroll_items` VALUES (81, 1, 28, 6, 4000.00, 0.00, 0.00, 0.00, 0.00, 0.00, 0.00, 4000.00, 13, 5, 0.0, NULL, '2026-06-12 09:32:18.338573', '2026-06-12 09:32:18.338573', 0, 0.00);
INSERT INTO `payroll_items` VALUES (82, 1, 28, 7, 1800.00, 0.00, 0.00, 0.00, 0.00, 0.00, 0.00, 1800.00, 0, 4, 0.0, NULL, '2026-06-12 09:32:18.338573', '2026-06-12 09:32:18.338573', 0, 0.00);
INSERT INTO `payroll_items` VALUES (83, 1, 29, 2, 2000.00, 0.00, 0.00, 0.00, 0.00, 0.00, 0.00, 2000.00, 0, 0, 0.0, NULL, '2026-06-12 11:01:36.013985', '2026-06-12 11:01:36.013985', 0, 0.00);
INSERT INTO `payroll_items` VALUES (84, 1, 29, 3, 2200.00, 0.00, 0.00, 0.00, 0.00, 0.00, 0.00, 2200.00, 0, 0, 0.0, NULL, '2026-06-12 11:01:36.013985', '2026-06-12 11:01:36.013985', 0, 0.00);
INSERT INTO `payroll_items` VALUES (85, 1, 29, 4, 2000.00, 0.00, 0.00, 0.00, 0.00, 0.00, 0.00, 2000.00, 0, 0, 0.0, NULL, '2026-06-12 11:01:36.013985', '2026-06-12 11:01:36.013985', 0, 0.00);
INSERT INTO `payroll_items` VALUES (86, 1, 29, 5, 3500.00, 0.00, 0.00, 0.00, 0.00, 0.00, 0.00, 3500.00, 0, 0, 0.0, NULL, '2026-06-12 11:01:36.013985', '2026-06-12 11:01:36.013985', 0, 0.00);
INSERT INTO `payroll_items` VALUES (87, 1, 29, 6, 4000.00, 0.00, 0.00, 0.00, 0.00, 0.00, 0.00, 4000.00, 0, 0, 0.0, NULL, '2026-06-12 11:01:36.013985', '2026-06-12 11:01:36.013985', 0, 0.00);
INSERT INTO `payroll_items` VALUES (88, 1, 29, 7, 1800.00, 0.00, 0.00, 0.00, 0.00, 0.00, 0.00, 1800.00, 0, 0, 0.0, NULL, '2026-06-12 11:01:36.013985', '2026-06-12 11:01:36.013985', 0, 0.00);

-- ----------------------------
-- Table structure for payroll_periods
-- ----------------------------
DROP TABLE IF EXISTS `payroll_periods`;
CREATE TABLE `payroll_periods`  (
  `Id` bigint NOT NULL AUTO_INCREMENT,
  `TenantId` bigint NULL DEFAULT NULL,
  `StoreId` bigint NOT NULL,
  `Year` int NOT NULL,
  `Month` int NOT NULL,
  `Status` int NOT NULL,
  `GeneratedAt` datetime(6) NOT NULL,
  `LockedAt` datetime(6) NULL DEFAULT NULL,
  `PaidAt` datetime(6) NULL DEFAULT NULL,
  `OperatorUserId` bigint NULL DEFAULT NULL,
  `TotalAmount` decimal(18, 2) NOT NULL,
  `Remark` varchar(500) CHARACTER SET utf8mb4 COLLATE utf8mb4_0900_ai_ci NULL DEFAULT NULL,
  `CreatedAt` datetime(6) NOT NULL,
  `UpdatedAt` datetime(6) NOT NULL,
  `IsDeleted` tinyint(1) NOT NULL,
  PRIMARY KEY (`Id`) USING BTREE,
  UNIQUE INDEX `IX_payroll_periods_StoreId_Year_Month`(`StoreId` ASC, `Year` ASC, `Month` ASC) USING BTREE,
  INDEX `IX_payroll_periods_OperatorUserId`(`OperatorUserId` ASC) USING BTREE,
  CONSTRAINT `FK_payroll_periods_stores_StoreId` FOREIGN KEY (`StoreId`) REFERENCES `stores` (`Id`) ON DELETE CASCADE ON UPDATE RESTRICT,
  CONSTRAINT `FK_payroll_periods_users_OperatorUserId` FOREIGN KEY (`OperatorUserId`) REFERENCES `users` (`Id`) ON DELETE SET NULL ON UPDATE RESTRICT
) ENGINE = InnoDB AUTO_INCREMENT = 30 CHARACTER SET = utf8mb4 COLLATE = utf8mb4_0900_ai_ci ROW_FORMAT = Dynamic;

-- ----------------------------
-- Records of payroll_periods
-- ----------------------------
INSERT INTO `payroll_periods` VALUES (28, 1, 1, 2026, 6, 0, '2026-06-12 01:32:18.337637', NULL, NULL, 2, 16061.50, NULL, '2026-06-12 09:32:18.338573', '2026-06-12 11:10:11.686497', 0);
INSERT INTO `payroll_periods` VALUES (29, 1, 1, 2025, 9, 0, '2026-06-12 03:01:35.936273', NULL, NULL, 2, 15500.00, NULL, '2026-06-12 11:01:36.013985', '2026-06-12 11:01:36.013985', 0);

-- ----------------------------
-- Table structure for plans
-- ----------------------------
DROP TABLE IF EXISTS `plans`;
CREATE TABLE `plans`  (
  `Id` bigint NOT NULL AUTO_INCREMENT,
  `Code` varchar(32) CHARACTER SET utf8mb4 COLLATE utf8mb4_0900_ai_ci NOT NULL,
  `Name` varchar(64) CHARACTER SET utf8mb4 COLLATE utf8mb4_0900_ai_ci NOT NULL,
  `MaxStores` int NOT NULL,
  `MaxStaff` int NOT NULL,
  `AnnualPrice` decimal(18, 2) NOT NULL,
  `FeatureJson` json NULL,
  `IsActive` tinyint(1) NOT NULL,
  `CreatedAt` datetime(6) NOT NULL,
  `UpdatedAt` datetime(6) NOT NULL,
  `IsDeleted` tinyint(1) NOT NULL,
  PRIMARY KEY (`Id`) USING BTREE,
  UNIQUE INDEX `IX_plans_Code`(`Code` ASC) USING BTREE
) ENGINE = InnoDB AUTO_INCREMENT = 4 CHARACTER SET = utf8mb4 COLLATE = utf8mb4_0900_ai_ci ROW_FORMAT = Dynamic;

-- ----------------------------
-- Records of plans
-- ----------------------------
INSERT INTO `plans` VALUES (1, 'basic', '基础版', 1, 10, 1980.00, NULL, 1, '2026-05-25 08:42:28.812220', '2026-05-25 08:42:28.812220', 0);
INSERT INTO `plans` VALUES (2, 'standard', '标准版', 3, 30, 4980.00, NULL, 1, '2026-05-25 08:42:28.812220', '2026-05-25 08:42:28.812220', 0);
INSERT INTO `plans` VALUES (3, 'enterprise', '旗舰版', 10, 200, 12800.00, NULL, 1, '2026-05-25 08:42:28.812220', '2026-05-25 08:42:28.812220', 0);

-- ----------------------------
-- Table structure for platformsettings
-- ----------------------------
DROP TABLE IF EXISTS `platformsettings`;
CREATE TABLE `platformsettings`  (
  `Id` bigint NOT NULL AUTO_INCREMENT,
  `ExpiryNotice` longtext CHARACTER SET utf8mb4 COLLATE utf8mb4_0900_ai_ci NULL,
  `ContactPhone` longtext CHARACTER SET utf8mb4 COLLATE utf8mb4_0900_ai_ci NULL,
  `ContactWechat` longtext CHARACTER SET utf8mb4 COLLATE utf8mb4_0900_ai_ci NULL,
  `CreatedAt` datetime(6) NOT NULL,
  `UpdatedAt` datetime(6) NOT NULL,
  `IsDeleted` tinyint(1) NOT NULL,
  `CsManualNormal` longtext CHARACTER SET utf8mb4 COLLATE utf8mb4_0900_ai_ci NULL,
  `CsManualA11y` longtext CHARACTER SET utf8mb4 COLLATE utf8mb4_0900_ai_ci NULL,
  `BsManualNormal` longtext CHARACTER SET utf8mb4 COLLATE utf8mb4_0900_ai_ci NULL,
  `BsManualA11y` longtext CHARACTER SET utf8mb4 COLLATE utf8mb4_0900_ai_ci NULL,
  `ServiceAgreement` longtext CHARACTER SET utf8mb4 COLLATE utf8mb4_0900_ai_ci NULL,
  `PrivacyPolicy` longtext CHARACTER SET utf8mb4 COLLATE utf8mb4_0900_ai_ci NULL,
  PRIMARY KEY (`Id`) USING BTREE
) ENGINE = InnoDB AUTO_INCREMENT = 2 CHARACTER SET = utf8mb4 COLLATE = utf8mb4_0900_ai_ci ROW_FORMAT = Dynamic;

-- ----------------------------
-- Records of platformsettings
-- ----------------------------
INSERT INTO `platformsettings` VALUES (1, '订阅到期后，系统进入只读模式：只能查询数据，无法新建订单、充值或编辑配置。\n新购年限从当前到期日继续累加；如已过期，则从购买当天起算。', '18911916819', '18911916819', '2026-06-15 15:35:51.521347', '2026-06-15 15:36:42.337353', 0, NULL, NULL, NULL, NULL, NULL, NULL);

-- ----------------------------
-- Table structure for rooms
-- ----------------------------
DROP TABLE IF EXISTS `rooms`;
CREATE TABLE `rooms`  (
  `Id` bigint NOT NULL AUTO_INCREMENT,
  `TenantId` bigint NULL DEFAULT NULL,
  `StoreId` bigint NOT NULL,
  `RoomNo` varchar(32) CHARACTER SET utf8mb4 COLLATE utf8mb4_0900_ai_ci NOT NULL,
  `Capacity` int NOT NULL,
  `RoomType` varchar(32) CHARACTER SET utf8mb4 COLLATE utf8mb4_0900_ai_ci NULL DEFAULT NULL,
  `Remark` varchar(500) CHARACTER SET utf8mb4 COLLATE utf8mb4_0900_ai_ci NULL DEFAULT NULL,
  `IsActive` tinyint(1) NOT NULL,
  `CreatedAt` datetime(6) NOT NULL,
  `UpdatedAt` datetime(6) NOT NULL,
  `IsDeleted` tinyint(1) NOT NULL,
  `HourlyRate` decimal(18, 2) NOT NULL DEFAULT 0.00,
  `IsTimedRoom` tinyint(1) NOT NULL DEFAULT 0,
  PRIMARY KEY (`Id`) USING BTREE,
  UNIQUE INDEX `IX_rooms_TenantId_StoreId_RoomNo`(`TenantId` ASC, `StoreId` ASC, `RoomNo` ASC) USING BTREE,
  INDEX `IX_rooms_StoreId`(`StoreId` ASC) USING BTREE,
  CONSTRAINT `FK_rooms_stores_StoreId` FOREIGN KEY (`StoreId`) REFERENCES `stores` (`Id`) ON DELETE CASCADE ON UPDATE RESTRICT,
  CONSTRAINT `FK_rooms_tenants_TenantId` FOREIGN KEY (`TenantId`) REFERENCES `tenants` (`Id`) ON DELETE CASCADE ON UPDATE RESTRICT
) ENGINE = InnoDB AUTO_INCREMENT = 11 CHARACTER SET = utf8mb4 COLLATE = utf8mb4_0900_ai_ci ROW_FORMAT = Dynamic;

-- ----------------------------
-- Records of rooms
-- ----------------------------
INSERT INTO `rooms` VALUES (1, 1, 1, '雅间1号', 1, '标准间', NULL, 1, '2026-05-26 08:24:51.238534', '2026-06-12 15:02:26.698498', 0, 0.00, 0);
INSERT INTO `rooms` VALUES (2, 1, 1, 'VIP一号', 1, 'VIP', NULL, 0, '2026-05-26 08:47:43.250395', '2026-06-05 11:50:14.043916', 0, 10.00, 1);
INSERT INTO `rooms` VALUES (3, 1, 1, '情侣雅间', 2, '情侣间', NULL, 0, '2026-05-26 09:17:38.221804', '2026-06-05 14:00:41.489054', 0, 20.00, 1);
INSERT INTO `rooms` VALUES (4, 1, 1, '雅间2号', 1, '标准间', NULL, 1, '2026-05-27 14:41:35.798074', '2026-06-12 15:02:36.292074', 0, 0.00, 0);
INSERT INTO `rooms` VALUES (5, 1, 1, '雅间3号', 1, 'VIP', NULL, 1, '2026-05-27 15:01:37.448504', '2026-06-12 15:02:40.641286', 0, 0.00, 0);
INSERT INTO `rooms` VALUES (6, 1, 1, '雅间4号', 1, '标准间', NULL, 1, '2026-05-27 15:01:48.931644', '2026-06-03 10:40:50.707548', 0, 50.00, 1);
INSERT INTO `rooms` VALUES (7, 1, 1, '雅间5号', 4, '标准间', NULL, 1, '2026-05-27 15:54:04.339911', '2026-06-03 10:40:59.669537', 0, 300.00, 1);
INSERT INTO `rooms` VALUES (8, 1, 1, '雅洁6号', 1, NULL, NULL, 0, '2026-06-03 10:48:11.100578', '2026-06-05 13:50:04.246730', 0, 100.00, 1);
INSERT INTO `rooms` VALUES (9, 1, 1, '雅洁7号', 1, 'VIP', NULL, 1, '2026-06-03 10:48:53.368928', '2026-06-12 15:02:19.898152', 0, 0.00, 0);
INSERT INTO `rooms` VALUES (10, 1, 1, '雅间8号', 3, '情侣间', '雅间8号', 1, '2026-06-05 11:49:26.802730', '2026-06-05 11:49:26.802730', 0, 50.00, 1);

-- ----------------------------
-- Table structure for salary_profiles
-- ----------------------------
DROP TABLE IF EXISTS `salary_profiles`;
CREATE TABLE `salary_profiles`  (
  `Id` bigint NOT NULL AUTO_INCREMENT,
  `TenantId` bigint NULL DEFAULT NULL,
  `UserId` bigint NOT NULL,
  `BaseMonthly` decimal(18, 2) NOT NULL,
  `OvertimeHourRate` decimal(18, 2) NOT NULL,
  `AttendanceBonusAmount` decimal(18, 2) NOT NULL,
  `RequiredAttendanceDays` int NOT NULL,
  `Remark` varchar(500) CHARACTER SET utf8mb4 COLLATE utf8mb4_0900_ai_ci NULL DEFAULT NULL,
  `CreatedAt` datetime(6) NOT NULL,
  `UpdatedAt` datetime(6) NOT NULL,
  `IsDeleted` tinyint(1) NOT NULL,
  PRIMARY KEY (`Id`) USING BTREE,
  UNIQUE INDEX `IX_salary_profiles_TenantId_UserId`(`TenantId` ASC, `UserId` ASC) USING BTREE,
  INDEX `IX_salary_profiles_UserId`(`UserId` ASC) USING BTREE,
  CONSTRAINT `FK_salary_profiles_users_UserId` FOREIGN KEY (`UserId`) REFERENCES `users` (`Id`) ON DELETE CASCADE ON UPDATE RESTRICT
) ENGINE = InnoDB AUTO_INCREMENT = 7 CHARACTER SET = utf8mb4 COLLATE = utf8mb4_0900_ai_ci ROW_FORMAT = Dynamic;

-- ----------------------------
-- Records of salary_profiles
-- ----------------------------
INSERT INTO `salary_profiles` VALUES (1, 1, 2, 2000.00, 15.00, 100.00, 28, NULL, '2026-05-29 01:31:30.387576', '2026-06-01 07:59:03.063301', 0);
INSERT INTO `salary_profiles` VALUES (2, 1, 3, 2200.00, 45.00, 100.00, 0, '额额外', '2026-05-29 05:23:36.510587', '2026-06-12 11:23:13.431403', 0);
INSERT INTO `salary_profiles` VALUES (3, 1, 4, 2000.00, 0.00, 100.00, 0, NULL, '2026-05-29 05:23:44.122417', '2026-05-29 05:24:14.665586', 0);
INSERT INTO `salary_profiles` VALUES (4, 1, 5, 3500.00, 0.00, 100.00, 0, NULL, '2026-05-29 05:23:49.456455', '2026-05-29 05:24:23.836227', 0);
INSERT INTO `salary_profiles` VALUES (5, 1, 6, 4000.00, 10.00, 100.00, 0, NULL, '2026-05-29 05:23:54.751419', '2026-06-02 14:47:21.800827', 0);
INSERT INTO `salary_profiles` VALUES (6, 1, 7, 1800.00, 0.00, 100.00, 0, NULL, '2026-05-29 05:24:00.578261', '2026-06-11 11:01:54.032238', 0);

-- ----------------------------
-- Table structure for service_complaints
-- ----------------------------
DROP TABLE IF EXISTS `service_complaints`;
CREATE TABLE `service_complaints`  (
  `Id` bigint NOT NULL AUTO_INCREMENT,
  `TenantId` bigint NULL DEFAULT NULL,
  `StoreId` bigint NOT NULL,
  `OrderId` bigint NULL DEFAULT NULL,
  `OrderItemId` bigint NULL DEFAULT NULL,
  `OriginalTechnicianId` bigint NULL DEFAULT NULL,
  `MemberId` bigint NULL DEFAULT NULL,
  `Tags` varchar(200) CHARACTER SET utf8mb4 COLLATE utf8mb4_0900_ai_ci NULL DEFAULT NULL,
  `Comment` varchar(1000) CHARACTER SET utf8mb4 COLLATE utf8mb4_0900_ai_ci NULL DEFAULT NULL,
  `Status` int NOT NULL,
  `Resolution` int NULL DEFAULT NULL,
  `ReassignedToTechnicianId` bigint NULL DEFAULT NULL,
  `ResolutionNote` varchar(500) CHARACTER SET utf8mb4 COLLATE utf8mb4_0900_ai_ci NULL DEFAULT NULL,
  `ResolvedAt` datetime(6) NULL DEFAULT NULL,
  `ResolvedByUserId` bigint NULL DEFAULT NULL,
  `RecordedByUserId` bigint NULL DEFAULT NULL,
  `CreatedAt` datetime(6) NOT NULL,
  `UpdatedAt` datetime(6) NOT NULL,
  `IsDeleted` tinyint(1) NOT NULL,
  PRIMARY KEY (`Id`) USING BTREE,
  INDEX `IX_service_complaints_MemberId`(`MemberId` ASC) USING BTREE,
  INDEX `IX_service_complaints_OrderId`(`OrderId` ASC) USING BTREE,
  INDEX `IX_service_complaints_OrderItemId`(`OrderItemId` ASC) USING BTREE,
  INDEX `IX_service_complaints_OriginalTechnicianId`(`OriginalTechnicianId` ASC) USING BTREE,
  INDEX `IX_service_complaints_ReassignedToTechnicianId`(`ReassignedToTechnicianId` ASC) USING BTREE,
  INDEX `IX_service_complaints_RecordedByUserId`(`RecordedByUserId` ASC) USING BTREE,
  INDEX `IX_service_complaints_ResolvedByUserId`(`ResolvedByUserId` ASC) USING BTREE,
  INDEX `IX_service_complaints_StoreId`(`StoreId` ASC) USING BTREE,
  INDEX `IX_service_complaints_TenantId_OriginalTechnicianId_CreatedAt`(`TenantId` ASC, `OriginalTechnicianId` ASC, `CreatedAt` ASC) USING BTREE,
  INDEX `IX_service_complaints_TenantId_StoreId_Status`(`TenantId` ASC, `StoreId` ASC, `Status` ASC) USING BTREE,
  CONSTRAINT `FK_service_complaints_members_MemberId` FOREIGN KEY (`MemberId`) REFERENCES `members` (`Id`) ON DELETE SET NULL ON UPDATE RESTRICT,
  CONSTRAINT `FK_service_complaints_order_items_OrderItemId` FOREIGN KEY (`OrderItemId`) REFERENCES `order_items` (`Id`) ON DELETE SET NULL ON UPDATE RESTRICT,
  CONSTRAINT `FK_service_complaints_orders_OrderId` FOREIGN KEY (`OrderId`) REFERENCES `orders` (`Id`) ON DELETE SET NULL ON UPDATE RESTRICT,
  CONSTRAINT `FK_service_complaints_stores_StoreId` FOREIGN KEY (`StoreId`) REFERENCES `stores` (`Id`) ON DELETE RESTRICT ON UPDATE RESTRICT,
  CONSTRAINT `FK_service_complaints_users_OriginalTechnicianId` FOREIGN KEY (`OriginalTechnicianId`) REFERENCES `users` (`Id`) ON DELETE SET NULL ON UPDATE RESTRICT,
  CONSTRAINT `FK_service_complaints_users_ReassignedToTechnicianId` FOREIGN KEY (`ReassignedToTechnicianId`) REFERENCES `users` (`Id`) ON DELETE SET NULL ON UPDATE RESTRICT,
  CONSTRAINT `FK_service_complaints_users_RecordedByUserId` FOREIGN KEY (`RecordedByUserId`) REFERENCES `users` (`Id`) ON DELETE SET NULL ON UPDATE RESTRICT,
  CONSTRAINT `FK_service_complaints_users_ResolvedByUserId` FOREIGN KEY (`ResolvedByUserId`) REFERENCES `users` (`Id`) ON DELETE SET NULL ON UPDATE RESTRICT
) ENGINE = InnoDB AUTO_INCREMENT = 14 CHARACTER SET = utf8mb4 COLLATE = utf8mb4_0900_ai_ci ROW_FORMAT = Dynamic;

-- ----------------------------
-- Records of service_complaints
-- ----------------------------
INSERT INTO `service_complaints` VALUES (1, 1, 1, 2, 2, 4, 4, '丁丁', '丁丁', 10, 20, NULL, '和', '2026-06-09 03:51:10.428934', 2, 2, '2026-05-28 07:24:14.677219', '2026-06-09 11:51:10.428939', 0);
INSERT INTO `service_complaints` VALUES (2, 1, 1, 1, 1, 5, 2, '问问', '问问', 90, NULL, NULL, NULL, '2026-06-09 03:39:56.330520', 2, 2, '2026-05-28 07:24:48.059128', '2026-06-09 11:39:56.330521', 0);
INSERT INTO `service_complaints` VALUES (3, 1, 1, 3, 5, 4, 4, '大沙发', '发大水发', 10, 10, NULL, NULL, '2026-05-28 07:30:59.071932', 2, 2, '2026-05-28 07:25:16.493373', '2026-05-28 07:30:59.072043', 0);
INSERT INTO `service_complaints` VALUES (4, 1, 1, 6, 10, 5, 4, NULL, NULL, 90, NULL, NULL, NULL, '2026-06-09 01:47:43.289045', 2, 2, '2026-05-28 07:41:25.095759', '2026-06-09 09:47:43.289218', 0);
INSERT INTO `service_complaints` VALUES (5, 1, 1, 67, 123, 4, NULL, '服务态度差', '服务态度差', 90, NULL, NULL, NULL, '2026-06-01 07:40:20.377548', 2, 2, '2026-05-28 08:08:08.220088', '2026-06-01 07:40:20.377549', 0);
INSERT INTO `service_complaints` VALUES (6, 1, 1, 34, 63, 5, 5, '啊啊', '啊啊', 10, 20, NULL, NULL, '2026-06-01 07:40:13.048389', 2, 2, '2026-05-28 08:08:40.153265', '2026-06-01 07:40:13.048390', 0);
INSERT INTO `service_complaints` VALUES (7, 1, 1, NULL, NULL, 4, NULL, '服务差', '服务差，气人', 10, 20, NULL, '已经道歉。', '2026-05-28 09:03:30.246865', 2, 2, '2026-05-28 09:02:52.102690', '2026-05-28 09:03:30.247016', 0);
INSERT INTO `service_complaints` VALUES (8, 1, 1, 68, 124, 4, NULL, '按出血了。', '按出血了。', 10, 10, NULL, NULL, '2026-05-28 09:03:48.071093', 2, 2, '2026-05-28 09:03:13.623135', '2026-05-28 09:03:48.071094', 0);
INSERT INTO `service_complaints` VALUES (9, 1, 1, 68, 124, 4, NULL, '额外热无', '二期', 10, 30, NULL, NULL, '2026-06-01 07:10:54.501101', 2, 2, '2026-05-28 09:06:57.691440', '2026-06-01 07:10:54.501195', 0);
INSERT INTO `service_complaints` VALUES (10, 1, 1, 86, 148, 5, NULL, NULL, NULL, 90, NULL, NULL, NULL, '2026-06-01 07:40:05.923659', 2, 2, '2026-06-01 07:11:20.647685', '2026-06-01 07:40:05.923663', 0);
INSERT INTO `service_complaints` VALUES (11, 1, 1, NULL, NULL, 5, NULL, '石端胜', '发大水', 90, NULL, NULL, NULL, '2026-06-09 02:32:22.827990', 2, 2, '2026-06-09 09:46:50.861686', '2026-06-09 10:32:22.827991', 0);
INSERT INTO `service_complaints` VALUES (12, 1, 1, 114, 210, 5, NULL, '态度差,力度不合适,技术生疏', NULL, 90, NULL, NULL, NULL, '2026-06-09 02:32:13.148685', 2, 2, '2026-06-09 10:32:06.677550', '2026-06-09 10:32:13.148686', 0);
INSERT INTO `service_complaints` VALUES (13, 1, 1, NULL, NULL, 6, NULL, '力度不合适,技术生疏', NULL, 10, 20, NULL, NULL, '2026-06-19 11:21:31.957806', 2, 2, '2026-06-09 11:34:53.168680', '2026-06-19 19:21:31.957971', 0);

-- ----------------------------
-- Table structure for service_items
-- ----------------------------
DROP TABLE IF EXISTS `service_items`;
CREATE TABLE `service_items`  (
  `Id` bigint NOT NULL AUTO_INCREMENT,
  `TenantId` bigint NULL DEFAULT NULL,
  `Code` varchar(32) CHARACTER SET utf8mb4 COLLATE utf8mb4_0900_ai_ci NOT NULL,
  `Name` varchar(200) CHARACTER SET utf8mb4 COLLATE utf8mb4_0900_ai_ci NOT NULL,
  `DurationMinutes` int NOT NULL,
  `Price` decimal(18, 2) NOT NULL,
  `MemberPrice` decimal(18, 2) NOT NULL,
  `Description` varchar(500) CHARACTER SET utf8mb4 COLLATE utf8mb4_0900_ai_ci NULL DEFAULT NULL,
  `IsActive` tinyint(1) NOT NULL,
  `CreatedAt` datetime(6) NOT NULL,
  `UpdatedAt` datetime(6) NOT NULL,
  `IsDeleted` tinyint(1) NOT NULL,
  `PriceJunior` decimal(18, 2) NULL DEFAULT NULL,
  `PriceMaster` decimal(18, 2) NULL DEFAULT NULL,
  `Sort` int NOT NULL DEFAULT 0,
  PRIMARY KEY (`Id`) USING BTREE,
  UNIQUE INDEX `IX_service_items_TenantId_Code`(`TenantId` ASC, `Code` ASC) USING BTREE,
  CONSTRAINT `FK_service_items_tenants_TenantId` FOREIGN KEY (`TenantId`) REFERENCES `tenants` (`Id`) ON DELETE CASCADE ON UPDATE RESTRICT
) ENGINE = InnoDB AUTO_INCREMENT = 45 CHARACTER SET = utf8mb4 COLLATE = utf8mb4_0900_ai_ci ROW_FORMAT = Dynamic;

-- ----------------------------
-- Records of service_items
-- ----------------------------
INSERT INTO `service_items` VALUES (1, 1, '001', '全身推拿', 60, 88.00, 70.00, '全身推拿', 1, '2026-05-25 09:39:45.888922', '2026-06-08 15:20:17.693973', 0, NULL, NULL, 0);
INSERT INTO `service_items` VALUES (2, 1, '002', '肩颈专项按摩', 40, 58.00, 48.00, '肩颈专项按摩', 1, '2026-05-25 10:06:15.855220', '2026-06-08 15:20:17.140009', 0, NULL, NULL, 1);
INSERT INTO `service_items` VALUES (3, 1, '003', '腰背推拿', 40, 58.00, 46.00, '腰背推拿', 1, '2026-05-25 10:07:46.008958', '2026-06-08 15:20:16.186485', 0, NULL, NULL, 2);
INSERT INTO `service_items` VALUES (4, 1, '004', '尊享养生套餐', 120, 208.00, 166.00, '尊享养生套餐', 1, '2026-05-25 10:08:52.817846', '2026-06-08 15:20:15.189358', 0, NULL, NULL, 3);
INSERT INTO `service_items` VALUES (5, 1, '005', '深度理疗套餐', 90, 158.00, 126.00, '深度理疗套餐', 1, '2026-05-25 10:13:26.891561', '2026-05-27 15:57:49.543026', 0, NULL, NULL, 4);
INSERT INTO `service_items` VALUES (6, 1, 'CD01', '一次性床单', 60, 15.00, 5.00, '一次性床单', 1, '2026-05-26 10:09:36.272623', '2026-05-27 15:57:50.163772', 0, NULL, NULL, 5);
INSERT INTO `service_items` VALUES (26, 1, '101', '全身推拿', 60, 88.00, 70.00, NULL, 1, '2026-05-27 12:39:21.102421', '2026-05-27 15:57:50.617708', 0, NULL, NULL, 101);
INSERT INTO `service_items` VALUES (27, 1, '102', '肩颈专项按摩', 40, 58.00, 46.00, NULL, 1, '2026-05-27 12:39:21.102421', '2026-05-27 15:57:51.114607', 0, NULL, NULL, 102);
INSERT INTO `service_items` VALUES (28, 1, '103', '腰背推拿', 40, 58.00, 46.00, NULL, 1, '2026-05-27 12:39:21.102421', '2026-05-27 15:57:52.541436', 0, NULL, NULL, 103);
INSERT INTO `service_items` VALUES (29, 1, '104', '头部放松按摩', 30, 38.00, 30.00, NULL, 1, '2026-05-27 12:39:21.102421', '2026-05-27 15:57:52.972037', 0, NULL, NULL, 104);
INSERT INTO `service_items` VALUES (30, 1, '105', '四肢舒缓按摩', 30, 38.00, 30.00, '专注放松四肢肌肉，疏通循环、缓解酸胀僵硬，告别手脚沉重、腕腿疲劳，轻柔手法舒缓身心，让四肢重拾轻松舒适。', 1, '2026-05-27 12:39:21.102421', '2026-05-27 15:57:53.618436', 0, NULL, NULL, 105);
INSERT INTO `service_items` VALUES (31, 1, '201', '经络疏通推拿', 60, 98.00, 78.00, NULL, 1, '2026-05-27 12:39:21.102421', '2026-05-27 15:57:54.105202', 0, NULL, NULL, 201);
INSERT INTO `service_items` VALUES (32, 1, '202', '刮痧理疗', 30, 45.00, 36.00, NULL, 1, '2026-05-27 12:39:21.102421', '2026-05-27 15:57:54.666543', 0, NULL, NULL, 202);
INSERT INTO `service_items` VALUES (33, 1, '203', '真空拔罐', 30, 45.00, 36.00, NULL, 1, '2026-05-27 12:39:21.102421', '2026-05-27 15:57:56.143320', 0, NULL, NULL, 203);
INSERT INTO `service_items` VALUES (34, 1, '204', '艾灸温疗', 40, 68.00, 54.00, NULL, 1, '2026-05-27 12:39:21.102421', '2026-05-27 15:57:56.749503', 0, NULL, NULL, 204);
INSERT INTO `service_items` VALUES (35, 1, '205', '热敷理疗', 20, 28.00, 22.00, NULL, 1, '2026-05-27 12:39:21.102421', '2026-05-27 15:57:57.319227', 0, NULL, NULL, 205);
INSERT INTO `service_items` VALUES (36, 1, '301', '颈椎养护调理', 50, 78.00, 62.00, NULL, 1, '2026-05-27 12:39:21.102421', '2026-05-27 15:57:57.903400', 0, NULL, NULL, 301);
INSERT INTO `service_items` VALUES (37, 1, '302', '腰椎劳损调理', 50, 78.00, 62.00, NULL, 1, '2026-05-27 12:39:21.102421', '2026-05-27 15:57:59.722674', 0, NULL, NULL, 302);
INSERT INTO `service_items` VALUES (38, 1, '303', '关节舒缓调理', 40, 65.00, 52.00, NULL, 1, '2026-05-27 12:39:21.102421', '2026-05-27 15:58:00.589008', 0, NULL, NULL, 303);
INSERT INTO `service_items` VALUES (39, 1, '304', '安神助眠头疗', 45, 60.00, 48.00, NULL, 1, '2026-05-27 12:39:21.102421', '2026-05-27 15:58:00.991687', 0, NULL, NULL, 304);
INSERT INTO `service_items` VALUES (40, 1, '401', '经典足底按摩', 45, 65.00, 52.00, NULL, 1, '2026-05-27 12:39:21.102421', '2026-05-27 15:58:01.385839', 0, NULL, NULL, 401);
INSERT INTO `service_items` VALUES (41, 1, '402', '泡脚腿脚放松', 50, 72.00, 58.00, NULL, 1, '2026-05-27 12:39:21.102421', '2026-05-27 15:58:01.815558', 0, NULL, NULL, 402);

-- ----------------------------
-- Table structure for service_package_items
-- ----------------------------
DROP TABLE IF EXISTS `service_package_items`;
CREATE TABLE `service_package_items`  (
  `Id` bigint NOT NULL AUTO_INCREMENT,
  `TenantId` bigint NULL DEFAULT NULL,
  `PackageId` bigint NOT NULL,
  `ServiceId` bigint NOT NULL,
  `Quantity` int NOT NULL,
  `CreatedAt` datetime(6) NOT NULL,
  `UpdatedAt` datetime(6) NOT NULL,
  `IsDeleted` tinyint(1) NOT NULL,
  PRIMARY KEY (`Id`) USING BTREE,
  INDEX `IX_service_package_items_PackageId`(`PackageId` ASC) USING BTREE,
  INDEX `IX_service_package_items_ServiceId`(`ServiceId` ASC) USING BTREE,
  CONSTRAINT `FK_service_package_items_service_items_ServiceId` FOREIGN KEY (`ServiceId`) REFERENCES `service_items` (`Id`) ON DELETE RESTRICT ON UPDATE RESTRICT,
  CONSTRAINT `FK_service_package_items_service_packages_PackageId` FOREIGN KEY (`PackageId`) REFERENCES `service_packages` (`Id`) ON DELETE CASCADE ON UPDATE RESTRICT
) ENGINE = InnoDB AUTO_INCREMENT = 8 CHARACTER SET = utf8mb4 COLLATE = utf8mb4_0900_ai_ci ROW_FORMAT = Dynamic;

-- ----------------------------
-- Records of service_package_items
-- ----------------------------
INSERT INTO `service_package_items` VALUES (1, 1, 1, 27, 1, '2026-05-27 13:04:51.741524', '2026-05-27 13:04:51.741524', 0);
INSERT INTO `service_package_items` VALUES (2, 1, 1, 29, 1, '2026-05-27 13:04:51.741524', '2026-05-27 13:04:51.741524', 0);
INSERT INTO `service_package_items` VALUES (3, 1, 2, 36, 1, '2026-05-27 13:04:51.741524', '2026-05-27 13:04:51.741524', 0);
INSERT INTO `service_package_items` VALUES (4, 1, 2, 34, 1, '2026-05-27 13:04:51.741524', '2026-05-27 13:04:51.741524', 0);
INSERT INTO `service_package_items` VALUES (5, 1, 3, 36, 1, '2026-05-27 13:04:51.741524', '2026-05-27 13:04:51.741524', 0);
INSERT INTO `service_package_items` VALUES (6, 1, 3, 37, 1, '2026-05-27 13:04:51.741524', '2026-05-27 13:04:51.741524', 0);
INSERT INTO `service_package_items` VALUES (7, 1, 3, 35, 1, '2026-05-27 13:04:51.741524', '2026-05-27 13:04:51.741524', 0);

-- ----------------------------
-- Table structure for service_packages
-- ----------------------------
DROP TABLE IF EXISTS `service_packages`;
CREATE TABLE `service_packages`  (
  `Id` bigint NOT NULL AUTO_INCREMENT,
  `TenantId` bigint NULL DEFAULT NULL,
  `Code` varchar(32) CHARACTER SET utf8mb4 COLLATE utf8mb4_0900_ai_ci NOT NULL,
  `Name` varchar(200) CHARACTER SET utf8mb4 COLLATE utf8mb4_0900_ai_ci NOT NULL,
  `Price` decimal(18, 2) NOT NULL,
  `MemberPrice` decimal(18, 2) NULL DEFAULT NULL,
  `Description` varchar(500) CHARACTER SET utf8mb4 COLLATE utf8mb4_0900_ai_ci NULL DEFAULT NULL,
  `IsActive` tinyint(1) NOT NULL,
  `CreatedAt` datetime(6) NOT NULL,
  `UpdatedAt` datetime(6) NOT NULL,
  `IsDeleted` tinyint(1) NOT NULL,
  PRIMARY KEY (`Id`) USING BTREE,
  UNIQUE INDEX `IX_service_packages_TenantId_Code`(`TenantId` ASC, `Code` ASC) USING BTREE
) ENGINE = InnoDB AUTO_INCREMENT = 4 CHARACTER SET = utf8mb4 COLLATE = utf8mb4_0900_ai_ci ROW_FORMAT = Dynamic;

-- ----------------------------
-- Records of service_packages
-- ----------------------------
INSERT INTO `service_packages` VALUES (1, 1, '501', '基础舒缓套餐', 118.00, 94.00, '肩颈40+头部30，合计70分钟；舒缓型组合', 1, '2026-05-27 13:04:51.741524', '2026-05-27 13:04:51.741524', 0);
INSERT INTO `service_packages` VALUES (2, 1, '502', '深度理疗套餐', 158.00, 126.00, '颈椎调理50+艾灸40，合计90分钟；理疗型组合', 1, '2026-05-27 13:04:51.741524', '2026-05-27 13:04:51.741524', 0);
INSERT INTO `service_packages` VALUES (3, 1, '503', '尊享养生套餐', 208.00, 166.00, '颈椎调理50+腰椎调理50+热敷20，合计120分钟；养生型组合', 1, '2026-05-27 13:04:51.741524', '2026-05-27 13:04:51.741524', 0);

-- ----------------------------
-- Table structure for service_reviews
-- ----------------------------
DROP TABLE IF EXISTS `service_reviews`;
CREATE TABLE `service_reviews`  (
  `Id` bigint NOT NULL AUTO_INCREMENT,
  `TenantId` bigint NULL DEFAULT NULL,
  `OrderId` bigint NOT NULL,
  `OrderItemId` bigint NOT NULL,
  `TechnicianId` bigint NOT NULL,
  `MemberId` bigint NULL DEFAULT NULL,
  `Rating` int NOT NULL,
  `Tags` varchar(200) CHARACTER SET utf8mb4 COLLATE utf8mb4_0900_ai_ci NULL DEFAULT NULL,
  `Comment` varchar(1000) CHARACTER SET utf8mb4 COLLATE utf8mb4_0900_ai_ci NULL DEFAULT NULL,
  `CreatedAt` datetime(6) NOT NULL,
  `UpdatedAt` datetime(6) NOT NULL,
  `IsDeleted` tinyint(1) NOT NULL,
  PRIMARY KEY (`Id`) USING BTREE,
  INDEX `IX_service_reviews_MemberId`(`MemberId` ASC) USING BTREE,
  INDEX `IX_service_reviews_OrderId`(`OrderId` ASC) USING BTREE,
  INDEX `IX_service_reviews_OrderItemId`(`OrderItemId` ASC) USING BTREE,
  INDEX `IX_service_reviews_TechnicianId`(`TechnicianId` ASC) USING BTREE,
  INDEX `IX_service_reviews_TenantId_TechnicianId_CreatedAt`(`TenantId` ASC, `TechnicianId` ASC, `CreatedAt` ASC) USING BTREE,
  CONSTRAINT `FK_service_reviews_members_MemberId` FOREIGN KEY (`MemberId`) REFERENCES `members` (`Id`) ON DELETE SET NULL ON UPDATE RESTRICT,
  CONSTRAINT `FK_service_reviews_order_items_OrderItemId` FOREIGN KEY (`OrderItemId`) REFERENCES `order_items` (`Id`) ON DELETE CASCADE ON UPDATE RESTRICT,
  CONSTRAINT `FK_service_reviews_orders_OrderId` FOREIGN KEY (`OrderId`) REFERENCES `orders` (`Id`) ON DELETE CASCADE ON UPDATE RESTRICT,
  CONSTRAINT `FK_service_reviews_users_TechnicianId` FOREIGN KEY (`TechnicianId`) REFERENCES `users` (`Id`) ON DELETE RESTRICT ON UPDATE RESTRICT
) ENGINE = InnoDB AUTO_INCREMENT = 58 CHARACTER SET = utf8mb4 COLLATE = utf8mb4_0900_ai_ci ROW_FORMAT = Dynamic;

-- ----------------------------
-- Records of service_reviews
-- ----------------------------
INSERT INTO `service_reviews` VALUES (1, 1, 76, 135, 5, 5, 3, '满意', '满意', '2026-06-01 02:42:33.451194', '2026-06-01 02:42:33.451194', 0);
INSERT INTO `service_reviews` VALUES (2, 1, 77, 136, 5, 5, 5, '服务周到,准时守约,性价比高,耐心细致,手法专业,环境整洁,态度热情,力度合适', '很满意', '2026-06-01 03:33:03.837006', '2026-06-01 03:33:03.837006', 0);
INSERT INTO `service_reviews` VALUES (3, 1, 80, 139, 4, 5, 5, NULL, NULL, '2026-06-01 03:46:45.652561', '2026-06-01 03:46:45.652561', 0);
INSERT INTO `service_reviews` VALUES (4, 1, 85, 146, 4, 5, 3, NULL, NULL, '2026-06-01 03:57:26.524481', '2026-06-01 03:57:26.524481', 0);
INSERT INTO `service_reviews` VALUES (5, 1, 85, 147, 5, 5, 4, NULL, NULL, '2026-06-01 03:57:26.619578', '2026-06-01 03:57:26.619578', 0);
INSERT INTO `service_reviews` VALUES (6, 1, 86, 148, 5, NULL, 5, NULL, NULL, '2026-06-01 07:06:01.134928', '2026-06-01 07:06:01.134928', 0);
INSERT INTO `service_reviews` VALUES (7, 1, 83, 144, 6, 6, 5, NULL, NULL, '2026-06-01 07:06:25.059314', '2026-06-01 07:06:25.059314', 0);
INSERT INTO `service_reviews` VALUES (8, 1, 84, 145, 4, 5, 5, '力度合适,手法专业', NULL, '2026-06-01 07:08:50.147650', '2026-06-01 07:08:50.147650', 0);
INSERT INTO `service_reviews` VALUES (9, 1, 87, 149, 6, 6, 5, NULL, NULL, '2026-06-02 02:40:22.772975', '2026-06-02 02:40:22.772975', 0);
INSERT INTO `service_reviews` VALUES (10, 1, 87, 150, 4, 6, 4, NULL, NULL, '2026-06-02 02:40:22.955313', '2026-06-02 02:40:22.955313', 0);
INSERT INTO `service_reviews` VALUES (11, 1, 87, 151, 4, 6, 4, NULL, NULL, '2026-06-02 02:40:23.087406', '2026-06-02 02:40:23.087406', 0);
INSERT INTO `service_reviews` VALUES (12, 1, 87, 152, 4, 6, 4, NULL, NULL, '2026-06-02 02:40:23.206614', '2026-06-02 02:40:23.206614', 0);
INSERT INTO `service_reviews` VALUES (13, 1, 87, 153, 4, 6, 4, NULL, NULL, '2026-06-02 02:40:23.314873', '2026-06-02 02:40:23.314873', 0);
INSERT INTO `service_reviews` VALUES (14, 1, 88, 154, 4, NULL, 4, NULL, NULL, '2026-06-02 02:42:40.062230', '2026-06-02 02:42:40.062230', 0);
INSERT INTO `service_reviews` VALUES (15, 1, 88, 155, 4, NULL, 4, NULL, NULL, '2026-06-02 02:42:40.185273', '2026-06-02 02:42:40.185273', 0);
INSERT INTO `service_reviews` VALUES (16, 1, 88, 156, 4, NULL, 4, NULL, NULL, '2026-06-02 02:42:40.326554', '2026-06-02 02:42:40.326554', 0);
INSERT INTO `service_reviews` VALUES (17, 1, 88, 157, 6, NULL, 4, NULL, NULL, '2026-06-02 02:42:40.446272', '2026-06-02 02:42:40.446272', 0);
INSERT INTO `service_reviews` VALUES (18, 1, 89, 158, 4, NULL, 4, NULL, NULL, '2026-06-02 11:06:47.297200', '2026-06-02 11:06:47.297200', 0);
INSERT INTO `service_reviews` VALUES (19, 1, 92, 167, 4, NULL, 4, NULL, NULL, '2026-06-03 11:02:27.927278', '2026-06-03 11:02:27.927278', 0);
INSERT INTO `service_reviews` VALUES (20, 1, 92, 168, 4, NULL, 4, NULL, NULL, '2026-06-03 11:02:28.063131', '2026-06-03 11:02:28.063131', 0);
INSERT INTO `service_reviews` VALUES (21, 1, 93, 169, 4, 5, 4, NULL, NULL, '2026-06-03 11:20:53.680249', '2026-06-03 11:20:53.680249', 0);
INSERT INTO `service_reviews` VALUES (22, 1, 94, 170, 4, 5, 4, NULL, NULL, '2026-06-03 11:21:04.561161', '2026-06-03 11:21:04.561161', 0);
INSERT INTO `service_reviews` VALUES (23, 1, 94, 171, 5, 5, 4, NULL, NULL, '2026-06-03 11:21:04.607166', '2026-06-03 11:21:04.607166', 0);
INSERT INTO `service_reviews` VALUES (24, 1, 98, 175, 4, 5, 4, NULL, NULL, '2026-06-03 11:22:46.126861', '2026-06-03 11:22:46.126861', 0);
INSERT INTO `service_reviews` VALUES (25, 1, 99, 176, 4, NULL, 4, NULL, NULL, '2026-06-03 11:31:53.427714', '2026-06-03 11:31:53.427714', 0);
INSERT INTO `service_reviews` VALUES (26, 1, 100, 177, 4, 5, 4, NULL, NULL, '2026-06-03 11:32:31.521271', '2026-06-03 11:32:31.521271', 0);
INSERT INTO `service_reviews` VALUES (27, 1, 100, 178, 4, 5, 4, NULL, NULL, '2026-06-03 11:32:31.619235', '2026-06-03 11:32:31.619235', 0);
INSERT INTO `service_reviews` VALUES (28, 1, 100, 179, 4, 5, 4, NULL, NULL, '2026-06-03 11:32:31.707307', '2026-06-03 11:32:31.707307', 0);
INSERT INTO `service_reviews` VALUES (29, 1, 104, 193, 5, 5, 4, NULL, NULL, '2026-06-03 14:12:30.297094', '2026-06-03 14:12:30.297094', 0);
INSERT INTO `service_reviews` VALUES (30, 1, 104, 194, 5, 5, 4, NULL, NULL, '2026-06-03 14:12:30.408505', '2026-06-03 14:12:30.408505', 0);
INSERT INTO `service_reviews` VALUES (31, 1, 105, 195, 4, 5, 4, NULL, NULL, '2026-06-03 14:15:31.797412', '2026-06-03 14:15:31.797412', 0);
INSERT INTO `service_reviews` VALUES (32, 1, 105, 196, 4, 5, 4, NULL, NULL, '2026-06-03 14:15:31.850056', '2026-06-03 14:15:31.850056', 0);
INSERT INTO `service_reviews` VALUES (33, 1, 105, 197, 4, 5, 4, NULL, NULL, '2026-06-03 14:15:31.903011', '2026-06-03 14:15:31.903011', 0);
INSERT INTO `service_reviews` VALUES (34, 1, 107, 200, 5, 4, 4, NULL, NULL, '2026-06-03 16:32:35.849178', '2026-06-03 16:32:35.849178', 0);
INSERT INTO `service_reviews` VALUES (35, 1, 107, 201, 6, 4, 4, NULL, NULL, '2026-06-03 16:32:35.943928', '2026-06-03 16:32:35.943928', 0);
INSERT INTO `service_reviews` VALUES (36, 1, 108, 202, 5, NULL, 4, NULL, NULL, '2026-06-03 16:32:55.945670', '2026-06-03 16:32:55.945670', 0);
INSERT INTO `service_reviews` VALUES (37, 1, 109, 203, 6, 4, 4, NULL, NULL, '2026-06-04 08:46:17.224310', '2026-06-04 08:46:17.224310', 0);
INSERT INTO `service_reviews` VALUES (38, 1, 109, 204, 5, 4, 4, NULL, NULL, '2026-06-04 08:46:17.362109', '2026-06-04 08:46:17.362109', 0);
INSERT INTO `service_reviews` VALUES (39, 1, 110, 205, 6, 9, 3, NULL, NULL, '2026-06-04 08:53:55.371524', '2026-06-04 08:53:55.371524', 0);
INSERT INTO `service_reviews` VALUES (40, 1, 110, 206, 5, 9, 4, NULL, NULL, '2026-06-04 08:53:55.489164', '2026-06-04 08:53:55.489164', 0);
INSERT INTO `service_reviews` VALUES (41, 1, 111, 207, 5, 6, 3, NULL, NULL, '2026-06-08 14:29:23.290522', '2026-06-08 14:29:23.290522', 0);
INSERT INTO `service_reviews` VALUES (42, 1, 112, 208, 6, 1, 5, NULL, NULL, '2026-06-09 09:39:52.504784', '2026-06-09 09:39:52.504784', 0);
INSERT INTO `service_reviews` VALUES (43, 1, 113, 209, 5, NULL, 5, NULL, NULL, '2026-06-09 09:40:04.421709', '2026-06-09 09:40:04.421709', 0);
INSERT INTO `service_reviews` VALUES (44, 1, 114, 210, 5, NULL, 5, '手法专业,力度合适', NULL, '2026-06-09 09:43:35.448091', '2026-06-09 09:43:35.448091', 0);
INSERT INTO `service_reviews` VALUES (45, 1, 115, 211, 4, 7, 4, NULL, NULL, '2026-06-12 09:12:52.578170', '2026-06-12 09:12:52.578170', 0);
INSERT INTO `service_reviews` VALUES (46, 1, 116, 212, 4, 4, 4, NULL, NULL, '2026-06-12 09:13:35.730559', '2026-06-12 09:13:35.730559', 0);
INSERT INTO `service_reviews` VALUES (47, 1, 117, 213, 4, 5, 4, NULL, NULL, '2026-06-12 09:14:03.969027', '2026-06-12 09:14:03.969027', 0);
INSERT INTO `service_reviews` VALUES (48, 1, 118, 214, 4, 6, 4, NULL, NULL, '2026-06-12 09:14:25.872076', '2026-06-12 09:14:25.872076', 0);
INSERT INTO `service_reviews` VALUES (49, 1, 118, 215, 5, 6, 4, NULL, NULL, '2026-06-12 09:14:25.888957', '2026-06-12 09:14:25.888957', 0);
INSERT INTO `service_reviews` VALUES (50, 1, 119, 216, 5, 5, 4, NULL, NULL, '2026-06-12 16:45:54.846994', '2026-06-12 16:45:54.846994', 0);
INSERT INTO `service_reviews` VALUES (51, 1, 119, 217, 6, 5, 4, NULL, NULL, '2026-06-12 16:45:54.931885', '2026-06-12 16:45:54.931885', 0);
INSERT INTO `service_reviews` VALUES (52, 1, 120, 218, 6, 4, 5, NULL, NULL, '2026-06-15 17:48:58.988417', '2026-06-15 17:48:58.988417', 0);
INSERT INTO `service_reviews` VALUES (53, 1, 121, 219, 4, 4, 4, NULL, NULL, '2026-06-19 19:19:21.092975', '2026-06-19 19:19:21.092975', 0);
INSERT INTO `service_reviews` VALUES (54, 1, 121, 220, 5, 4, 4, NULL, NULL, '2026-06-19 19:19:21.129404', '2026-06-19 19:19:21.129404', 0);
INSERT INTO `service_reviews` VALUES (55, 1, 122, 221, 5, 4, 4, NULL, NULL, '2026-06-19 19:40:05.139587', '2026-06-19 19:40:05.139587', 0);
INSERT INTO `service_reviews` VALUES (56, 1, 123, 222, 4, 4, 4, NULL, NULL, '2026-06-19 19:53:52.782680', '2026-06-19 19:53:52.782680', 0);
INSERT INTO `service_reviews` VALUES (57, 1, 123, 223, 5, 4, 4, NULL, NULL, '2026-06-19 19:53:52.841848', '2026-06-19 19:53:52.841848', 0);

-- ----------------------------
-- Table structure for staff_referral_records
-- ----------------------------
DROP TABLE IF EXISTS `staff_referral_records`;
CREATE TABLE `staff_referral_records`  (
  `Id` bigint NOT NULL AUTO_INCREMENT,
  `TenantId` bigint NULL DEFAULT NULL,
  `StoreId` bigint NOT NULL,
  `StaffUserId` bigint NOT NULL,
  `MemberId` bigint NOT NULL,
  `Amount` decimal(18, 2) NOT NULL,
  `EarnedAt` datetime(6) NOT NULL,
  `Remark` varchar(200) CHARACTER SET utf8mb4 COLLATE utf8mb4_0900_ai_ci NULL DEFAULT NULL,
  `CreatedAt` datetime(6) NOT NULL,
  `UpdatedAt` datetime(6) NOT NULL,
  `IsDeleted` tinyint(1) NOT NULL,
  PRIMARY KEY (`Id`) USING BTREE,
  INDEX `IX_staff_referral_records_MemberId`(`MemberId` ASC) USING BTREE,
  INDEX `IX_staff_referral_records_StaffUserId_EarnedAt`(`StaffUserId` ASC, `EarnedAt` ASC) USING BTREE,
  INDEX `IX_staff_referral_records_StoreId`(`StoreId` ASC) USING BTREE,
  CONSTRAINT `FK_staff_referral_records_members_MemberId` FOREIGN KEY (`MemberId`) REFERENCES `members` (`Id`) ON DELETE CASCADE ON UPDATE RESTRICT,
  CONSTRAINT `FK_staff_referral_records_users_StaffUserId` FOREIGN KEY (`StaffUserId`) REFERENCES `users` (`Id`) ON DELETE RESTRICT ON UPDATE RESTRICT
) ENGINE = InnoDB AUTO_INCREMENT = 6 CHARACTER SET = utf8mb4 COLLATE = utf8mb4_0900_ai_ci ROW_FORMAT = Dynamic;

-- ----------------------------
-- Records of staff_referral_records
-- ----------------------------
INSERT INTO `staff_referral_records` VALUES (1, 1, 1, 4, 14, 15.00, '2026-06-07 10:10:48.445295', '开卡推荐：1800138670901（编辑改派）', '2026-06-07 18:10:48.456645', '2026-06-08 10:43:56.639560', 0);
INSERT INTO `staff_referral_records` VALUES (2, 1, 1, 3, 15, 15.00, '2026-06-07 10:15:14.851444', '开卡推荐：180000000', '2026-06-07 18:15:14.851521', '2026-06-07 18:15:14.851521', 0);
INSERT INTO `staff_referral_records` VALUES (3, 1, 1, 4, 17, 15.00, '2026-06-08 00:37:05.022195', '开卡推荐：1810138670902', '2026-06-08 08:37:05.022339', '2026-06-08 08:37:05.022339', 0);
INSERT INTO `staff_referral_records` VALUES (4, 1, 1, 3, 16, 15.00, '2026-06-08 02:43:03.044720', '开卡推荐：1810138670901', '2026-06-08 10:43:03.071741', '2026-06-08 10:43:03.071741', 0);
INSERT INTO `staff_referral_records` VALUES (5, 1, 2, 10, 19, 15.00, '2026-06-12 06:43:54.919041', '开卡推荐：1384388816801', '2026-06-12 14:43:54.931140', '2026-06-12 14:43:54.931140', 0);

-- ----------------------------
-- Table structure for staff_schedules
-- ----------------------------
DROP TABLE IF EXISTS `staff_schedules`;
CREATE TABLE `staff_schedules`  (
  `Id` bigint NOT NULL AUTO_INCREMENT,
  `TenantId` bigint NULL DEFAULT NULL,
  `StoreId` bigint NOT NULL,
  `UserId` bigint NOT NULL,
  `WorkDate` date NOT NULL,
  `StartTime` time(6) NOT NULL,
  `EndTime` time(6) NOT NULL,
  `Remark` varchar(200) CHARACTER SET utf8mb4 COLLATE utf8mb4_0900_ai_ci NULL DEFAULT NULL,
  `CreatedAt` datetime(6) NOT NULL,
  `UpdatedAt` datetime(6) NOT NULL,
  `IsDeleted` tinyint(1) NOT NULL,
  PRIMARY KEY (`Id`) USING BTREE,
  UNIQUE INDEX `IX_staff_schedules_StoreId_WorkDate_UserId`(`StoreId` ASC, `WorkDate` ASC, `UserId` ASC) USING BTREE,
  INDEX `IX_staff_schedules_UserId`(`UserId` ASC) USING BTREE,
  CONSTRAINT `FK_staff_schedules_stores_StoreId` FOREIGN KEY (`StoreId`) REFERENCES `stores` (`Id`) ON DELETE RESTRICT ON UPDATE RESTRICT,
  CONSTRAINT `FK_staff_schedules_users_UserId` FOREIGN KEY (`UserId`) REFERENCES `users` (`Id`) ON DELETE CASCADE ON UPDATE RESTRICT
) ENGINE = InnoDB AUTO_INCREMENT = 44 CHARACTER SET = utf8mb4 COLLATE = utf8mb4_0900_ai_ci ROW_FORMAT = Dynamic;

-- ----------------------------
-- Records of staff_schedules
-- ----------------------------
INSERT INTO `staff_schedules` VALUES (1, 1, 1, 2, '2026-05-27', '09:00:00.000000', '18:00:00.000000', NULL, '2026-05-27 08:16:29.596196', '2026-05-27 08:16:29.596196', 0);
INSERT INTO `staff_schedules` VALUES (2, 1, 1, 3, '2026-05-27', '09:00:00.000000', '18:00:00.000000', NULL, '2026-05-27 08:17:12.116713', '2026-05-27 08:17:12.116713', 0);
INSERT INTO `staff_schedules` VALUES (3, 1, 1, 4, '2026-05-27', '09:00:00.000000', '18:00:00.000000', NULL, '2026-05-27 08:17:16.356241', '2026-05-27 08:17:16.356241', 0);
INSERT INTO `staff_schedules` VALUES (4, 1, 1, 5, '2026-05-27', '09:00:00.000000', '18:00:00.000000', NULL, '2026-05-27 08:17:20.095519', '2026-05-27 08:17:20.095519', 0);
INSERT INTO `staff_schedules` VALUES (5, 1, 1, 3, '2026-05-28', '09:00:00.000000', '18:00:00.000000', NULL, '2026-05-28 07:17:31.716519', '2026-05-28 07:17:31.716519', 0);
INSERT INTO `staff_schedules` VALUES (6, 1, 1, 4, '2026-05-28', '09:00:00.000000', '18:00:00.000000', NULL, '2026-05-28 07:17:37.165550', '2026-05-28 07:17:37.165550', 0);
INSERT INTO `staff_schedules` VALUES (7, 1, 1, 5, '2026-05-28', '09:00:00.000000', '18:00:00.000000', NULL, '2026-05-28 07:17:41.259780', '2026-05-28 07:17:41.259780', 0);
INSERT INTO `staff_schedules` VALUES (8, 1, 1, 4, '2026-05-29', '09:00:00.000000', '18:00:00.000000', NULL, '2026-05-29 01:30:10.276718', '2026-05-29 01:30:10.276718', 0);
INSERT INTO `staff_schedules` VALUES (9, 1, 1, 6, '2026-05-29', '09:00:00.000000', '18:00:00.000000', NULL, '2026-05-29 01:30:14.690969', '2026-05-29 01:30:14.690969', 0);
INSERT INTO `staff_schedules` VALUES (10, 1, 1, 2, '2026-06-01', '09:00:00.000000', '18:00:00.000000', NULL, '2026-06-01 07:11:34.730964', '2026-06-01 07:11:34.730964', 0);
INSERT INTO `staff_schedules` VALUES (11, 1, 1, 4, '2026-06-01', '09:00:00.000000', '18:00:00.000000', NULL, '2026-06-01 07:11:38.644270', '2026-06-01 07:11:38.644270', 0);
INSERT INTO `staff_schedules` VALUES (12, 1, 1, 6, '2026-06-01', '09:00:00.000000', '18:00:00.000000', NULL, '2026-06-01 07:11:45.183284', '2026-06-01 07:11:45.183284', 0);
INSERT INTO `staff_schedules` VALUES (13, 1, 1, 7, '2026-06-01', '09:00:00.000000', '18:00:00.000000', NULL, '2026-06-01 07:11:52.123757', '2026-06-01 07:11:52.123757', 0);
INSERT INTO `staff_schedules` VALUES (14, 1, 1, 2, '2026-06-02', '09:00:00.000000', '18:00:00.000000', NULL, '2026-06-02 14:46:30.523632', '2026-06-02 14:46:30.523632', 0);
INSERT INTO `staff_schedules` VALUES (15, 1, 1, 3, '2026-06-02', '09:00:00.000000', '18:00:00.000000', NULL, '2026-06-02 14:46:34.950166', '2026-06-02 14:46:34.950166', 0);
INSERT INTO `staff_schedules` VALUES (16, 1, 1, 2, '2026-06-09', '09:00:00.000000', '18:00:00.000000', NULL, '2026-06-09 13:29:42.276596', '2026-06-09 16:02:39.708660', 0);
INSERT INTO `staff_schedules` VALUES (17, 1, 1, 4, '2026-06-09', '09:00:00.000000', '18:00:00.000000', NULL, '2026-06-09 13:29:46.401287', '2026-06-09 16:26:58.275964', 0);
INSERT INTO `staff_schedules` VALUES (19, 1, 1, 6, '2026-06-08', '09:00:00.000000', '21:00:00.000000', NULL, '2026-06-09 14:52:15.164385', '2026-06-09 17:22:15.818200', 0);
INSERT INTO `staff_schedules` VALUES (20, 1, 1, 2, '2026-06-08', '09:00:00.000000', '21:00:00.000000', NULL, '2026-06-09 14:52:26.769535', '2026-06-09 14:52:26.769535', 0);
INSERT INTO `staff_schedules` VALUES (21, 1, 1, 5, '2026-06-08', '09:00:00.000000', '21:00:00.000000', NULL, '2026-06-09 14:52:58.543597', '2026-06-09 14:52:58.543597', 0);
INSERT INTO `staff_schedules` VALUES (22, 1, 1, 5, '2026-06-09', '09:00:00.000000', '18:00:00.000000', NULL, '2026-06-09 14:54:40.512154', '2026-06-09 17:07:10.220214', 0);
INSERT INTO `staff_schedules` VALUES (23, 1, 1, 4, '2026-06-08', '09:00:00.000000', '21:00:00.000000', NULL, '2026-06-09 14:55:04.108452', '2026-06-09 14:55:04.108452', 0);
INSERT INTO `staff_schedules` VALUES (24, 1, 1, 7, '2026-06-08', '09:00:00.000000', '21:00:00.000000', NULL, '2026-06-09 14:55:33.511172', '2026-06-09 14:55:33.511172', 0);
INSERT INTO `staff_schedules` VALUES (30, 1, 1, 6, '2026-06-09', '09:00:00.000000', '18:00:00.000000', NULL, '2026-06-09 17:24:15.267765', '2026-06-09 17:24:15.267765', 0);
INSERT INTO `staff_schedules` VALUES (31, 1, 1, 7, '2026-06-09', '09:00:00.000000', '18:00:00.000000', NULL, '2026-06-09 17:24:30.281087', '2026-06-09 17:24:30.281087', 0);
INSERT INTO `staff_schedules` VALUES (32, 1, 1, 2, '2026-06-10', '09:00:00.000000', '18:00:00.000000', NULL, '2026-06-10 14:44:08.825667', '2026-06-10 14:44:08.825667', 0);
INSERT INTO `staff_schedules` VALUES (33, 1, 1, 3, '2026-06-10', '09:00:00.000000', '21:00:00.000000', NULL, '2026-06-10 15:11:59.300609', '2026-06-10 15:15:24.645956', 0);
INSERT INTO `staff_schedules` VALUES (34, 1, 1, 5, '2026-06-10', '09:00:00.000000', '21:00:00.000000', NULL, '2026-06-10 15:12:03.242487', '2026-06-10 15:15:11.652002', 0);
INSERT INTO `staff_schedules` VALUES (35, 1, 1, 6, '2026-06-10', '09:00:00.000000', '21:00:00.000000', NULL, '2026-06-10 15:14:17.874589', '2026-06-10 15:14:17.874589', 0);
INSERT INTO `staff_schedules` VALUES (36, 1, 1, 7, '2026-06-10', '09:00:00.000000', '21:00:00.000000', NULL, '2026-06-10 15:14:26.669013', '2026-06-10 15:14:50.501892', 1);
INSERT INTO `staff_schedules` VALUES (37, 1, 1, 4, '2026-06-10', '09:00:00.000000', '18:00:00.000000', NULL, '2026-06-10 15:14:54.013616', '2026-06-10 15:16:07.848902', 0);
INSERT INTO `staff_schedules` VALUES (38, 1, 1, 3, '2026-06-11', '09:00:00.000000', '21:00:00.000000', NULL, '2026-06-11 10:35:48.056116', '2026-06-11 10:35:48.056116', 0);
INSERT INTO `staff_schedules` VALUES (39, 1, 1, 4, '2026-06-11', '09:00:00.000000', '21:00:00.000000', NULL, '2026-06-11 10:35:57.576477', '2026-06-11 10:35:57.576477', 0);
INSERT INTO `staff_schedules` VALUES (40, 1, 1, 5, '2026-06-11', '09:00:00.000000', '21:00:00.000000', NULL, '2026-06-11 10:36:03.311035', '2026-06-11 10:36:03.311035', 0);
INSERT INTO `staff_schedules` VALUES (41, 1, 1, 6, '2026-06-11', '09:00:00.000000', '21:00:00.000000', NULL, '2026-06-11 10:36:15.117741', '2026-06-11 10:36:15.117741', 0);
INSERT INTO `staff_schedules` VALUES (42, 1, 1, 7, '2026-06-11', '09:00:00.000000', '21:00:00.000000', NULL, '2026-06-11 10:36:21.662639', '2026-06-11 10:36:34.020809', 0);
INSERT INTO `staff_schedules` VALUES (43, 1, 1, 3, '2026-06-12', '09:00:00.000000', '18:00:00.000000', NULL, '2026-06-12 09:14:48.309812', '2026-06-12 09:14:48.309812', 0);

-- ----------------------------
-- Table structure for staff_transfers
-- ----------------------------
DROP TABLE IF EXISTS `staff_transfers`;
CREATE TABLE `staff_transfers`  (
  `Id` bigint NOT NULL AUTO_INCREMENT,
  `TenantId` bigint NULL DEFAULT NULL,
  `UserId` bigint NOT NULL,
  `FromStoreId` bigint NOT NULL,
  `ToStoreId` bigint NOT NULL,
  `Kind` int NOT NULL,
  `Status` int NOT NULL,
  `EffectiveFrom` datetime(6) NOT NULL,
  `ExpectedReturnAt` datetime(6) NULL DEFAULT NULL,
  `ReturnedAt` datetime(6) NULL DEFAULT NULL,
  `Reason` varchar(500) CHARACTER SET utf8mb4 COLLATE utf8mb4_0900_ai_ci NULL DEFAULT NULL,
  `OperatorUserId` bigint NULL DEFAULT NULL,
  `CreatedAt` datetime(6) NOT NULL,
  `UpdatedAt` datetime(6) NOT NULL,
  `IsDeleted` tinyint(1) NOT NULL,
  PRIMARY KEY (`Id`) USING BTREE,
  INDEX `IX_staff_transfers_FromStoreId`(`FromStoreId` ASC) USING BTREE,
  INDEX `IX_staff_transfers_OperatorUserId`(`OperatorUserId` ASC) USING BTREE,
  INDEX `IX_staff_transfers_TenantId_ToStoreId`(`TenantId` ASC, `ToStoreId` ASC) USING BTREE,
  INDEX `IX_staff_transfers_TenantId_UserId_Status`(`TenantId` ASC, `UserId` ASC, `Status` ASC) USING BTREE,
  INDEX `IX_staff_transfers_ToStoreId`(`ToStoreId` ASC) USING BTREE,
  INDEX `IX_staff_transfers_UserId`(`UserId` ASC) USING BTREE,
  CONSTRAINT `FK_staff_transfers_stores_FromStoreId` FOREIGN KEY (`FromStoreId`) REFERENCES `stores` (`Id`) ON DELETE RESTRICT ON UPDATE RESTRICT,
  CONSTRAINT `FK_staff_transfers_stores_ToStoreId` FOREIGN KEY (`ToStoreId`) REFERENCES `stores` (`Id`) ON DELETE RESTRICT ON UPDATE RESTRICT,
  CONSTRAINT `FK_staff_transfers_users_OperatorUserId` FOREIGN KEY (`OperatorUserId`) REFERENCES `users` (`Id`) ON DELETE SET NULL ON UPDATE RESTRICT,
  CONSTRAINT `FK_staff_transfers_users_UserId` FOREIGN KEY (`UserId`) REFERENCES `users` (`Id`) ON DELETE CASCADE ON UPDATE RESTRICT
) ENGINE = InnoDB AUTO_INCREMENT = 2 CHARACTER SET = utf8mb4 COLLATE = utf8mb4_0900_ai_ci ROW_FORMAT = Dynamic;

-- ----------------------------
-- Records of staff_transfers
-- ----------------------------
INSERT INTO `staff_transfers` VALUES (1, 1, 3, 1, 2, 10, 0, '2026-06-12 06:37:30.551099', '2026-06-29 16:00:00.000000', NULL, NULL, 2, '2026-06-12 14:37:30.578514', '2026-06-12 14:37:30.578514', 0);

-- ----------------------------
-- Table structure for stores
-- ----------------------------
DROP TABLE IF EXISTS `stores`;
CREATE TABLE `stores`  (
  `Id` bigint NOT NULL AUTO_INCREMENT,
  `TenantId` bigint NULL DEFAULT NULL,
  `ParentStoreId` bigint NULL DEFAULT NULL,
  `Name` varchar(200) CHARACTER SET utf8mb4 COLLATE utf8mb4_0900_ai_ci NOT NULL,
  `Address` varchar(500) CHARACTER SET utf8mb4 COLLATE utf8mb4_0900_ai_ci NULL DEFAULT NULL,
  `Phone` varchar(32) CHARACTER SET utf8mb4 COLLATE utf8mb4_0900_ai_ci NULL DEFAULT NULL,
  `IsActive` tinyint(1) NOT NULL,
  `CreatedAt` datetime(6) NOT NULL,
  `UpdatedAt` datetime(6) NOT NULL,
  `IsDeleted` tinyint(1) NOT NULL,
  `DayCloseCutoffMinutes` int NOT NULL DEFAULT 0,
  PRIMARY KEY (`Id`) USING BTREE,
  INDEX `IX_stores_ParentStoreId`(`ParentStoreId` ASC) USING BTREE,
  INDEX `IX_stores_TenantId_ParentStoreId`(`TenantId` ASC, `ParentStoreId` ASC) USING BTREE,
  CONSTRAINT `FK_stores_stores_ParentStoreId` FOREIGN KEY (`ParentStoreId`) REFERENCES `stores` (`Id`) ON DELETE RESTRICT ON UPDATE RESTRICT,
  CONSTRAINT `FK_stores_tenants_TenantId` FOREIGN KEY (`TenantId`) REFERENCES `tenants` (`Id`) ON DELETE CASCADE ON UPDATE RESTRICT
) ENGINE = InnoDB AUTO_INCREMENT = 4 CHARACTER SET = utf8mb4 COLLATE = utf8mb4_0900_ai_ci ROW_FORMAT = Dynamic;

-- ----------------------------
-- Records of stores
-- ----------------------------
INSERT INTO `stores` VALUES (1, 1, NULL, '天津齐源按摩中心总店', '天津市滨海新区', '022-8350505', 1, '2026-05-25 08:52:04.899734', '2026-05-28 08:09:35.692212', 0, 180);
INSERT INTO `stores` VALUES (2, 1, 1, '天津齐源按摩中心第二门店', '天津市滨海新区117大厦', NULL, 1, '2026-06-01 07:44:01.054357', '2026-06-01 07:44:01.054357', 0, 0);
INSERT INTO `stores` VALUES (3, 2, NULL, '派派按摩店总店', NULL, NULL, 1, '2026-06-02 21:51:32.546996', '2026-06-02 21:51:32.546996', 0, 0);

-- ----------------------------
-- Table structure for subscriptions
-- ----------------------------
DROP TABLE IF EXISTS `subscriptions`;
CREATE TABLE `subscriptions`  (
  `Id` bigint NOT NULL AUTO_INCREMENT,
  `TenantId` bigint NULL DEFAULT NULL,
  `PlanId` bigint NOT NULL,
  `StartAt` datetime(6) NOT NULL,
  `EndAt` datetime(6) NOT NULL,
  `Source` int NOT NULL,
  `PaymentOrderId` bigint NULL DEFAULT NULL,
  `Remark` varchar(500) CHARACTER SET utf8mb4 COLLATE utf8mb4_0900_ai_ci NULL DEFAULT NULL,
  `CreatedAt` datetime(6) NOT NULL,
  `UpdatedAt` datetime(6) NOT NULL,
  `IsDeleted` tinyint(1) NOT NULL,
  PRIMARY KEY (`Id`) USING BTREE,
  INDEX `IX_subscriptions_PaymentOrderId`(`PaymentOrderId` ASC) USING BTREE,
  INDEX `IX_subscriptions_PlanId`(`PlanId` ASC) USING BTREE,
  INDEX `IX_subscriptions_TenantId_EndAt`(`TenantId` ASC, `EndAt` ASC) USING BTREE,
  CONSTRAINT `FK_subscriptions_payment_orders_PaymentOrderId` FOREIGN KEY (`PaymentOrderId`) REFERENCES `payment_orders` (`Id`) ON DELETE SET NULL ON UPDATE RESTRICT,
  CONSTRAINT `FK_subscriptions_plans_PlanId` FOREIGN KEY (`PlanId`) REFERENCES `plans` (`Id`) ON DELETE RESTRICT ON UPDATE RESTRICT,
  CONSTRAINT `FK_subscriptions_tenants_TenantId` FOREIGN KEY (`TenantId`) REFERENCES `tenants` (`Id`) ON DELETE CASCADE ON UPDATE RESTRICT
) ENGINE = InnoDB AUTO_INCREMENT = 1 CHARACTER SET = utf8mb4 COLLATE = utf8mb4_0900_ai_ci ROW_FORMAT = Dynamic;

-- ----------------------------
-- Records of subscriptions
-- ----------------------------

-- ----------------------------
-- Table structure for technician_queue
-- ----------------------------
DROP TABLE IF EXISTS `technician_queue`;
CREATE TABLE `technician_queue`  (
  `Id` bigint NOT NULL AUTO_INCREMENT,
  `TenantId` bigint NULL DEFAULT NULL,
  `StoreId` bigint NOT NULL,
  `TechnicianId` bigint NOT NULL,
  `State` int NOT NULL,
  `EnteredAt` datetime(6) NULL DEFAULT NULL,
  `LastCalledAt` datetime(6) NULL DEFAULT NULL,
  `QueuePosition` int NOT NULL,
  `TodayRoundCount` int NOT NULL,
  `CreatedAt` datetime(6) NOT NULL,
  `UpdatedAt` datetime(6) NOT NULL,
  `IsDeleted` tinyint(1) NOT NULL,
  PRIMARY KEY (`Id`) USING BTREE,
  UNIQUE INDEX `IX_technician_queue_TenantId_TechnicianId`(`TenantId` ASC, `TechnicianId` ASC) USING BTREE,
  INDEX `IX_technician_queue_StoreId_State_QueuePosition`(`StoreId` ASC, `State` ASC, `QueuePosition` ASC) USING BTREE,
  INDEX `IX_technician_queue_TechnicianId`(`TechnicianId` ASC) USING BTREE,
  CONSTRAINT `FK_technician_queue_stores_StoreId` FOREIGN KEY (`StoreId`) REFERENCES `stores` (`Id`) ON DELETE CASCADE ON UPDATE RESTRICT,
  CONSTRAINT `FK_technician_queue_users_TechnicianId` FOREIGN KEY (`TechnicianId`) REFERENCES `users` (`Id`) ON DELETE CASCADE ON UPDATE RESTRICT
) ENGINE = InnoDB AUTO_INCREMENT = 6 CHARACTER SET = utf8mb4 COLLATE = utf8mb4_0900_ai_ci ROW_FORMAT = Dynamic;

-- ----------------------------
-- Records of technician_queue
-- ----------------------------
INSERT INTO `technician_queue` VALUES (1, 1, 1, 5, 20, '2026-06-08 05:46:22.709340', '2026-06-19 11:53:48.775886', 1, 8, '2026-05-26 08:26:57.349428', '2026-06-19 19:53:48.775917', 0);
INSERT INTO `technician_queue` VALUES (2, 1, 1, 4, 30, NULL, '2026-06-19 11:53:48.775916', 0, 6, '2026-05-26 08:26:57.936519', '2026-06-19 19:53:48.775917', 0);
INSERT INTO `technician_queue` VALUES (3, 1, 1, 6, 10, '2026-06-08 05:46:23.410669', '2026-06-15 09:48:54.643887', 2, 3, '2026-05-29 01:28:28.358993', '2026-06-15 17:48:54.643929', 0);
INSERT INTO `technician_queue` VALUES (4, 1, 1, 7, 10, '2026-06-08 05:46:53.262915', '2026-06-08 05:47:09.609315', 3, 0, '2026-05-29 01:28:28.996375', '2026-06-08 13:47:09.609316', 0);
INSERT INTO `technician_queue` VALUES (5, 1, 1, 11, 30, NULL, NULL, 0, 0, '2026-06-15 11:25:15.389081', '2026-06-15 11:46:09.770805', 0);

-- ----------------------------
-- Table structure for tenants
-- ----------------------------
DROP TABLE IF EXISTS `tenants`;
CREATE TABLE `tenants`  (
  `Id` bigint NOT NULL AUTO_INCREMENT,
  `Name` varchar(200) CHARACTER SET utf8mb4 COLLATE utf8mb4_0900_ai_ci NOT NULL,
  `ContactPhone` varchar(32) CHARACTER SET utf8mb4 COLLATE utf8mb4_0900_ai_ci NOT NULL,
  `ContactName` varchar(64) CHARACTER SET utf8mb4 COLLATE utf8mb4_0900_ai_ci NULL DEFAULT NULL,
  `Status` int NOT NULL,
  `ExpireAt` datetime(6) NULL DEFAULT NULL,
  `CurrentPlanId` bigint NULL DEFAULT NULL,
  `CreatedAt` datetime(6) NOT NULL,
  `UpdatedAt` datetime(6) NOT NULL,
  `IsDeleted` tinyint(1) NOT NULL,
  `ReferralRewardPercent` decimal(5, 2) NOT NULL DEFAULT 0.00,
  `CustomerReferralFixedReward` decimal(18, 2) NOT NULL DEFAULT 0.00,
  `StaffReferralMode` int NOT NULL DEFAULT 0,
  `StaffReferralFixedAmount` decimal(18, 2) NOT NULL DEFAULT 0.00,
  `CustomerReferralMode` int NOT NULL DEFAULT 0,
  `StaffReferralPercent` decimal(5, 2) NOT NULL DEFAULT 0.00,
  PRIMARY KEY (`Id`) USING BTREE,
  INDEX `IX_tenants_ContactPhone`(`ContactPhone` ASC) USING BTREE,
  INDEX `IX_tenants_CurrentPlanId`(`CurrentPlanId` ASC) USING BTREE,
  INDEX `IX_tenants_Status`(`Status` ASC) USING BTREE,
  CONSTRAINT `FK_tenants_plans_CurrentPlanId` FOREIGN KEY (`CurrentPlanId`) REFERENCES `plans` (`Id`) ON DELETE SET NULL ON UPDATE RESTRICT
) ENGINE = InnoDB AUTO_INCREMENT = 3 CHARACTER SET = utf8mb4 COLLATE = utf8mb4_0900_ai_ci ROW_FORMAT = Dynamic;

-- ----------------------------
-- Records of tenants
-- ----------------------------
INSERT INTO `tenants` VALUES (1, '天津齐源按摩中心', '18911916819', '向丁丁', 3, '2026-06-24 08:52:04.639809', NULL, '2026-05-25 08:52:04.741305', '2026-06-07 16:11:02.790974', 0, 5.00, 0.00, 1, 15.00, 1, 0.00);
INSERT INTO `tenants` VALUES (2, '派派按摩店', '13264267062', '黄派派', 3, '2026-07-02 13:51:32.396886', NULL, '2026-06-02 21:51:32.451498', '2026-06-02 21:51:32.451498', 0, 0.00, 0.00, 0, 0.00, 0, 0.00);

-- ----------------------------
-- Table structure for timed_room_sessions
-- ----------------------------
DROP TABLE IF EXISTS `timed_room_sessions`;
CREATE TABLE `timed_room_sessions`  (
  `Id` bigint NOT NULL AUTO_INCREMENT,
  `TenantId` bigint NULL DEFAULT NULL,
  `StoreId` bigint NOT NULL,
  `RoomId` bigint NOT NULL,
  `MemberId` bigint NULL DEFAULT NULL,
  `CustomerName` varchar(64) CHARACTER SET utf8mb4 COLLATE utf8mb4_0900_ai_ci NULL DEFAULT NULL,
  `StartedAt` datetime(6) NOT NULL,
  `EndedAt` datetime(6) NULL DEFAULT NULL,
  `HourlyRateSnapshot` decimal(18, 2) NOT NULL,
  `BilledMinutes` int NOT NULL,
  `Amount` decimal(18, 2) NOT NULL,
  `PayMethod` int NOT NULL,
  `Status` int NOT NULL,
  `OperatorUserId` bigint NULL DEFAULT NULL,
  `Remark` varchar(500) CHARACTER SET utf8mb4 COLLATE utf8mb4_0900_ai_ci NULL DEFAULT NULL,
  `CreatedAt` datetime(6) NOT NULL,
  `UpdatedAt` datetime(6) NOT NULL,
  `IsDeleted` tinyint(1) NOT NULL,
  `OrderId` bigint NULL DEFAULT NULL,
  PRIMARY KEY (`Id`) USING BTREE,
  INDEX `IX_timed_room_sessions_MemberId`(`MemberId` ASC) USING BTREE,
  INDEX `IX_timed_room_sessions_OperatorUserId`(`OperatorUserId` ASC) USING BTREE,
  INDEX `IX_timed_room_sessions_RoomId_Status`(`RoomId` ASC, `Status` ASC) USING BTREE,
  INDEX `IX_timed_room_sessions_StoreId_Status`(`StoreId` ASC, `Status` ASC) USING BTREE,
  INDEX `IX_timed_room_sessions_OrderId`(`OrderId` ASC) USING BTREE,
  CONSTRAINT `FK_timed_room_sessions_members_MemberId` FOREIGN KEY (`MemberId`) REFERENCES `members` (`Id`) ON DELETE SET NULL ON UPDATE RESTRICT,
  CONSTRAINT `FK_timed_room_sessions_orders_OrderId` FOREIGN KEY (`OrderId`) REFERENCES `orders` (`Id`) ON DELETE SET NULL ON UPDATE RESTRICT,
  CONSTRAINT `FK_timed_room_sessions_rooms_RoomId` FOREIGN KEY (`RoomId`) REFERENCES `rooms` (`Id`) ON DELETE RESTRICT ON UPDATE RESTRICT,
  CONSTRAINT `FK_timed_room_sessions_stores_StoreId` FOREIGN KEY (`StoreId`) REFERENCES `stores` (`Id`) ON DELETE RESTRICT ON UPDATE RESTRICT,
  CONSTRAINT `FK_timed_room_sessions_users_OperatorUserId` FOREIGN KEY (`OperatorUserId`) REFERENCES `users` (`Id`) ON DELETE SET NULL ON UPDATE RESTRICT
) ENGINE = InnoDB AUTO_INCREMENT = 52 CHARACTER SET = utf8mb4 COLLATE = utf8mb4_0900_ai_ci ROW_FORMAT = Dynamic;

-- ----------------------------
-- Records of timed_room_sessions
-- ----------------------------
INSERT INTO `timed_room_sessions` VALUES (1, 1, 1, 2, NULL, '9457', '2026-05-26 08:48:47.524891', '2026-05-26 09:15:58.700027', 15.00, 0, 0.00, 0, 90, 2, NULL, '2026-05-26 08:48:47.558756', '2026-05-26 09:15:58.700088', 0, NULL);
INSERT INTO `timed_room_sessions` VALUES (2, 1, 1, 2, NULL, NULL, '2026-05-26 09:16:30.989430', '2026-05-26 09:21:01.808131', 15.00, 0, 0.00, 0, 90, 2, NULL, '2026-05-26 09:16:30.990990', '2026-05-26 09:21:01.808134', 0, NULL);
INSERT INTO `timed_room_sessions` VALUES (3, 1, 1, 2, NULL, NULL, '2026-05-26 09:21:08.168858', '2026-05-26 09:21:17.853846', 15.00, 1, 0.25, 1, 10, 2, NULL, '2026-05-26 09:21:08.169621', '2026-05-26 09:21:17.854148', 0, NULL);
INSERT INTO `timed_room_sessions` VALUES (4, 1, 1, 2, NULL, NULL, '2026-05-26 10:06:54.158310', '2026-05-26 10:40:08.286958', 15.00, 34, 8.50, 1, 10, 2, NULL, '2026-05-26 10:06:54.211315', '2026-05-26 10:40:08.286965', 0, NULL);
INSERT INTO `timed_room_sessions` VALUES (5, 1, 1, 3, NULL, NULL, '2026-05-26 10:37:00.915507', '2026-05-26 10:40:08.222132', 50.00, 4, 3.33, 1, 10, 2, NULL, '2026-05-26 10:37:00.957625', '2026-05-26 10:40:08.227671', 0, NULL);
INSERT INTO `timed_room_sessions` VALUES (6, 1, 1, 2, NULL, NULL, '2026-05-26 10:42:07.456820', '2026-05-26 10:44:32.770322', 15.00, 3, 0.75, 1, 10, 2, NULL, '2026-05-26 10:42:07.457176', '2026-05-26 10:44:32.770329', 0, NULL);
INSERT INTO `timed_room_sessions` VALUES (7, 1, 1, 3, 5, '18001169457', '2026-05-26 10:43:29.265825', '2026-05-26 10:43:43.827396', 50.00, 1, 0.83, 2, 10, 2, NULL, '2026-05-26 10:43:29.266034', '2026-05-26 10:43:43.833751', 0, NULL);
INSERT INTO `timed_room_sessions` VALUES (8, 1, 1, 2, NULL, NULL, '2026-05-26 10:44:44.734839', '2026-05-26 10:45:01.737728', 15.00, 1, 0.25, 1, 10, 2, NULL, '2026-05-26 10:44:44.734966', '2026-05-26 10:45:01.737735', 0, NULL);
INSERT INTO `timed_room_sessions` VALUES (9, 1, 1, 3, 5, NULL, '2026-05-26 10:50:36.864353', '2026-05-26 11:29:28.155583', 50.00, 39, 32.50, 2, 10, 2, NULL, '2026-05-26 10:50:36.864538', '2026-05-26 11:29:28.159306', 0, NULL);
INSERT INTO `timed_room_sessions` VALUES (10, 1, 1, 2, 5, NULL, '2026-05-26 11:27:59.313566', '2026-05-26 11:28:50.777535', 15.00, 1, 0.25, 2, 10, 2, NULL, '2026-05-26 11:27:59.369010', '2026-05-26 11:28:50.826299', 0, NULL);
INSERT INTO `timed_room_sessions` VALUES (11, 1, 1, 2, NULL, '张先生', '2026-05-26 11:31:52.877377', '2026-05-26 11:34:37.846740', 15.00, 3, 0.75, 1, 10, 2, NULL, '2026-05-26 11:31:52.878246', '2026-05-26 11:34:37.846748', 0, NULL);
INSERT INTO `timed_room_sessions` VALUES (12, 1, 1, 3, NULL, '张先生', '2026-05-26 11:34:02.728365', '2026-05-26 11:34:37.797402', 50.00, 1, 0.83, 1, 10, 2, NULL, '2026-05-26 11:34:02.784222', '2026-05-26 11:34:37.797710', 0, NULL);
INSERT INTO `timed_room_sessions` VALUES (13, 1, 1, 2, 5, NULL, '2026-05-27 01:45:44.449591', '2026-05-27 01:46:53.896720', 15.00, 2, 0.50, 2, 10, 2, NULL, '2026-05-27 01:45:44.501625', '2026-05-27 01:46:53.948256', 0, NULL);
INSERT INTO `timed_room_sessions` VALUES (14, 1, 1, 2, 5, NULL, '2026-05-27 02:16:46.225276', '2026-05-27 02:17:27.081299', 15.00, 1, 0.25, 2, 10, 2, NULL, '2026-05-27 02:16:46.282357', '2026-05-27 02:17:27.114520', 0, 15);
INSERT INTO `timed_room_sessions` VALUES (15, 1, 1, 3, 5, NULL, '2026-05-27 02:19:13.373755', '2026-05-27 02:20:03.759270', 50.00, 1, 0.83, 2, 10, 2, NULL, '2026-05-27 02:19:13.374837', '2026-05-27 02:20:03.796022', 0, 16);
INSERT INTO `timed_room_sessions` VALUES (16, 1, 1, 3, 5, NULL, '2026-05-27 02:31:33.770041', '2026-05-27 02:32:28.980525', 50.00, 1, 0.83, 2, 10, 2, NULL, '2026-05-27 02:31:33.828585', '2026-05-27 02:32:29.034833', 0, 17);
INSERT INTO `timed_room_sessions` VALUES (17, 1, 1, 3, 5, NULL, '2026-05-27 02:38:25.278551', '2026-05-27 02:38:35.001806', 50.00, 1, 0.83, 2, 10, 2, NULL, '2026-05-27 02:38:25.279479', '2026-05-27 02:38:35.008827', 0, 18);
INSERT INTO `timed_room_sessions` VALUES (18, 1, 1, 2, NULL, NULL, '2026-05-27 02:45:28.017901', '2026-05-27 05:35:27.451407', 15.00, 170, 42.50, 1, 10, 2, NULL, '2026-05-27 02:45:28.087726', '2026-05-27 05:35:27.471209', 0, 19);
INSERT INTO `timed_room_sessions` VALUES (19, 1, 1, 3, NULL, NULL, '2026-05-27 02:45:30.972622', '2026-05-27 05:53:02.005883', 50.00, 0, 0.00, 0, 90, 2, NULL, '2026-05-27 02:45:30.973683', '2026-05-27 05:53:02.006435', 0, NULL);
INSERT INTO `timed_room_sessions` VALUES (20, 1, 1, 3, 5, NULL, '2026-05-27 08:34:28.320370', '2026-05-27 08:39:18.020513', 50.00, 0, 0.00, 0, 90, 2, NULL, '2026-05-27 08:34:28.349059', '2026-05-27 08:39:18.021029', 0, NULL);
INSERT INTO `timed_room_sessions` VALUES (21, 1, 1, 3, 5, NULL, '2026-05-27 09:44:59.992896', '2026-05-27 09:45:58.005063', 50.00, 0, 0.00, 0, 90, 2, NULL, '2026-05-27 09:45:00.027427', '2026-05-27 09:45:58.005169', 0, NULL);
INSERT INTO `timed_room_sessions` VALUES (22, 1, 1, 3, NULL, NULL, '2026-05-27 09:53:28.134807', '2026-05-27 09:53:52.676805', 50.00, 0, 0.00, 0, 90, 2, NULL, '2026-05-27 09:53:28.135146', '2026-05-27 09:53:52.676807', 0, 23);
INSERT INTO `timed_room_sessions` VALUES (23, 1, 1, 3, 5, NULL, '2026-05-27 13:20:10.044411', '2026-05-27 13:58:50.732237', 50.00, 0, 0.00, 0, 90, 2, NULL, '2026-05-27 13:20:10.099021', '2026-05-27 13:58:50.732302', 0, NULL);
INSERT INTO `timed_room_sessions` VALUES (24, 1, 1, 3, 5, NULL, '2026-05-27 14:39:55.054956', '2026-05-27 15:42:35.074152', 50.00, 0, 0.00, 0, 90, 2, NULL, '2026-05-27 14:39:55.110342', '2026-05-27 15:42:35.074153', 0, NULL);
INSERT INTO `timed_room_sessions` VALUES (25, 1, 1, 2, NULL, NULL, '2026-05-27 14:47:27.789155', '2026-05-27 14:47:37.489283', 15.00, 0, 0.00, 0, 90, 2, NULL, '2026-05-27 14:47:27.790158', '2026-05-27 14:47:37.489392', 0, NULL);
INSERT INTO `timed_room_sessions` VALUES (26, 1, 1, 2, NULL, '散客', '2026-05-27 14:47:49.663796', '2026-05-27 15:42:40.426234', 15.00, 0, 0.00, 0, 90, 2, NULL, '2026-05-27 14:47:49.663952', '2026-05-27 15:42:40.426236', 0, NULL);
INSERT INTO `timed_room_sessions` VALUES (27, 1, 1, 1, NULL, NULL, '2026-05-27 15:31:40.163916', '2026-05-27 15:39:06.227170', 1.00, 0, 0.00, 0, 90, 2, NULL, '2026-05-27 15:31:40.164071', '2026-05-27 15:39:06.227171', 0, NULL);
INSERT INTO `timed_room_sessions` VALUES (28, 1, 1, 4, NULL, NULL, '2026-05-27 15:31:53.935807', '2026-05-27 15:44:32.548683', 1.00, 0, 0.00, 0, 90, 2, NULL, '2026-05-27 15:31:53.935991', '2026-05-27 15:44:32.548684', 0, NULL);
INSERT INTO `timed_room_sessions` VALUES (29, 1, 1, 6, NULL, NULL, '2026-05-27 15:31:58.344023', '2026-05-27 15:43:00.804273', 10.00, 0, 0.00, 0, 90, 2, NULL, '2026-05-27 15:31:58.344128', '2026-05-27 15:43:00.804274', 0, NULL);
INSERT INTO `timed_room_sessions` VALUES (30, 1, 1, 5, NULL, NULL, '2026-05-27 15:32:00.559517', '2026-05-27 15:42:46.501366', 10.00, 0, 0.00, 0, 90, 2, NULL, '2026-05-27 15:32:00.559663', '2026-05-27 15:42:46.501367', 0, NULL);
INSERT INTO `timed_room_sessions` VALUES (31, 1, 1, 1, NULL, NULL, '2026-05-27 15:39:10.543213', '2026-05-27 15:42:36.973986', 1.00, 0, 0.00, 0, 90, 2, NULL, '2026-05-27 15:39:10.543623', '2026-05-27 15:42:36.973988', 0, NULL);
INSERT INTO `timed_room_sessions` VALUES (32, 1, 1, 2, NULL, NULL, '2026-05-27 15:44:36.939363', '2026-05-27 15:48:22.472315', 15.00, 0, 0.00, 0, 90, 2, NULL, '2026-05-27 15:44:36.939564', '2026-05-27 15:48:22.472317', 0, NULL);
INSERT INTO `timed_room_sessions` VALUES (33, 1, 1, 3, NULL, NULL, '2026-05-27 15:47:35.235232', '2026-05-27 15:48:19.952525', 50.00, 0, 0.00, 0, 90, 2, NULL, '2026-05-27 15:47:35.235446', '2026-05-27 15:48:19.952527', 0, NULL);
INSERT INTO `timed_room_sessions` VALUES (34, 1, 1, 5, NULL, NULL, '2026-05-27 15:47:46.364354', '2026-05-27 15:52:33.845075', 10.00, 0, 0.00, 0, 90, 2, NULL, '2026-05-27 15:47:46.364542', '2026-05-27 15:52:33.845077', 0, NULL);
INSERT INTO `timed_room_sessions` VALUES (35, 1, 1, 3, NULL, NULL, '2026-05-27 15:48:41.661850', '2026-05-27 15:52:24.417978', 50.00, 0, 0.00, 0, 90, 2, NULL, '2026-05-27 15:48:41.661997', '2026-05-27 15:52:24.417979', 0, NULL);
INSERT INTO `timed_room_sessions` VALUES (36, 1, 1, 6, NULL, NULL, '2026-05-27 15:48:49.138999', '2026-05-27 15:52:35.591516', 10.00, 0, 0.00, 0, 90, 2, NULL, '2026-05-27 15:48:49.139110', '2026-05-27 15:52:35.591518', 0, NULL);
INSERT INTO `timed_room_sessions` VALUES (37, 1, 1, 2, NULL, NULL, '2026-05-27 15:48:54.039408', '2026-05-27 15:52:27.516628', 15.00, 0, 0.00, 0, 90, 2, NULL, '2026-05-27 15:48:54.039744', '2026-05-27 15:52:27.516629', 0, NULL);
INSERT INTO `timed_room_sessions` VALUES (38, 1, 1, 4, NULL, NULL, '2026-05-27 15:49:58.495159', '2026-05-27 15:52:31.707276', 1.00, 0, 0.00, 0, 90, 2, NULL, '2026-05-27 15:49:58.495353', '2026-05-27 15:52:31.707277', 0, NULL);
INSERT INTO `timed_room_sessions` VALUES (39, 1, 1, 3, NULL, NULL, '2026-05-27 15:53:17.276553', '2026-05-27 15:53:27.390392', 50.00, 0, 0.00, 0, 90, 2, NULL, '2026-05-27 15:53:17.276725', '2026-05-27 15:53:27.390394', 0, NULL);
INSERT INTO `timed_room_sessions` VALUES (40, 1, 1, 5, NULL, NULL, '2026-05-27 15:53:29.799887', '2026-05-27 15:53:33.045855', 10.00, 0, 0.00, 0, 90, 2, NULL, '2026-05-27 15:53:29.800070', '2026-05-27 15:53:33.045856', 0, NULL);
INSERT INTO `timed_room_sessions` VALUES (41, 1, 1, 7, NULL, NULL, '2026-05-27 15:56:02.192469', '2026-06-05 03:49:32.205688', 20.00, 0, 0.00, 0, 90, 2, NULL, '2026-05-27 15:56:02.192758', '2026-06-05 11:49:32.205748', 0, NULL);
INSERT INTO `timed_room_sessions` VALUES (42, 1, 1, 1, 5, NULL, '2026-06-02 09:00:47.915240', '2026-06-02 09:08:06.901477', 10.00, 0, 0.00, 0, 90, 2, NULL, '2026-06-02 17:00:47.971698', '2026-06-02 17:08:06.901629', 0, NULL);
INSERT INTO `timed_room_sessions` VALUES (43, 1, 1, 1, NULL, '张三', '2026-06-02 09:08:15.248559', '2026-06-03 02:21:07.133164', 10.00, 0, 0.00, 0, 90, 2, NULL, '2026-06-02 17:08:15.249694', '2026-06-03 10:21:07.133241', 0, NULL);
INSERT INTO `timed_room_sessions` VALUES (44, 1, 1, 1, 5, NULL, '2026-06-03 02:31:27.084290', '2026-06-04 00:53:11.500853', 10.00, 0, 0.00, 0, 90, 2, NULL, '2026-06-03 10:31:27.099935', '2026-06-04 08:53:11.500854', 0, NULL);
INSERT INTO `timed_room_sessions` VALUES (45, 1, 1, 6, NULL, NULL, '2026-06-03 02:47:29.086634', '2026-06-03 03:02:13.660353', 50.00, 15, 12.50, 1, 10, 2, NULL, '2026-06-03 10:47:29.087753', '2026-06-03 11:02:13.666308', 0, 92);
INSERT INTO `timed_room_sessions` VALUES (46, 1, 1, 5, NULL, NULL, '2026-06-03 02:47:31.839897', '2026-06-04 00:53:17.032700', 40.00, 0, 0.00, 0, 90, 2, NULL, '2026-06-03 10:47:31.840110', '2026-06-04 08:53:17.032701', 0, NULL);
INSERT INTO `timed_room_sessions` VALUES (47, 1, 1, 4, NULL, NULL, '2026-06-03 02:47:35.418831', '2026-06-04 00:53:13.588412', 30.00, 0, 0.00, 0, 90, 2, NULL, '2026-06-03 10:47:35.418978', '2026-06-04 08:53:13.588414', 0, NULL);
INSERT INTO `timed_room_sessions` VALUES (48, 1, 1, 3, NULL, NULL, '2026-06-03 02:47:37.800560', '2026-06-04 00:53:06.793684', 20.00, 0, 0.00, 0, 90, 2, NULL, '2026-06-03 10:47:37.800760', '2026-06-04 08:53:06.793686', 0, NULL);
INSERT INTO `timed_room_sessions` VALUES (49, 1, 1, 2, NULL, NULL, '2026-06-03 02:47:39.945100', '2026-06-04 00:53:04.131761', 10.00, 0, 0.00, 0, 90, 2, NULL, '2026-06-03 10:47:39.945249', '2026-06-04 08:53:04.132273', 0, NULL);
INSERT INTO `timed_room_sessions` VALUES (50, 1, 1, 8, NULL, NULL, '2026-06-03 02:48:20.738056', '2026-06-03 02:52:38.127839', 100.00, 5, 8.33, 1, 10, 2, NULL, '2026-06-03 10:48:20.738225', '2026-06-03 10:52:38.186718', 0, 90);
INSERT INTO `timed_room_sessions` VALUES (51, 1, 1, 8, 7, NULL, '2026-06-03 05:54:26.238485', '2026-06-04 00:53:08.939987', 100.00, 0, 0.00, 0, 90, 2, NULL, '2026-06-03 13:54:26.245245', '2026-06-04 08:53:08.939990', 0, NULL);

-- ----------------------------
-- Table structure for users
-- ----------------------------
DROP TABLE IF EXISTS `users`;
CREATE TABLE `users`  (
  `Id` bigint NOT NULL AUTO_INCREMENT,
  `TenantId` bigint NULL DEFAULT NULL,
  `StoreId` bigint NULL DEFAULT NULL,
  `Username` varchar(64) CHARACTER SET utf8mb4 COLLATE utf8mb4_0900_ai_ci NOT NULL,
  `PasswordHash` varchar(200) CHARACTER SET utf8mb4 COLLATE utf8mb4_0900_ai_ci NOT NULL,
  `RealName` varchar(64) CHARACTER SET utf8mb4 COLLATE utf8mb4_0900_ai_ci NULL DEFAULT NULL,
  `Phone` varchar(32) CHARACTER SET utf8mb4 COLLATE utf8mb4_0900_ai_ci NULL DEFAULT NULL,
  `Role` int NOT NULL,
  `IsActive` tinyint(1) NOT NULL,
  `EmployeeNo` int NULL DEFAULT NULL,
  `IsBlind` tinyint(1) NOT NULL,
  `LastLoginAt` datetime(6) NULL DEFAULT NULL,
  `CreatedAt` datetime(6) NOT NULL,
  `UpdatedAt` datetime(6) NOT NULL,
  `IsDeleted` tinyint(1) NOT NULL,
  `BlindCertNo` varchar(64) CHARACTER SET utf8mb4 COLLATE utf8mb4_0900_ai_ci NULL DEFAULT NULL,
  `MaxRoundsPerDay` int NOT NULL DEFAULT 0,
  `Specialties` varchar(200) CHARACTER SET utf8mb4 COLLATE utf8mb4_0900_ai_ci NULL DEFAULT NULL,
  `TechnicianLevel` int NOT NULL DEFAULT 0,
  `BirthDate` datetime(6) NULL DEFAULT NULL,
  `EmergencyContactName` longtext CHARACTER SET utf8mb4 COLLATE utf8mb4_0900_ai_ci NULL,
  `EmergencyContactPhone` longtext CHARACTER SET utf8mb4 COLLATE utf8mb4_0900_ai_ci NULL,
  `HireDate` datetime(6) NULL DEFAULT NULL,
  `IdCardNo` longtext CHARACTER SET utf8mb4 COLLATE utf8mb4_0900_ai_ci NULL,
  `TerminationDate` datetime(6) NULL DEFAULT NULL,
  PRIMARY KEY (`Id`) USING BTREE,
  UNIQUE INDEX `IX_users_TenantId_Username`(`TenantId` ASC, `Username` ASC) USING BTREE,
  UNIQUE INDEX `IX_users_Phone`(`Phone` ASC) USING BTREE,
  INDEX `IX_users_StoreId`(`StoreId` ASC) USING BTREE,
  CONSTRAINT `FK_users_stores_StoreId` FOREIGN KEY (`StoreId`) REFERENCES `stores` (`Id`) ON DELETE SET NULL ON UPDATE RESTRICT,
  CONSTRAINT `FK_users_tenants_TenantId` FOREIGN KEY (`TenantId`) REFERENCES `tenants` (`Id`) ON DELETE CASCADE ON UPDATE RESTRICT
) ENGINE = InnoDB AUTO_INCREMENT = 12 CHARACTER SET = utf8mb4 COLLATE = utf8mb4_0900_ai_ci ROW_FORMAT = Dynamic;

-- ----------------------------
-- Records of users
-- ----------------------------
INSERT INTO `users` VALUES (1, NULL, NULL, 'admin', '$2a$11$8V8M4VSZ6vY1Nfto9.VruOYh6byBLzFtTCRTzZ58Q41GwLpicdGce', '平台管理员', NULL, 0, 1, NULL, 0, '2026-06-16 03:11:58.793197', '2026-05-25 08:42:29.458591', '2026-06-16 11:11:58.793198', 0, NULL, 0, NULL, 10, NULL, NULL, NULL, NULL, NULL, NULL);
INSERT INTO `users` VALUES (2, 1, 1, '18911916819', '$2a$11$VgC6/z/5Ss6r3IroGdRMpeP/OgCCgAP/zdfIZZ8kMOgQz9BOU66ZK', '向丁丁', '18911916819', 10, 1, 1, 0, '2026-06-19 11:52:50.672272', '2026-05-25 08:52:05.293379', '2026-06-19 19:52:50.672726', 0, NULL, 0, '肩颈,足疗,头疗,按摩', 10, '1987-11-26 00:00:00.000000', '黄丽霞', '13264267064', '2026-03-02 16:00:00.000000', '430524198711267137', NULL);
INSERT INTO `users` VALUES (3, 1, 1, '13264267064', '$2a$11$wSvzY/P8y6lPD48KlWm5yeI2HAcSftntr4.I0JxKrAUPLNyv0WeU.', '黄丽霞', '13264267064', 30, 1, 2, 0, '2026-06-12 06:37:43.859493', '2026-05-25 09:28:23.119331', '2026-06-12 15:03:48.586144', 0, NULL, 0, NULL, 10, '1987-11-25 16:00:00.000000', NULL, NULL, NULL, '430524198711267137', NULL);
INSERT INTO `users` VALUES (4, 1, 1, '13264267065', '$2a$11$ZzL4K1gt1sy.Lzztsd.g2O86y0V2Mlj1mmqmdVlHN2wFThWr9N6Iu', '张田军', '13264267065', 40, 1, 3, 0, NULL, '2026-05-25 09:30:53.794770', '2026-05-25 09:30:53.794770', 0, NULL, 0, '肩颈,足疗,头疗,推拿,按摩,小儿推拿,盲人按摩,中医理疗,刮痧', 10, '1989-11-05 00:00:00.000000', NULL, NULL, NULL, '430524198911057137', NULL);
INSERT INTO `users` VALUES (5, 1, 1, '13264267066', '$2a$11$12r5HE6OdHvBJvy1bPHQvuCBCXRFgiq9Qdy3dflhgNjc.XCdcvzAi', '黄芪辉', '13264267066', 40, 1, 4, 1, NULL, '2026-05-25 09:32:22.895996', '2026-05-26 08:27:25.043344', 0, NULL, 0, '头疗,精油 SPA,泰式按摩,肩颈,小儿推拿,盲人按摩', 10, '1989-11-05 00:00:00.000000', NULL, NULL, NULL, '43052419891105713X', NULL);
INSERT INTO `users` VALUES (6, 1, 1, '18611916819', '$2a$11$m6Bq3252kCQYd5HLwwRTk./u/f6FmbyCk.f66dnphkcqCA92do6y.', '张海龙', '18611916819', 40, 1, 5, 1, NULL, '2026-05-29 01:22:48.617630', '2026-05-29 01:22:48.617630', 0, NULL, 0, '足疗,精油 SPA', 10, '1987-11-26 00:00:00.000000', '李梅花', '18911916819', '2026-05-01 00:00:00.000000', '430524198711267137', NULL);
INSERT INTO `users` VALUES (7, 1, 1, '17967647064', '$2a$11$Sd712Tn1LxCq/mX4Npyzl.h310Rta4jgteQ8hc9xRCw.1z/sXGboW', '彭江雄', '17967647064', 40, 1, 6, 0, NULL, '2026-05-29 01:24:16.279604', '2026-05-29 01:24:16.279604', 0, NULL, 0, NULL, 10, '1989-05-06 00:00:00.000000', NULL, NULL, '2026-05-01 00:00:00.000000', '430524198905066819', NULL);
INSERT INTO `users` VALUES (8, 2, 3, '13264267062', '$2a$11$c0JyaUEF/5NDcleRNehzkOfGyrBk5zqoCgyWHuNCg6JdRbLdFP8va', NULL, '13264267062', 10, 1, NULL, 0, '2026-06-03 02:08:11.205897', '2026-06-02 21:51:32.700957', '2026-06-03 10:08:11.206507', 0, NULL, 0, NULL, 10, NULL, NULL, NULL, NULL, NULL, NULL);
INSERT INTO `users` VALUES (9, 1, 1, '13264267067', '$2a$11$.WffC1d77n/YObiSMU70A.jFC3GouCOarJ9ZqWu1JF2McwXAy.Vhq', '黄光', '13264267067', 40, 1, 7, 0, NULL, '2026-06-12 14:07:49.432522', '2026-06-12 14:07:49.432522', 0, NULL, 0, '足疗,头疗,按摩', 10, '1987-11-25 16:00:00.000000', '张海', '13264267066', '2026-06-03 16:00:00.000000', '110524198711267137', NULL);
INSERT INTO `users` VALUES (10, 1, 2, '13824678941', '$2a$11$7.KdTA1h9WBoJhibIHciRe3BIK0LPPZwyKdma4nzeL8AKhAeRtVym', '张国涛', '13824678941', 40, 1, 8, 0, NULL, '2026-06-12 14:40:34.937969', '2026-06-12 14:40:34.937969', 0, NULL, 0, NULL, 10, '1988-09-15 16:00:00.000000', '向丁丁', NULL, NULL, '430524198809167137', NULL);
INSERT INTO `users` VALUES (11, 1, 1, '13956781234', '$2a$11$BgMAK9Ov/.2/s9ZGUTsdFe5EUASfcRqCdj.Bb7YeRtdD0DyzL1TuS', '刘国栋', '13956781234', 40, 1, 9, 1, '2026-06-15 03:32:16.209598', '2026-06-15 09:20:12.654958', '2026-06-15 11:32:16.209599', 0, NULL, 0, '肩颈,推拿,小儿推拿', 10, '1985-07-11 16:00:00.000000', '张雄', '1523447890', '2026-06-14 16:00:00.000000', '310115198507124521', NULL);

-- ----------------------------
-- Table structure for vouchers
-- ----------------------------
DROP TABLE IF EXISTS `vouchers`;
CREATE TABLE `vouchers`  (
  `Id` bigint NOT NULL AUTO_INCREMENT,
  `TenantId` bigint NULL DEFAULT NULL,
  `Kind` int NOT NULL,
  `Code` varchar(64) CHARACTER SET utf8mb4 COLLATE utf8mb4_0900_ai_ci NOT NULL,
  `Title` varchar(200) CHARACTER SET utf8mb4 COLLATE utf8mb4_0900_ai_ci NOT NULL,
  `FaceValue` decimal(18, 2) NOT NULL,
  `MinOrderAmount` decimal(18, 2) NOT NULL,
  `DiscountPercent` decimal(5, 4) NULL DEFAULT NULL,
  `ValidFrom` datetime(6) NULL DEFAULT NULL,
  `ExpiresAt` datetime(6) NULL DEFAULT NULL,
  `Status` int NOT NULL,
  `RedeemedAt` datetime(6) NULL DEFAULT NULL,
  `RedeemedOrderId` bigint NULL DEFAULT NULL,
  `Platform` varchar(64) CHARACTER SET utf8mb4 COLLATE utf8mb4_0900_ai_ci NULL DEFAULT NULL,
  `Remark` varchar(500) CHARACTER SET utf8mb4 COLLATE utf8mb4_0900_ai_ci NULL DEFAULT NULL,
  `CreatedAt` datetime(6) NOT NULL,
  `UpdatedAt` datetime(6) NOT NULL,
  `IsDeleted` tinyint(1) NOT NULL,
  PRIMARY KEY (`Id`) USING BTREE,
  UNIQUE INDEX `IX_vouchers_TenantId_Code`(`TenantId` ASC, `Code` ASC) USING BTREE,
  INDEX `IX_vouchers_Status`(`Status` ASC) USING BTREE
) ENGINE = InnoDB AUTO_INCREMENT = 1314 CHARACTER SET = utf8mb4 COLLATE = utf8mb4_0900_ai_ci ROW_FORMAT = Dynamic;

-- ----------------------------
-- Records of vouchers
-- ----------------------------
INSERT INTO `vouchers` VALUES (1, 1, 10, 'SC-ZD5T-GH57', '团购优惠券', 20.00, 100.00, NULL, '2026-05-29 02:50:26.000000', '2026-05-29 02:50:32.000000', 90, NULL, NULL, NULL, '店内团购优惠券', '2026-05-29 02:51:06.600246', '2026-05-29 02:56:16.422483', 0);
INSERT INTO `vouchers` VALUES (2, 1, 10, 'SC-D9DH-QJAE', '团购优惠券', 100.00, 50.00, NULL, '2026-05-29 02:56:24.000000', '2026-09-29 16:00:00.000000', 0, NULL, NULL, NULL, NULL, '2026-05-29 02:57:04.720215', '2026-05-29 02:57:04.720215', 0);
INSERT INTO `vouchers` VALUES (3, 1, 10, 'SC-U288-CWNK', '团购优惠券', 100.00, 100.00, NULL, '2026-05-29 03:26:33.000000', '2028-05-30 16:00:00.000000', 10, '2026-05-29 03:30:27.226934', 74, NULL, '团购优惠券', '2026-05-29 03:26:45.615642', '2026-05-29 03:30:27.229452', 0);
INSERT INTO `vouchers` VALUES (4, 1, 10, 'SC-3T5E-8HZ4', '团购优惠券', 100.00, 100.00, NULL, '2026-05-29 03:26:33.000000', '2028-05-30 16:00:00.000000', 10, '2026-05-29 03:31:19.533421', 75, NULL, '团购优惠券', '2026-05-29 03:26:45.615642', '2026-05-29 03:31:19.535110', 0);
INSERT INTO `vouchers` VALUES (5, 1, 10, 'SC-BFTK-B8E5', '团购优惠券', 100.00, 100.00, NULL, '2026-05-29 03:26:33.000000', '2028-05-30 16:00:00.000000', 0, NULL, NULL, NULL, '团购优惠券', '2026-05-29 03:26:45.615642', '2026-05-29 03:26:45.615642', 0);
INSERT INTO `vouchers` VALUES (6, 1, 10, 'SC-8EER-TSNG', '团购优惠券', 100.00, 100.00, NULL, '2026-05-29 03:26:33.000000', '2028-05-30 16:00:00.000000', 0, NULL, NULL, NULL, '团购优惠券', '2026-05-29 03:26:45.615642', '2026-05-29 03:26:45.615642', 0);
INSERT INTO `vouchers` VALUES (7, 1, 10, 'SC-7CF3-ZNHS', '团购优惠券', 100.00, 100.00, NULL, '2026-05-29 03:26:33.000000', '2028-05-30 16:00:00.000000', 0, NULL, NULL, NULL, '团购优惠券', '2026-05-29 03:26:45.615642', '2026-05-29 03:26:45.615642', 0);
INSERT INTO `vouchers` VALUES (8, 1, 10, 'SC-9W6C-RZ55', '团购优惠券', 100.00, 100.00, NULL, '2026-05-29 03:26:33.000000', '2028-05-30 16:00:00.000000', 0, NULL, NULL, NULL, '团购优惠券', '2026-05-29 03:26:45.615642', '2026-05-29 03:26:45.615642', 0);
INSERT INTO `vouchers` VALUES (9, 1, 10, 'SC-QX9H-ZCE7', '团购优惠券', 100.00, 100.00, NULL, '2026-05-29 03:26:33.000000', '2028-05-30 16:00:00.000000', 0, NULL, NULL, NULL, '团购优惠券', '2026-05-29 03:26:45.615642', '2026-05-29 03:26:45.615642', 0);
INSERT INTO `vouchers` VALUES (10, 1, 10, 'SC-J732-Z6NH', '团购优惠券', 100.00, 100.00, NULL, '2026-05-29 03:26:33.000000', '2028-05-30 16:00:00.000000', 0, NULL, NULL, NULL, '团购优惠券', '2026-05-29 03:26:45.615642', '2026-05-29 03:26:45.615642', 0);
INSERT INTO `vouchers` VALUES (11, 1, 10, 'SC-GGDM-AMFY', '团购优惠券', 100.00, 100.00, NULL, '2026-05-29 03:26:33.000000', '2028-05-30 16:00:00.000000', 0, NULL, NULL, NULL, '团购优惠券', '2026-05-29 03:26:45.615642', '2026-05-29 03:26:45.615642', 0);
INSERT INTO `vouchers` VALUES (12, 1, 10, 'SC-2ACU-AV9Z', '团购优惠券', 100.00, 100.00, NULL, '2026-05-29 03:26:33.000000', '2028-05-30 16:00:00.000000', 0, NULL, NULL, NULL, '团购优惠券', '2026-05-29 03:26:45.615642', '2026-05-29 03:26:45.615642', 0);
INSERT INTO `vouchers` VALUES (13, 1, 10, 'SC-KQPK-V6FH', '团购优惠券', 100.00, 100.00, NULL, '2026-05-29 03:26:33.000000', '2028-05-30 16:00:00.000000', 0, NULL, NULL, NULL, '团购优惠券', '2026-05-29 03:26:45.615642', '2026-05-29 03:26:45.615642', 0);
INSERT INTO `vouchers` VALUES (14, 1, 10, 'SC-W34U-2QCJ', '团购优惠券', 100.00, 100.00, NULL, '2026-05-29 03:26:33.000000', '2028-05-30 16:00:00.000000', 0, NULL, NULL, NULL, '团购优惠券', '2026-05-29 03:26:45.615642', '2026-05-29 03:26:45.615642', 0);
INSERT INTO `vouchers` VALUES (15, 1, 10, 'SC-WUJ3-9NAZ', '团购优惠券', 100.00, 100.00, NULL, '2026-05-29 03:26:33.000000', '2028-05-30 16:00:00.000000', 0, NULL, NULL, NULL, '团购优惠券', '2026-05-29 03:26:45.615642', '2026-05-29 03:26:45.615642', 0);
INSERT INTO `vouchers` VALUES (16, 1, 10, 'SC-YUJJ-BNUB', '团购优惠券', 100.00, 100.00, NULL, '2026-05-29 03:26:33.000000', '2028-05-30 16:00:00.000000', 0, NULL, NULL, NULL, '团购优惠券', '2026-05-29 03:26:45.615642', '2026-05-29 03:26:45.615642', 0);
INSERT INTO `vouchers` VALUES (17, 1, 10, 'SC-VYBB-H5TS', '团购优惠券', 100.00, 100.00, NULL, '2026-05-29 03:26:33.000000', '2028-05-30 16:00:00.000000', 0, NULL, NULL, NULL, '团购优惠券', '2026-05-29 03:26:45.615642', '2026-05-29 03:26:45.615642', 0);
INSERT INTO `vouchers` VALUES (18, 1, 10, 'SC-Q6P7-Z98H', '团购优惠券', 100.00, 100.00, NULL, '2026-05-29 03:26:33.000000', '2028-05-30 16:00:00.000000', 0, NULL, NULL, NULL, '团购优惠券', '2026-05-29 03:26:45.615642', '2026-05-29 03:26:45.615642', 0);
INSERT INTO `vouchers` VALUES (19, 1, 10, 'SC-56HS-49BW', '团购优惠券', 100.00, 100.00, NULL, '2026-05-29 03:26:33.000000', '2028-05-30 16:00:00.000000', 0, NULL, NULL, NULL, '团购优惠券', '2026-05-29 03:26:45.615642', '2026-05-29 03:26:45.615642', 0);
INSERT INTO `vouchers` VALUES (20, 1, 10, 'SC-W7JY-J6SH', '团购优惠券', 100.00, 100.00, NULL, '2026-05-29 03:26:33.000000', '2028-05-30 16:00:00.000000', 0, NULL, NULL, NULL, '团购优惠券', '2026-05-29 03:26:45.615642', '2026-05-29 03:26:45.615642', 0);
INSERT INTO `vouchers` VALUES (21, 1, 10, 'SC-DVAA-7T5R', '团购优惠券', 100.00, 100.00, NULL, '2026-05-29 03:26:33.000000', '2028-05-30 16:00:00.000000', 0, NULL, NULL, NULL, '团购优惠券', '2026-05-29 03:26:45.615642', '2026-05-29 03:26:45.615642', 0);
INSERT INTO `vouchers` VALUES (22, 1, 10, 'SC-BGPB-ZSAQ', '团购优惠券', 100.00, 100.00, NULL, '2026-05-29 03:26:33.000000', '2028-05-30 16:00:00.000000', 10, '2026-06-12 08:45:52.755917', 119, NULL, '团购优惠券', '2026-05-29 03:26:45.615642', '2026-06-12 16:45:52.760248', 0);
INSERT INTO `vouchers` VALUES (23, 1, 10, 'SC-J8BM-4DP2', '团购优惠券', 100.00, 100.00, NULL, '2026-05-29 03:26:33.000000', '2028-05-30 16:00:00.000000', 0, NULL, NULL, NULL, '团购优惠券', '2026-05-29 03:26:45.615642', '2026-05-29 03:26:45.615642', 0);
INSERT INTO `vouchers` VALUES (24, 1, 10, 'SC-8QH7-SXFV', '团购优惠券', 100.00, 100.00, NULL, '2026-05-29 03:26:33.000000', '2028-05-30 16:00:00.000000', 0, NULL, NULL, NULL, '团购优惠券', '2026-05-29 03:26:45.615642', '2026-05-29 03:26:45.615642', 0);
INSERT INTO `vouchers` VALUES (25, 1, 10, 'SC-2F7M-78HP', '团购优惠券', 100.00, 100.00, NULL, '2026-05-29 03:26:33.000000', '2028-05-30 16:00:00.000000', 0, NULL, NULL, NULL, '团购优惠券', '2026-05-29 03:26:45.615642', '2026-05-29 03:26:45.615642', 0);
INSERT INTO `vouchers` VALUES (26, 1, 10, 'SC-8NGQ-KAQC', '团购优惠券', 100.00, 100.00, NULL, '2026-05-29 03:26:33.000000', '2028-05-30 16:00:00.000000', 0, NULL, NULL, NULL, '团购优惠券', '2026-05-29 03:26:45.615642', '2026-05-29 03:26:45.615642', 0);
INSERT INTO `vouchers` VALUES (27, 1, 10, 'SC-PQJV-U79V', '团购优惠券', 100.00, 100.00, NULL, '2026-05-29 03:26:33.000000', '2028-05-30 16:00:00.000000', 0, NULL, NULL, NULL, '团购优惠券', '2026-05-29 03:26:45.615642', '2026-05-29 03:26:45.615642', 0);
INSERT INTO `vouchers` VALUES (28, 1, 10, 'SC-Q5A6-262T', '团购优惠券', 100.00, 100.00, NULL, '2026-05-29 03:26:33.000000', '2028-05-30 16:00:00.000000', 0, NULL, NULL, NULL, '团购优惠券', '2026-05-29 03:26:45.615642', '2026-05-29 03:26:45.615642', 0);
INSERT INTO `vouchers` VALUES (29, 1, 10, 'SC-6BHU-ZEEK', '团购优惠券', 100.00, 100.00, NULL, '2026-05-29 03:26:33.000000', '2028-05-30 16:00:00.000000', 0, NULL, NULL, NULL, '团购优惠券', '2026-05-29 03:26:45.615642', '2026-05-29 03:26:45.615642', 0);
INSERT INTO `vouchers` VALUES (30, 1, 10, 'SC-6BTB-G9KF', '团购优惠券', 100.00, 100.00, NULL, '2026-05-29 03:26:33.000000', '2028-05-30 16:00:00.000000', 0, NULL, NULL, NULL, '团购优惠券', '2026-05-29 03:26:45.615642', '2026-05-29 03:26:45.615642', 0);
INSERT INTO `vouchers` VALUES (31, 1, 10, 'SC-7BPJ-V656', '团购优惠券', 100.00, 100.00, NULL, '2026-05-29 03:26:33.000000', '2028-05-30 16:00:00.000000', 0, NULL, NULL, NULL, '团购优惠券', '2026-05-29 03:26:45.615642', '2026-05-29 03:26:45.615642', 0);
INSERT INTO `vouchers` VALUES (32, 1, 10, 'SC-YBEX-2VUX', '团购优惠券', 100.00, 100.00, NULL, '2026-05-29 03:26:33.000000', '2028-05-30 16:00:00.000000', 0, NULL, NULL, NULL, '团购优惠券', '2026-05-29 03:26:45.615642', '2026-05-29 03:26:45.615642', 0);
INSERT INTO `vouchers` VALUES (33, 1, 10, 'SC-TQRY-7E5R', '团购优惠券', 100.00, 100.00, NULL, '2026-05-29 03:26:33.000000', '2028-05-30 16:00:00.000000', 0, NULL, NULL, NULL, '团购优惠券', '2026-05-29 03:26:45.615642', '2026-05-29 03:26:45.615642', 0);
INSERT INTO `vouchers` VALUES (34, 1, 10, 'SC-5FX3-Q3CN', '团购优惠券', 100.00, 100.00, NULL, '2026-05-29 03:26:33.000000', '2028-05-30 16:00:00.000000', 0, NULL, NULL, NULL, '团购优惠券', '2026-05-29 03:26:45.615642', '2026-05-29 03:26:45.615642', 0);
INSERT INTO `vouchers` VALUES (35, 1, 10, 'SC-SVZS-7GDY', '团购优惠券', 100.00, 100.00, NULL, '2026-05-29 03:26:33.000000', '2028-05-30 16:00:00.000000', 0, NULL, NULL, NULL, '团购优惠券', '2026-05-29 03:26:45.615642', '2026-05-29 03:26:45.615642', 0);
INSERT INTO `vouchers` VALUES (36, 1, 10, 'SC-UF6Z-DQZ6', '团购优惠券', 100.00, 100.00, NULL, '2026-05-29 03:26:33.000000', '2028-05-30 16:00:00.000000', 0, NULL, NULL, NULL, '团购优惠券', '2026-05-29 03:26:45.615642', '2026-05-29 03:26:45.615642', 0);
INSERT INTO `vouchers` VALUES (37, 1, 10, 'SC-B8ZZ-ZH6G', '团购优惠券', 100.00, 100.00, NULL, '2026-05-29 03:26:33.000000', '2028-05-30 16:00:00.000000', 0, NULL, NULL, NULL, '团购优惠券', '2026-05-29 03:26:45.615642', '2026-05-29 03:26:45.615642', 0);
INSERT INTO `vouchers` VALUES (38, 1, 10, 'SC-SHVR-GBMG', '团购优惠券', 100.00, 100.00, NULL, '2026-05-29 03:26:33.000000', '2028-05-30 16:00:00.000000', 0, NULL, NULL, NULL, '团购优惠券', '2026-05-29 03:26:45.615642', '2026-05-29 03:26:45.615642', 0);
INSERT INTO `vouchers` VALUES (39, 1, 10, 'SC-ZTFE-VKWR', '团购优惠券', 100.00, 100.00, NULL, '2026-05-29 03:26:33.000000', '2028-05-30 16:00:00.000000', 0, NULL, NULL, NULL, '团购优惠券', '2026-05-29 03:26:45.615642', '2026-05-29 03:26:45.615642', 0);
INSERT INTO `vouchers` VALUES (40, 1, 10, 'SC-CUWC-6RE4', '团购优惠券', 100.00, 100.00, NULL, '2026-05-29 03:26:33.000000', '2028-05-30 16:00:00.000000', 0, NULL, NULL, NULL, '团购优惠券', '2026-05-29 03:26:45.615642', '2026-05-29 03:26:45.615642', 0);
INSERT INTO `vouchers` VALUES (41, 1, 10, 'SC-FJ6X-AEGQ', '团购优惠券', 100.00, 100.00, NULL, '2026-05-29 03:26:33.000000', '2028-05-30 16:00:00.000000', 0, NULL, NULL, NULL, '团购优惠券', '2026-05-29 03:26:45.615642', '2026-05-29 03:26:45.615642', 0);
INSERT INTO `vouchers` VALUES (42, 1, 10, 'SC-PGYD-FMRZ', '团购优惠券', 100.00, 100.00, NULL, '2026-05-29 03:26:33.000000', '2028-05-30 16:00:00.000000', 0, NULL, NULL, NULL, '团购优惠券', '2026-05-29 03:26:45.615642', '2026-05-29 03:26:45.615642', 0);
INSERT INTO `vouchers` VALUES (43, 1, 10, 'SC-JAC3-YCD5', '团购优惠券', 100.00, 100.00, NULL, '2026-05-29 03:26:33.000000', '2028-05-30 16:00:00.000000', 0, NULL, NULL, NULL, '团购优惠券', '2026-05-29 03:26:45.615642', '2026-05-29 03:26:45.615642', 0);
INSERT INTO `vouchers` VALUES (44, 1, 10, 'SC-GT27-FA64', '团购优惠券', 100.00, 100.00, NULL, '2026-05-29 03:26:33.000000', '2028-05-30 16:00:00.000000', 0, NULL, NULL, NULL, '团购优惠券', '2026-05-29 03:26:45.615642', '2026-05-29 03:26:45.615642', 0);
INSERT INTO `vouchers` VALUES (45, 1, 10, 'SC-XTD9-NSDB', '团购优惠券', 100.00, 100.00, NULL, '2026-05-29 03:26:33.000000', '2028-05-30 16:00:00.000000', 0, NULL, NULL, NULL, '团购优惠券', '2026-05-29 03:26:45.615642', '2026-05-29 03:26:45.615642', 0);
INSERT INTO `vouchers` VALUES (46, 1, 10, 'SC-V2TG-6K7Q', '团购优惠券', 100.00, 100.00, NULL, '2026-05-29 03:26:33.000000', '2028-05-30 16:00:00.000000', 0, NULL, NULL, NULL, '团购优惠券', '2026-05-29 03:26:45.615642', '2026-05-29 03:26:45.615642', 0);
INSERT INTO `vouchers` VALUES (47, 1, 10, 'SC-SF23-8RJ3', '团购优惠券', 100.00, 100.00, NULL, '2026-05-29 03:26:33.000000', '2028-05-30 16:00:00.000000', 0, NULL, NULL, NULL, '团购优惠券', '2026-05-29 03:26:45.615642', '2026-05-29 03:26:45.615642', 0);
INSERT INTO `vouchers` VALUES (48, 1, 10, 'SC-DW5F-9J56', '团购优惠券', 100.00, 100.00, NULL, '2026-05-29 03:26:33.000000', '2028-05-30 16:00:00.000000', 0, NULL, NULL, NULL, '团购优惠券', '2026-05-29 03:26:45.615642', '2026-05-29 03:26:45.615642', 0);
INSERT INTO `vouchers` VALUES (49, 1, 10, 'SC-7UPZ-MC8F', '团购优惠券', 100.00, 100.00, NULL, '2026-05-29 03:26:33.000000', '2028-05-30 16:00:00.000000', 0, NULL, NULL, NULL, '团购优惠券', '2026-05-29 03:26:45.615642', '2026-05-29 03:26:45.615642', 0);
INSERT INTO `vouchers` VALUES (50, 1, 10, 'SC-BSTY-TN84', '团购优惠券', 100.00, 100.00, NULL, '2026-05-29 03:26:33.000000', '2028-05-30 16:00:00.000000', 0, NULL, NULL, NULL, '团购优惠券', '2026-05-29 03:26:45.615642', '2026-05-29 03:26:45.615642', 0);
INSERT INTO `vouchers` VALUES (51, 1, 10, 'SC-3W32-2SNV', '团购优惠券', 100.00, 100.00, NULL, '2026-05-29 03:26:33.000000', '2028-05-30 16:00:00.000000', 0, NULL, NULL, NULL, '团购优惠券', '2026-05-29 03:26:45.615642', '2026-05-29 03:26:45.615642', 0);
INSERT INTO `vouchers` VALUES (52, 1, 10, 'SC-QUDP-3EZD', '团购优惠券', 100.00, 100.00, NULL, '2026-05-29 03:26:33.000000', '2028-05-30 16:00:00.000000', 0, NULL, NULL, NULL, '团购优惠券', '2026-05-29 03:26:45.615642', '2026-05-29 03:26:45.615642', 0);
INSERT INTO `vouchers` VALUES (53, 1, 10, 'SC-4494-TWBM', '团购优惠券', 100.00, 100.00, NULL, '2026-05-29 03:26:33.000000', '2028-05-30 16:00:00.000000', 0, NULL, NULL, NULL, '团购优惠券', '2026-05-29 03:26:45.615642', '2026-05-29 03:26:45.615642', 0);
INSERT INTO `vouchers` VALUES (54, 1, 10, 'SC-KNES-ZVXW', '团购优惠券', 100.00, 100.00, NULL, '2026-05-29 03:26:33.000000', '2028-05-30 16:00:00.000000', 0, NULL, NULL, NULL, '团购优惠券', '2026-05-29 03:26:45.615642', '2026-05-29 03:26:45.615642', 0);
INSERT INTO `vouchers` VALUES (55, 1, 10, 'SC-Q2CP-ZDMR', '团购优惠券', 100.00, 100.00, NULL, '2026-05-29 03:26:33.000000', '2028-05-30 16:00:00.000000', 0, NULL, NULL, NULL, '团购优惠券', '2026-05-29 03:26:45.615642', '2026-05-29 03:26:45.615642', 0);
INSERT INTO `vouchers` VALUES (56, 1, 10, 'SC-BSYG-MRJJ', '团购优惠券', 100.00, 100.00, NULL, '2026-05-29 03:26:33.000000', '2028-05-30 16:00:00.000000', 0, NULL, NULL, NULL, '团购优惠券', '2026-05-29 03:26:45.615642', '2026-05-29 03:26:45.615642', 0);
INSERT INTO `vouchers` VALUES (57, 1, 10, 'SC-35QQ-4CQ8', '团购优惠券', 100.00, 100.00, NULL, '2026-05-29 03:26:33.000000', '2028-05-30 16:00:00.000000', 0, NULL, NULL, NULL, '团购优惠券', '2026-05-29 03:26:45.615642', '2026-05-29 03:26:45.615642', 0);
INSERT INTO `vouchers` VALUES (58, 1, 10, 'SC-4SW9-KPQT', '团购优惠券', 100.00, 100.00, NULL, '2026-05-29 03:26:33.000000', '2028-05-30 16:00:00.000000', 0, NULL, NULL, NULL, '团购优惠券', '2026-05-29 03:26:45.615642', '2026-05-29 03:26:45.615642', 0);
INSERT INTO `vouchers` VALUES (59, 1, 10, 'SC-VPMV-BDMF', '团购优惠券', 100.00, 100.00, NULL, '2026-05-29 03:26:33.000000', '2028-05-30 16:00:00.000000', 0, NULL, NULL, NULL, '团购优惠券', '2026-05-29 03:26:45.615642', '2026-05-29 03:26:45.615642', 0);
INSERT INTO `vouchers` VALUES (60, 1, 10, 'SC-UT22-Z8RK', '团购优惠券', 100.00, 100.00, NULL, '2026-05-29 03:26:33.000000', '2028-05-30 16:00:00.000000', 0, NULL, NULL, NULL, '团购优惠券', '2026-05-29 03:26:45.615642', '2026-05-29 03:26:45.615642', 0);
INSERT INTO `vouchers` VALUES (61, 1, 10, 'SC-G32W-X3WU', '团购优惠券', 100.00, 100.00, NULL, '2026-05-29 03:26:33.000000', '2028-05-30 16:00:00.000000', 0, NULL, NULL, NULL, '团购优惠券', '2026-05-29 03:26:45.615642', '2026-05-29 03:26:45.615642', 0);
INSERT INTO `vouchers` VALUES (62, 1, 10, 'SC-UWDM-TDQX', '团购优惠券', 100.00, 100.00, NULL, '2026-05-29 03:26:33.000000', '2028-05-30 16:00:00.000000', 0, NULL, NULL, NULL, '团购优惠券', '2026-05-29 03:26:45.615642', '2026-05-29 03:26:45.615642', 0);
INSERT INTO `vouchers` VALUES (63, 1, 10, 'SC-DJPY-M99G', '团购优惠券', 100.00, 100.00, NULL, '2026-05-29 03:26:33.000000', '2028-05-30 16:00:00.000000', 0, NULL, NULL, NULL, '团购优惠券', '2026-05-29 03:26:45.615642', '2026-05-29 03:26:45.615642', 0);
INSERT INTO `vouchers` VALUES (64, 1, 10, 'SC-DX7J-VRU4', '团购优惠券', 100.00, 100.00, NULL, '2026-05-29 03:26:33.000000', '2028-05-30 16:00:00.000000', 0, NULL, NULL, NULL, '团购优惠券', '2026-05-29 03:26:45.615642', '2026-05-29 03:26:45.615642', 0);
INSERT INTO `vouchers` VALUES (65, 1, 10, 'SC-MKQU-KRB7', '团购优惠券', 100.00, 100.00, NULL, '2026-05-29 03:26:33.000000', '2028-05-30 16:00:00.000000', 0, NULL, NULL, NULL, '团购优惠券', '2026-05-29 03:26:45.615642', '2026-05-29 03:26:45.615642', 0);
INSERT INTO `vouchers` VALUES (66, 1, 10, 'SC-U456-HJTH', '团购优惠券', 100.00, 100.00, NULL, '2026-05-29 03:26:33.000000', '2028-05-30 16:00:00.000000', 0, NULL, NULL, NULL, '团购优惠券', '2026-05-29 03:26:45.615642', '2026-05-29 03:26:45.615642', 0);
INSERT INTO `vouchers` VALUES (67, 1, 10, 'SC-V7UR-5UXG', '团购优惠券', 100.00, 100.00, NULL, '2026-05-29 03:26:33.000000', '2028-05-30 16:00:00.000000', 0, NULL, NULL, NULL, '团购优惠券', '2026-05-29 03:26:45.615642', '2026-05-29 03:26:45.615642', 0);
INSERT INTO `vouchers` VALUES (68, 1, 10, 'SC-BFJT-J2FD', '团购优惠券', 100.00, 100.00, NULL, '2026-05-29 03:26:33.000000', '2028-05-30 16:00:00.000000', 0, NULL, NULL, NULL, '团购优惠券', '2026-05-29 03:26:45.615642', '2026-05-29 03:26:45.615642', 0);
INSERT INTO `vouchers` VALUES (69, 1, 10, 'SC-DW53-A2XW', '团购优惠券', 100.00, 100.00, NULL, '2026-05-29 03:26:33.000000', '2028-05-30 16:00:00.000000', 0, NULL, NULL, NULL, '团购优惠券', '2026-05-29 03:26:45.615642', '2026-05-29 03:26:45.615642', 0);
INSERT INTO `vouchers` VALUES (70, 1, 10, 'SC-BM6A-5C3C', '团购优惠券', 100.00, 100.00, NULL, '2026-05-29 03:26:33.000000', '2028-05-30 16:00:00.000000', 0, NULL, NULL, NULL, '团购优惠券', '2026-05-29 03:26:45.615642', '2026-05-29 03:26:45.615642', 0);
INSERT INTO `vouchers` VALUES (71, 1, 10, 'SC-3AV6-FSB2', '团购优惠券', 100.00, 100.00, NULL, '2026-05-29 03:26:33.000000', '2028-05-30 16:00:00.000000', 0, NULL, NULL, NULL, '团购优惠券', '2026-05-29 03:26:45.615642', '2026-05-29 03:26:45.615642', 0);
INSERT INTO `vouchers` VALUES (72, 1, 10, 'SC-AU3X-6QG2', '团购优惠券', 100.00, 100.00, NULL, '2026-05-29 03:26:33.000000', '2028-05-30 16:00:00.000000', 0, NULL, NULL, NULL, '团购优惠券', '2026-05-29 03:26:45.615642', '2026-05-29 03:26:45.615642', 0);
INSERT INTO `vouchers` VALUES (73, 1, 10, 'SC-GWFZ-6QHN', '团购优惠券', 100.00, 100.00, NULL, '2026-05-29 03:26:33.000000', '2028-05-30 16:00:00.000000', 0, NULL, NULL, NULL, '团购优惠券', '2026-05-29 03:26:45.615642', '2026-05-29 03:26:45.615642', 0);
INSERT INTO `vouchers` VALUES (74, 1, 10, 'SC-YCF8-ZTZE', '团购优惠券', 100.00, 100.00, NULL, '2026-05-29 03:26:33.000000', '2028-05-30 16:00:00.000000', 0, NULL, NULL, NULL, '团购优惠券', '2026-05-29 03:26:45.615642', '2026-05-29 03:26:45.615642', 0);
INSERT INTO `vouchers` VALUES (75, 1, 10, 'SC-QXBZ-JND4', '团购优惠券', 100.00, 100.00, NULL, '2026-05-29 03:26:33.000000', '2028-05-30 16:00:00.000000', 0, NULL, NULL, NULL, '团购优惠券', '2026-05-29 03:26:45.615642', '2026-05-29 03:26:45.615642', 0);
INSERT INTO `vouchers` VALUES (76, 1, 10, 'SC-CRAC-7TR5', '团购优惠券', 100.00, 100.00, NULL, '2026-05-29 03:26:33.000000', '2028-05-30 16:00:00.000000', 0, NULL, NULL, NULL, '团购优惠券', '2026-05-29 03:26:45.615642', '2026-05-29 03:26:45.615642', 0);
INSERT INTO `vouchers` VALUES (77, 1, 10, 'SC-WQZP-78M7', '团购优惠券', 100.00, 100.00, NULL, '2026-05-29 03:26:33.000000', '2028-05-30 16:00:00.000000', 0, NULL, NULL, NULL, '团购优惠券', '2026-05-29 03:26:45.615642', '2026-05-29 03:26:45.615642', 0);
INSERT INTO `vouchers` VALUES (78, 1, 10, 'SC-HTDV-QCM3', '团购优惠券', 100.00, 100.00, NULL, '2026-05-29 03:26:33.000000', '2028-05-30 16:00:00.000000', 0, NULL, NULL, NULL, '团购优惠券', '2026-05-29 03:26:45.615642', '2026-05-29 03:26:45.615642', 0);
INSERT INTO `vouchers` VALUES (79, 1, 10, 'SC-2354-VU6B', '团购优惠券', 100.00, 100.00, NULL, '2026-05-29 03:26:33.000000', '2028-05-30 16:00:00.000000', 0, NULL, NULL, NULL, '团购优惠券', '2026-05-29 03:26:45.615642', '2026-05-29 03:26:45.615642', 0);
INSERT INTO `vouchers` VALUES (100, 1, 10, 'SC-P2PQ-4243', '团购优惠券', 100.00, 100.00, NULL, '2026-05-29 03:26:33.000000', '2028-05-30 16:00:00.000000', 0, NULL, NULL, NULL, '团购优惠券', '2026-05-29 03:26:45.615642', '2026-05-29 03:26:45.615642', 0);
INSERT INTO `vouchers` VALUES (101, 1, 10, 'SC-JPH2-AZQ3', '团购优惠券', 100.00, 100.00, NULL, '2026-05-29 03:26:33.000000', '2028-05-30 16:00:00.000000', 0, NULL, NULL, NULL, '团购优惠券', '2026-05-29 03:26:45.615642', '2026-05-29 03:26:45.615642', 0);
INSERT INTO `vouchers` VALUES (102, 1, 10, 'SC-6DY2-CCX8', '团购优惠券', 100.00, 100.00, NULL, '2026-05-29 03:26:33.000000', '2028-05-30 16:00:00.000000', 0, NULL, NULL, NULL, '团购优惠券', '2026-05-29 03:26:45.615642', '2026-05-29 03:26:45.615642', 0);
INSERT INTO `vouchers` VALUES (103, 1, 10, 'SC-VYU3-73XF', '团购优惠券', 100.00, 100.00, NULL, '2026-05-29 03:26:33.000000', '2028-05-30 16:00:00.000000', 0, NULL, NULL, NULL, '团购优惠券', '2026-05-29 03:26:45.615642', '2026-05-29 03:26:45.615642', 0);
INSERT INTO `vouchers` VALUES (104, 1, 10, 'SC-BQ98-P354', '团购优惠券', 100.00, 100.00, NULL, '2026-05-29 03:26:33.000000', '2028-05-30 16:00:00.000000', 0, NULL, NULL, NULL, '团购优惠券', '2026-05-29 03:26:45.615642', '2026-05-29 03:26:45.615642', 0);
INSERT INTO `vouchers` VALUES (105, 1, 10, 'SC-25QC-HQC9', '团购优惠券', 100.00, 100.00, NULL, '2026-05-29 03:26:33.000000', '2028-05-30 16:00:00.000000', 0, NULL, NULL, NULL, '团购优惠券', '2026-05-29 03:26:45.615642', '2026-05-29 03:26:45.615642', 0);
INSERT INTO `vouchers` VALUES (106, 1, 10, 'SC-2J38-7CR5', '团购优惠券', 100.00, 100.00, NULL, '2026-05-29 03:26:33.000000', '2028-05-30 16:00:00.000000', 0, NULL, NULL, NULL, '团购优惠券', '2026-05-29 03:26:45.615642', '2026-05-29 03:26:45.615642', 0);
INSERT INTO `vouchers` VALUES (107, 1, 10, 'SC-BGPZ-WC3D', '团购优惠券', 100.00, 100.00, NULL, '2026-05-29 03:26:33.000000', '2028-05-30 16:00:00.000000', 0, NULL, NULL, NULL, '团购优惠券', '2026-05-29 03:26:45.615642', '2026-05-29 03:26:45.615642', 0);
INSERT INTO `vouchers` VALUES (108, 1, 10, 'SC-9GY7-BKE5', '团购优惠券', 100.00, 100.00, NULL, '2026-05-29 03:26:33.000000', '2028-05-30 16:00:00.000000', 0, NULL, NULL, NULL, '团购优惠券', '2026-05-29 03:26:45.615642', '2026-05-29 03:26:45.615642', 0);
INSERT INTO `vouchers` VALUES (109, 1, 10, 'SC-TF8K-MERB', '团购优惠券', 100.00, 100.00, NULL, '2026-05-29 03:26:33.000000', '2028-05-30 16:00:00.000000', 0, NULL, NULL, NULL, '团购优惠券', '2026-05-29 03:26:45.615642', '2026-05-29 03:26:45.615642', 0);
INSERT INTO `vouchers` VALUES (110, 1, 10, 'SC-7MWR-RF7Q', '团购优惠券', 100.00, 100.00, NULL, '2026-05-29 03:26:33.000000', '2028-05-30 16:00:00.000000', 0, NULL, NULL, NULL, '团购优惠券', '2026-05-29 03:26:45.615642', '2026-05-29 03:26:45.615642', 0);
INSERT INTO `vouchers` VALUES (111, 1, 10, 'SC-QP2G-CFJU', '团购优惠券', 100.00, 100.00, NULL, '2026-05-29 03:26:33.000000', '2028-05-30 16:00:00.000000', 0, NULL, NULL, NULL, '团购优惠券', '2026-05-29 03:26:45.615642', '2026-05-29 03:26:45.615642', 0);
INSERT INTO `vouchers` VALUES (112, 1, 10, 'SC-48CU-F39K', '团购优惠券', 100.00, 100.00, NULL, '2026-05-29 03:26:33.000000', '2028-05-30 16:00:00.000000', 0, NULL, NULL, NULL, '团购优惠券', '2026-05-29 03:26:45.615642', '2026-05-29 03:26:45.615642', 0);
INSERT INTO `vouchers` VALUES (113, 1, 10, 'SC-2DNB-GXNT', '团购优惠券', 100.00, 100.00, NULL, '2026-05-29 03:26:33.000000', '2028-05-30 16:00:00.000000', 0, NULL, NULL, NULL, '团购优惠券', '2026-05-29 03:26:45.615642', '2026-05-29 03:26:45.615642', 0);
INSERT INTO `vouchers` VALUES (114, 1, 10, 'SC-AF4V-T77K', '团购优惠券', 100.00, 100.00, NULL, '2026-05-29 03:26:33.000000', '2028-05-30 16:00:00.000000', 0, NULL, NULL, NULL, '团购优惠券', '2026-05-29 03:26:45.615642', '2026-05-29 03:26:45.615642', 0);
INSERT INTO `vouchers` VALUES (115, 1, 10, 'SC-7UCA-EMKA', '团购优惠券', 100.00, 100.00, NULL, '2026-05-29 03:26:33.000000', '2028-05-30 16:00:00.000000', 0, NULL, NULL, NULL, '团购优惠券', '2026-05-29 03:26:45.615642', '2026-05-29 03:26:45.615642', 0);
INSERT INTO `vouchers` VALUES (116, 1, 10, 'SC-FWUM-WHEN', '团购优惠券', 100.00, 100.00, NULL, '2026-05-29 03:26:33.000000', '2028-05-30 16:00:00.000000', 0, NULL, NULL, NULL, '团购优惠券', '2026-05-29 03:26:45.615642', '2026-05-29 03:26:45.615642', 0);
INSERT INTO `vouchers` VALUES (117, 1, 10, 'SC-9HET-ZDMJ', '团购优惠券', 100.00, 100.00, NULL, '2026-05-29 03:26:33.000000', '2028-05-30 16:00:00.000000', 0, NULL, NULL, NULL, '团购优惠券', '2026-05-29 03:26:45.615642', '2026-05-29 03:26:45.615642', 0);
INSERT INTO `vouchers` VALUES (118, 1, 10, 'SC-Z43K-2HRM', '团购优惠券', 100.00, 100.00, NULL, '2026-05-29 03:26:33.000000', '2028-05-30 16:00:00.000000', 0, NULL, NULL, NULL, '团购优惠券', '2026-05-29 03:26:45.615642', '2026-05-29 03:26:45.615642', 0);
INSERT INTO `vouchers` VALUES (119, 1, 10, 'SC-TG9S-Y44C', '团购优惠券', 100.00, 100.00, NULL, '2026-05-29 03:26:33.000000', '2028-05-30 16:00:00.000000', 0, NULL, NULL, NULL, '团购优惠券', '2026-05-29 03:26:45.615642', '2026-05-29 03:26:45.615642', 0);
INSERT INTO `vouchers` VALUES (155, 1, 10, 'SC-YWHU-ATF7', '团购优惠券', 100.00, 100.00, NULL, '2026-05-29 03:26:33.000000', '2028-05-30 16:00:00.000000', 0, NULL, NULL, NULL, '团购优惠券', '2026-05-29 03:26:45.615642', '2026-05-29 03:26:45.615642', 0);
INSERT INTO `vouchers` VALUES (201, 1, 10, 'SC-6F74-9UQR', '团购优惠券', 100.00, 100.00, NULL, '2026-05-29 03:26:33.000000', '2028-05-30 16:00:00.000000', 0, NULL, NULL, NULL, '团购优惠券', '2026-05-29 03:26:45.615642', '2026-05-29 03:26:45.615642', 0);
INSERT INTO `vouchers` VALUES (202, 1, 10, 'SC-S3WT-JQZU', '团购优惠券', 100.00, 100.00, NULL, '2026-05-29 03:26:33.000000', '2028-05-30 16:00:00.000000', 0, NULL, NULL, NULL, '团购优惠券', '2026-05-29 03:26:45.615642', '2026-05-29 03:26:45.615642', 0);
INSERT INTO `vouchers` VALUES (203, 1, 10, 'SC-4MJ2-HQS7', '团购优惠券', 100.00, 100.00, NULL, '2026-05-29 03:26:33.000000', '2028-05-30 16:00:00.000000', 0, NULL, NULL, NULL, '团购优惠券', '2026-05-29 03:26:45.615642', '2026-05-29 03:26:45.615642', 0);
INSERT INTO `vouchers` VALUES (204, 1, 10, 'SC-2NTE-D5FX', '团购优惠券', 100.00, 100.00, NULL, '2026-05-29 03:26:33.000000', '2028-05-30 16:00:00.000000', 0, NULL, NULL, NULL, '团购优惠券', '2026-05-29 03:26:45.615642', '2026-05-29 03:26:45.615642', 0);
INSERT INTO `vouchers` VALUES (205, 1, 10, 'SC-RD38-NU65', '团购优惠券', 100.00, 100.00, NULL, '2026-05-29 03:26:33.000000', '2028-05-30 16:00:00.000000', 0, NULL, NULL, NULL, '团购优惠券', '2026-05-29 03:26:45.615642', '2026-05-29 03:26:45.615642', 0);
INSERT INTO `vouchers` VALUES (206, 1, 10, 'SC-NQ35-BHE8', '团购优惠券', 100.00, 100.00, NULL, '2026-05-29 03:26:33.000000', '2028-05-30 16:00:00.000000', 0, NULL, NULL, NULL, '团购优惠券', '2026-05-29 03:26:45.615642', '2026-05-29 03:26:45.615642', 0);
INSERT INTO `vouchers` VALUES (207, 1, 10, 'SC-8KBB-6RYZ', '团购优惠券', 100.00, 100.00, NULL, '2026-05-29 03:26:33.000000', '2028-05-30 16:00:00.000000', 0, NULL, NULL, NULL, '团购优惠券', '2026-05-29 03:26:45.615642', '2026-05-29 03:26:45.615642', 0);
INSERT INTO `vouchers` VALUES (208, 1, 10, 'SC-PFN5-JGJU', '团购优惠券', 100.00, 100.00, NULL, '2026-05-29 03:26:33.000000', '2028-05-30 16:00:00.000000', 0, NULL, NULL, NULL, '团购优惠券', '2026-05-29 03:26:45.615642', '2026-05-29 03:26:45.615642', 0);
INSERT INTO `vouchers` VALUES (209, 1, 10, 'SC-2AYT-NRFB', '团购优惠券', 100.00, 100.00, NULL, '2026-05-29 03:26:33.000000', '2028-05-30 16:00:00.000000', 0, NULL, NULL, NULL, '团购优惠券', '2026-05-29 03:26:45.615642', '2026-05-29 03:26:45.615642', 0);
INSERT INTO `vouchers` VALUES (210, 1, 10, 'SC-KCJQ-MEDW', '团购优惠券', 100.00, 100.00, NULL, '2026-05-29 03:26:33.000000', '2028-05-30 16:00:00.000000', 0, NULL, NULL, NULL, '团购优惠券', '2026-05-29 03:26:45.615642', '2026-05-29 03:26:45.615642', 0);
INSERT INTO `vouchers` VALUES (211, 1, 10, 'SC-Q3G4-Z8KP', '团购优惠券', 100.00, 100.00, NULL, '2026-05-29 03:26:33.000000', '2028-05-30 16:00:00.000000', 0, NULL, NULL, NULL, '团购优惠券', '2026-05-29 03:26:45.615642', '2026-05-29 03:26:45.615642', 0);
INSERT INTO `vouchers` VALUES (212, 1, 10, 'SC-UX5P-3DSN', '团购优惠券', 100.00, 100.00, NULL, '2026-05-29 03:26:33.000000', '2028-05-30 16:00:00.000000', 0, NULL, NULL, NULL, '团购优惠券', '2026-05-29 03:26:45.615642', '2026-05-29 03:26:45.615642', 0);
INSERT INTO `vouchers` VALUES (213, 1, 10, 'SC-KU9U-N28Z', '团购优惠券', 100.00, 100.00, NULL, '2026-05-29 03:26:33.000000', '2028-05-30 16:00:00.000000', 0, NULL, NULL, NULL, '团购优惠券', '2026-05-29 03:26:45.615642', '2026-05-29 03:26:45.615642', 0);
INSERT INTO `vouchers` VALUES (214, 1, 10, 'SC-TFQS-VCCU', '团购优惠券', 100.00, 100.00, NULL, '2026-05-29 03:26:33.000000', '2028-05-30 16:00:00.000000', 0, NULL, NULL, NULL, '团购优惠券', '2026-05-29 03:26:45.615642', '2026-05-29 03:26:45.615642', 0);
INSERT INTO `vouchers` VALUES (215, 1, 10, 'SC-6Y8A-AZ5P', '团购优惠券', 100.00, 100.00, NULL, '2026-05-29 03:26:33.000000', '2028-05-30 16:00:00.000000', 0, NULL, NULL, NULL, '团购优惠券', '2026-05-29 03:26:45.615642', '2026-05-29 03:26:45.615642', 0);
INSERT INTO `vouchers` VALUES (216, 1, 10, 'SC-ACA3-FU3U', '团购优惠券', 100.00, 100.00, NULL, '2026-05-29 03:26:33.000000', '2028-05-30 16:00:00.000000', 0, NULL, NULL, NULL, '团购优惠券', '2026-05-29 03:26:45.615642', '2026-05-29 03:26:45.615642', 0);
INSERT INTO `vouchers` VALUES (217, 1, 10, 'SC-S8HC-GNFJ', '团购优惠券', 100.00, 100.00, NULL, '2026-05-29 03:26:33.000000', '2028-05-30 16:00:00.000000', 0, NULL, NULL, NULL, '团购优惠券', '2026-05-29 03:26:45.615642', '2026-05-29 03:26:45.615642', 0);
INSERT INTO `vouchers` VALUES (218, 1, 10, 'SC-95T2-3XG5', '团购优惠券', 100.00, 100.00, NULL, '2026-05-29 03:26:33.000000', '2028-05-30 16:00:00.000000', 0, NULL, NULL, NULL, '团购优惠券', '2026-05-29 03:26:45.615642', '2026-05-29 03:26:45.615642', 0);
INSERT INTO `vouchers` VALUES (219, 1, 10, 'SC-SSTY-VBFA', '团购优惠券', 100.00, 100.00, NULL, '2026-05-29 03:26:33.000000', '2028-05-30 16:00:00.000000', 0, NULL, NULL, NULL, '团购优惠券', '2026-05-29 03:26:45.615642', '2026-05-29 03:26:45.615642', 0);
INSERT INTO `vouchers` VALUES (220, 1, 10, 'SC-JAQB-R6WD', '团购优惠券', 100.00, 100.00, NULL, '2026-05-29 03:26:33.000000', '2028-05-30 16:00:00.000000', 0, NULL, NULL, NULL, '团购优惠券', '2026-05-29 03:26:45.615642', '2026-05-29 03:26:45.615642', 0);
INSERT INTO `vouchers` VALUES (221, 1, 10, 'SC-MY9G-NKZX', '团购优惠券', 100.00, 100.00, NULL, '2026-05-29 03:26:33.000000', '2028-05-30 16:00:00.000000', 0, NULL, NULL, NULL, '团购优惠券', '2026-05-29 03:26:45.615642', '2026-05-29 03:26:45.615642', 0);
INSERT INTO `vouchers` VALUES (222, 1, 10, 'SC-NANB-5JU5', '团购优惠券', 100.00, 100.00, NULL, '2026-05-29 03:26:33.000000', '2028-05-30 16:00:00.000000', 0, NULL, NULL, NULL, '团购优惠券', '2026-05-29 03:26:45.615642', '2026-05-29 03:26:45.615642', 0);
INSERT INTO `vouchers` VALUES (223, 1, 10, 'SC-SK9W-CZ3S', '团购优惠券', 100.00, 100.00, NULL, '2026-05-29 03:26:33.000000', '2028-05-30 16:00:00.000000', 0, NULL, NULL, NULL, '团购优惠券', '2026-05-29 03:26:45.615642', '2026-05-29 03:26:45.615642', 0);
INSERT INTO `vouchers` VALUES (224, 1, 10, 'SC-RFMX-QHTA', '团购优惠券', 100.00, 100.00, NULL, '2026-05-29 03:26:33.000000', '2028-05-30 16:00:00.000000', 0, NULL, NULL, NULL, '团购优惠券', '2026-05-29 03:26:45.615642', '2026-05-29 03:26:45.615642', 0);
INSERT INTO `vouchers` VALUES (225, 1, 10, 'SC-EKAA-AYZN', '团购优惠券', 100.00, 100.00, NULL, '2026-05-29 03:26:33.000000', '2028-05-30 16:00:00.000000', 0, NULL, NULL, NULL, '团购优惠券', '2026-05-29 03:26:45.615642', '2026-05-29 03:26:45.615642', 0);
INSERT INTO `vouchers` VALUES (226, 1, 10, 'SC-54XE-X7YC', '团购优惠券', 100.00, 100.00, NULL, '2026-05-29 03:26:33.000000', '2028-05-30 16:00:00.000000', 0, NULL, NULL, NULL, '团购优惠券', '2026-05-29 03:26:45.615642', '2026-05-29 03:26:45.615642', 0);
INSERT INTO `vouchers` VALUES (227, 1, 10, 'SC-MKU6-A5DS', '团购优惠券', 100.00, 100.00, NULL, '2026-05-29 03:26:33.000000', '2028-05-30 16:00:00.000000', 0, NULL, NULL, NULL, '团购优惠券', '2026-05-29 03:26:45.615642', '2026-05-29 03:26:45.615642', 0);
INSERT INTO `vouchers` VALUES (228, 1, 10, 'SC-R6GM-QAHS', '团购优惠券', 100.00, 100.00, NULL, '2026-05-29 03:26:33.000000', '2028-05-30 16:00:00.000000', 0, NULL, NULL, NULL, '团购优惠券', '2026-05-29 03:26:45.615642', '2026-05-29 03:26:45.615642', 0);
INSERT INTO `vouchers` VALUES (229, 1, 10, 'SC-RJAZ-WWDS', '团购优惠券', 100.00, 100.00, NULL, '2026-05-29 03:26:33.000000', '2028-05-30 16:00:00.000000', 0, NULL, NULL, NULL, '团购优惠券', '2026-05-29 03:26:45.615642', '2026-05-29 03:26:45.615642', 0);
INSERT INTO `vouchers` VALUES (230, 1, 10, 'SC-XGY8-JZRD', '团购优惠券', 100.00, 100.00, NULL, '2026-05-29 03:26:33.000000', '2028-05-30 16:00:00.000000', 0, NULL, NULL, NULL, '团购优惠券', '2026-05-29 03:26:45.615642', '2026-05-29 03:26:45.615642', 0);
INSERT INTO `vouchers` VALUES (231, 1, 10, 'SC-B4BY-NSGF', '团购优惠券', 100.00, 100.00, NULL, '2026-05-29 03:26:33.000000', '2028-05-30 16:00:00.000000', 0, NULL, NULL, NULL, '团购优惠券', '2026-05-29 03:26:45.615642', '2026-05-29 03:26:45.615642', 0);
INSERT INTO `vouchers` VALUES (232, 1, 10, 'SC-GMPJ-HWKK', '团购优惠券', 100.00, 100.00, NULL, '2026-05-29 03:26:33.000000', '2028-05-30 16:00:00.000000', 0, NULL, NULL, NULL, '团购优惠券', '2026-05-29 03:26:45.615642', '2026-05-29 03:26:45.615642', 0);
INSERT INTO `vouchers` VALUES (233, 1, 10, 'SC-SSUY-VCU9', '团购优惠券', 100.00, 100.00, NULL, '2026-05-29 03:26:33.000000', '2028-05-30 16:00:00.000000', 0, NULL, NULL, NULL, '团购优惠券', '2026-05-29 03:26:45.615642', '2026-05-29 03:26:45.615642', 0);
INSERT INTO `vouchers` VALUES (234, 1, 10, 'SC-QYV3-DEB2', '团购优惠券', 100.00, 100.00, NULL, '2026-05-29 03:26:33.000000', '2028-05-30 16:00:00.000000', 0, NULL, NULL, NULL, '团购优惠券', '2026-05-29 03:26:45.615642', '2026-05-29 03:26:45.615642', 0);
INSERT INTO `vouchers` VALUES (235, 1, 10, 'SC-PD35-CB7A', '团购优惠券', 100.00, 100.00, NULL, '2026-05-29 03:26:33.000000', '2028-05-30 16:00:00.000000', 0, NULL, NULL, NULL, '团购优惠券', '2026-05-29 03:26:45.615642', '2026-05-29 03:26:45.615642', 0);
INSERT INTO `vouchers` VALUES (236, 1, 10, 'SC-KZQ4-MFU6', '团购优惠券', 100.00, 100.00, NULL, '2026-05-29 03:26:33.000000', '2028-05-30 16:00:00.000000', 0, NULL, NULL, NULL, '团购优惠券', '2026-05-29 03:26:45.615642', '2026-05-29 03:26:45.615642', 0);
INSERT INTO `vouchers` VALUES (237, 1, 10, 'SC-TXJV-3PT3', '团购优惠券', 100.00, 100.00, NULL, '2026-05-29 03:26:33.000000', '2028-05-30 16:00:00.000000', 0, NULL, NULL, NULL, '团购优惠券', '2026-05-29 03:26:45.615642', '2026-05-29 03:26:45.615642', 0);
INSERT INTO `vouchers` VALUES (238, 1, 10, 'SC-5BU9-X8GR', '团购优惠券', 100.00, 100.00, NULL, '2026-05-29 03:26:33.000000', '2028-05-30 16:00:00.000000', 0, NULL, NULL, NULL, '团购优惠券', '2026-05-29 03:26:45.615642', '2026-05-29 03:26:45.615642', 0);
INSERT INTO `vouchers` VALUES (239, 1, 10, 'SC-6HCF-83D2', '团购优惠券', 100.00, 100.00, NULL, '2026-05-29 03:26:33.000000', '2028-05-30 16:00:00.000000', 0, NULL, NULL, NULL, '团购优惠券', '2026-05-29 03:26:45.615642', '2026-05-29 03:26:45.615642', 0);
INSERT INTO `vouchers` VALUES (240, 1, 10, 'SC-ZVJB-T2VS', '团购优惠券', 100.00, 100.00, NULL, '2026-05-29 03:26:33.000000', '2028-05-30 16:00:00.000000', 0, NULL, NULL, NULL, '团购优惠券', '2026-05-29 03:26:45.615642', '2026-05-29 03:26:45.615642', 0);
INSERT INTO `vouchers` VALUES (241, 1, 10, 'SC-MEY8-87FF', '团购优惠券', 100.00, 100.00, NULL, '2026-05-29 03:26:33.000000', '2028-05-30 16:00:00.000000', 0, NULL, NULL, NULL, '团购优惠券', '2026-05-29 03:26:45.615642', '2026-05-29 03:26:45.615642', 0);
INSERT INTO `vouchers` VALUES (301, 1, 10, 'SC-CEAH-KKQM', '团购优惠券', 100.00, 100.00, NULL, '2026-05-29 03:26:33.000000', '2028-05-30 16:00:00.000000', 0, NULL, NULL, NULL, '团购优惠券', '2026-05-29 03:26:45.615642', '2026-05-29 03:26:45.615642', 0);
INSERT INTO `vouchers` VALUES (302, 1, 10, 'SC-CFSH-JECQ', '团购优惠券', 100.00, 100.00, NULL, '2026-05-29 03:26:33.000000', '2028-05-30 16:00:00.000000', 0, NULL, NULL, NULL, '团购优惠券', '2026-05-29 03:26:45.615642', '2026-05-29 03:26:45.615642', 0);
INSERT INTO `vouchers` VALUES (303, 1, 10, 'SC-B3X4-7SDB', '团购优惠券', 100.00, 100.00, NULL, '2026-05-29 03:26:33.000000', '2028-05-30 16:00:00.000000', 0, NULL, NULL, NULL, '团购优惠券', '2026-05-29 03:26:45.615642', '2026-05-29 03:26:45.615642', 0);
INSERT INTO `vouchers` VALUES (304, 1, 10, 'SC-B3EM-9UQ9', '团购优惠券', 100.00, 100.00, NULL, '2026-05-29 03:26:33.000000', '2028-05-30 16:00:00.000000', 0, NULL, NULL, NULL, '团购优惠券', '2026-05-29 03:26:45.615642', '2026-05-29 03:26:45.615642', 0);
INSERT INTO `vouchers` VALUES (305, 1, 10, 'SC-7FJQ-BVFE', '团购优惠券', 100.00, 100.00, NULL, '2026-05-29 03:26:33.000000', '2028-05-30 16:00:00.000000', 0, NULL, NULL, NULL, '团购优惠券', '2026-05-29 03:26:45.615642', '2026-05-29 03:26:45.615642', 0);
INSERT INTO `vouchers` VALUES (306, 1, 10, 'SC-PBM5-NDBR', '团购优惠券', 100.00, 100.00, NULL, '2026-05-29 03:26:33.000000', '2028-05-30 16:00:00.000000', 0, NULL, NULL, NULL, '团购优惠券', '2026-05-29 03:26:45.615642', '2026-05-29 03:26:45.615642', 0);
INSERT INTO `vouchers` VALUES (307, 1, 10, 'SC-CCHQ-PEH4', '团购优惠券', 100.00, 100.00, NULL, '2026-05-29 03:26:33.000000', '2028-05-30 16:00:00.000000', 0, NULL, NULL, NULL, '团购优惠券', '2026-05-29 03:26:45.615642', '2026-05-29 03:26:45.615642', 0);
INSERT INTO `vouchers` VALUES (308, 1, 10, 'SC-KEPM-Z2VH', '团购优惠券', 100.00, 100.00, NULL, '2026-05-29 03:26:33.000000', '2028-05-30 16:00:00.000000', 0, NULL, NULL, NULL, '团购优惠券', '2026-05-29 03:26:45.615642', '2026-05-29 03:26:45.615642', 0);
INSERT INTO `vouchers` VALUES (309, 1, 10, 'SC-GVYS-RHNY', '团购优惠券', 100.00, 100.00, NULL, '2026-05-29 03:26:33.000000', '2028-05-30 16:00:00.000000', 0, NULL, NULL, NULL, '团购优惠券', '2026-05-29 03:26:45.615642', '2026-05-29 03:26:45.615642', 0);
INSERT INTO `vouchers` VALUES (310, 1, 10, 'SC-Y7DH-9T7A', '团购优惠券', 100.00, 100.00, NULL, '2026-05-29 03:26:33.000000', '2028-05-30 16:00:00.000000', 0, NULL, NULL, NULL, '团购优惠券', '2026-05-29 03:26:45.615642', '2026-05-29 03:26:45.615642', 0);
INSERT INTO `vouchers` VALUES (311, 1, 10, 'SC-EPKA-ENJB', '团购优惠券', 100.00, 100.00, NULL, '2026-05-29 03:26:33.000000', '2028-05-30 16:00:00.000000', 0, NULL, NULL, NULL, '团购优惠券', '2026-05-29 03:26:45.615642', '2026-05-29 03:26:45.615642', 0);
INSERT INTO `vouchers` VALUES (312, 1, 10, 'SC-P7KA-X663', '团购优惠券', 100.00, 100.00, NULL, '2026-05-29 03:26:33.000000', '2028-05-30 16:00:00.000000', 0, NULL, NULL, NULL, '团购优惠券', '2026-05-29 03:26:45.615642', '2026-05-29 03:26:45.615642', 0);
INSERT INTO `vouchers` VALUES (313, 1, 10, 'SC-NJEP-5AYH', '团购优惠券', 100.00, 100.00, NULL, '2026-05-29 03:26:33.000000', '2028-05-30 16:00:00.000000', 0, NULL, NULL, NULL, '团购优惠券', '2026-05-29 03:26:45.615642', '2026-05-29 03:26:45.615642', 0);
INSERT INTO `vouchers` VALUES (314, 1, 10, 'SC-UPPU-VUKU', '团购优惠券', 100.00, 100.00, NULL, '2026-05-29 03:26:33.000000', '2028-05-30 16:00:00.000000', 0, NULL, NULL, NULL, '团购优惠券', '2026-05-29 03:26:45.615642', '2026-05-29 03:26:45.615642', 0);
INSERT INTO `vouchers` VALUES (315, 1, 10, 'SC-G85X-SMHX', '团购优惠券', 100.00, 100.00, NULL, '2026-05-29 03:26:33.000000', '2028-05-30 16:00:00.000000', 0, NULL, NULL, NULL, '团购优惠券', '2026-05-29 03:26:45.615642', '2026-05-29 03:26:45.615642', 0);
INSERT INTO `vouchers` VALUES (316, 1, 10, 'SC-Z5NW-2RT2', '团购优惠券', 100.00, 100.00, NULL, '2026-05-29 03:26:33.000000', '2028-05-30 16:00:00.000000', 0, NULL, NULL, NULL, '团购优惠券', '2026-05-29 03:26:45.615642', '2026-05-29 03:26:45.615642', 0);
INSERT INTO `vouchers` VALUES (317, 1, 10, 'SC-S3W2-WENJ', '团购优惠券', 100.00, 100.00, NULL, '2026-05-29 03:26:33.000000', '2028-05-30 16:00:00.000000', 0, NULL, NULL, NULL, '团购优惠券', '2026-05-29 03:26:45.615642', '2026-05-29 03:26:45.615642', 0);
INSERT INTO `vouchers` VALUES (318, 1, 10, 'SC-8X74-7GSD', '团购优惠券', 100.00, 100.00, NULL, '2026-05-29 03:26:33.000000', '2028-05-30 16:00:00.000000', 0, NULL, NULL, NULL, '团购优惠券', '2026-05-29 03:26:45.615642', '2026-05-29 03:26:45.615642', 0);
INSERT INTO `vouchers` VALUES (319, 1, 10, 'SC-J49R-ZMAV', '团购优惠券', 100.00, 100.00, NULL, '2026-05-29 03:26:33.000000', '2028-05-30 16:00:00.000000', 0, NULL, NULL, NULL, '团购优惠券', '2026-05-29 03:26:45.615642', '2026-05-29 03:26:45.615642', 0);
INSERT INTO `vouchers` VALUES (320, 1, 10, 'SC-F52B-CG5C', '团购优惠券', 100.00, 100.00, NULL, '2026-05-29 03:26:33.000000', '2028-05-30 16:00:00.000000', 0, NULL, NULL, NULL, '团购优惠券', '2026-05-29 03:26:45.615642', '2026-05-29 03:26:45.615642', 0);
INSERT INTO `vouchers` VALUES (321, 1, 10, 'SC-9Y6Z-YGKA', '团购优惠券', 100.00, 100.00, NULL, '2026-05-29 03:26:33.000000', '2028-05-30 16:00:00.000000', 0, NULL, NULL, NULL, '团购优惠券', '2026-05-29 03:26:45.615642', '2026-05-29 03:26:45.615642', 0);
INSERT INTO `vouchers` VALUES (322, 1, 10, 'SC-EMUS-MY5B', '团购优惠券', 100.00, 100.00, NULL, '2026-05-29 03:26:33.000000', '2028-05-30 16:00:00.000000', 0, NULL, NULL, NULL, '团购优惠券', '2026-05-29 03:26:45.615642', '2026-05-29 03:26:45.615642', 0);
INSERT INTO `vouchers` VALUES (323, 1, 10, 'SC-U9SY-7686', '团购优惠券', 100.00, 100.00, NULL, '2026-05-29 03:26:33.000000', '2028-05-30 16:00:00.000000', 0, NULL, NULL, NULL, '团购优惠券', '2026-05-29 03:26:45.615642', '2026-05-29 03:26:45.615642', 0);
INSERT INTO `vouchers` VALUES (324, 1, 10, 'SC-B63Q-T9RF', '团购优惠券', 100.00, 100.00, NULL, '2026-05-29 03:26:33.000000', '2028-05-30 16:00:00.000000', 0, NULL, NULL, NULL, '团购优惠券', '2026-05-29 03:26:45.615642', '2026-05-29 03:26:45.615642', 0);
INSERT INTO `vouchers` VALUES (325, 1, 10, 'SC-UGMF-4XYX', '团购优惠券', 100.00, 100.00, NULL, '2026-05-29 03:26:33.000000', '2028-05-30 16:00:00.000000', 0, NULL, NULL, NULL, '团购优惠券', '2026-05-29 03:26:45.615642', '2026-05-29 03:26:45.615642', 0);
INSERT INTO `vouchers` VALUES (326, 1, 10, 'SC-ZWV7-BYF3', '团购优惠券', 100.00, 100.00, NULL, '2026-05-29 03:26:33.000000', '2028-05-30 16:00:00.000000', 0, NULL, NULL, NULL, '团购优惠券', '2026-05-29 03:26:45.615642', '2026-05-29 03:26:45.615642', 0);
INSERT INTO `vouchers` VALUES (327, 1, 10, 'SC-KTYU-W4XE', '团购优惠券', 100.00, 100.00, NULL, '2026-05-29 03:26:33.000000', '2028-05-30 16:00:00.000000', 0, NULL, NULL, NULL, '团购优惠券', '2026-05-29 03:26:45.615642', '2026-05-29 03:26:45.615642', 0);
INSERT INTO `vouchers` VALUES (328, 1, 10, 'SC-QB85-MJFM', '团购优惠券', 100.00, 100.00, NULL, '2026-05-29 03:26:33.000000', '2028-05-30 16:00:00.000000', 0, NULL, NULL, NULL, '团购优惠券', '2026-05-29 03:26:45.615642', '2026-05-29 03:26:45.615642', 0);
INSERT INTO `vouchers` VALUES (329, 1, 10, 'SC-Y8ZF-BQ75', '团购优惠券', 100.00, 100.00, NULL, '2026-05-29 03:26:33.000000', '2028-05-30 16:00:00.000000', 0, NULL, NULL, NULL, '团购优惠券', '2026-05-29 03:26:45.615642', '2026-05-29 03:26:45.615642', 0);
INSERT INTO `vouchers` VALUES (330, 1, 10, 'SC-MD9G-2MVZ', '团购优惠券', 100.00, 100.00, NULL, '2026-05-29 03:26:33.000000', '2028-05-30 16:00:00.000000', 0, NULL, NULL, NULL, '团购优惠券', '2026-05-29 03:26:45.615642', '2026-05-29 03:26:45.615642', 0);
INSERT INTO `vouchers` VALUES (331, 1, 10, 'SC-JXNA-9FEU', '团购优惠券', 100.00, 100.00, NULL, '2026-05-29 03:26:33.000000', '2028-05-30 16:00:00.000000', 0, NULL, NULL, NULL, '团购优惠券', '2026-05-29 03:26:45.615642', '2026-05-29 03:26:45.615642', 0);
INSERT INTO `vouchers` VALUES (332, 1, 10, 'SC-HETS-QH3W', '团购优惠券', 100.00, 100.00, NULL, '2026-05-29 03:26:33.000000', '2028-05-30 16:00:00.000000', 0, NULL, NULL, NULL, '团购优惠券', '2026-05-29 03:26:45.615642', '2026-05-29 03:26:45.615642', 0);
INSERT INTO `vouchers` VALUES (333, 1, 10, 'SC-P2DK-YAV3', '团购优惠券', 100.00, 100.00, NULL, '2026-05-29 03:26:33.000000', '2028-05-30 16:00:00.000000', 0, NULL, NULL, NULL, '团购优惠券', '2026-05-29 03:26:45.615642', '2026-05-29 03:26:45.615642', 0);
INSERT INTO `vouchers` VALUES (334, 1, 10, 'SC-ZYVB-3D85', '团购优惠券', 100.00, 100.00, NULL, '2026-05-29 03:26:33.000000', '2028-05-30 16:00:00.000000', 0, NULL, NULL, NULL, '团购优惠券', '2026-05-29 03:26:45.615642', '2026-05-29 03:26:45.615642', 0);
INSERT INTO `vouchers` VALUES (335, 1, 10, 'SC-2294-JFCJ', '团购优惠券', 100.00, 100.00, NULL, '2026-05-29 03:26:33.000000', '2028-05-30 16:00:00.000000', 0, NULL, NULL, NULL, '团购优惠券', '2026-05-29 03:26:45.615642', '2026-05-29 03:26:45.615642', 0);
INSERT INTO `vouchers` VALUES (336, 1, 10, 'SC-ZGWR-TZWG', '团购优惠券', 100.00, 100.00, NULL, '2026-05-29 03:26:33.000000', '2028-05-30 16:00:00.000000', 0, NULL, NULL, NULL, '团购优惠券', '2026-05-29 03:26:45.615642', '2026-05-29 03:26:45.615642', 0);
INSERT INTO `vouchers` VALUES (337, 1, 10, 'SC-TM4K-Y4MD', '团购优惠券', 100.00, 100.00, NULL, '2026-05-29 03:26:33.000000', '2028-05-30 16:00:00.000000', 0, NULL, NULL, NULL, '团购优惠券', '2026-05-29 03:26:45.615642', '2026-05-29 03:26:45.615642', 0);
INSERT INTO `vouchers` VALUES (338, 1, 10, 'SC-YGMC-W4E4', '团购优惠券', 100.00, 100.00, NULL, '2026-05-29 03:26:33.000000', '2028-05-30 16:00:00.000000', 0, NULL, NULL, NULL, '团购优惠券', '2026-05-29 03:26:45.615642', '2026-05-29 03:26:45.615642', 0);
INSERT INTO `vouchers` VALUES (339, 1, 10, 'SC-BQUP-BQ2Q', '团购优惠券', 100.00, 100.00, NULL, '2026-05-29 03:26:33.000000', '2028-05-30 16:00:00.000000', 0, NULL, NULL, NULL, '团购优惠券', '2026-05-29 03:26:45.615642', '2026-05-29 03:26:45.615642', 0);
INSERT INTO `vouchers` VALUES (340, 1, 10, 'SC-ZNYV-ABUY', '团购优惠券', 100.00, 100.00, NULL, '2026-05-29 03:26:33.000000', '2028-05-30 16:00:00.000000', 0, NULL, NULL, NULL, '团购优惠券', '2026-05-29 03:26:45.615642', '2026-05-29 03:26:45.615642', 0);
INSERT INTO `vouchers` VALUES (341, 1, 10, 'SC-9DHT-H2CR', '团购优惠券', 100.00, 100.00, NULL, '2026-05-29 03:26:33.000000', '2028-05-30 16:00:00.000000', 0, NULL, NULL, NULL, '团购优惠券', '2026-05-29 03:26:45.615642', '2026-05-29 03:26:45.615642', 0);
INSERT INTO `vouchers` VALUES (342, 1, 10, 'SC-BMEF-CP5W', '团购优惠券', 100.00, 100.00, NULL, '2026-05-29 03:26:33.000000', '2028-05-30 16:00:00.000000', 0, NULL, NULL, NULL, '团购优惠券', '2026-05-29 03:26:45.615642', '2026-05-29 03:26:45.615642', 0);
INSERT INTO `vouchers` VALUES (343, 1, 10, 'SC-9HAN-5ZTY', '团购优惠券', 100.00, 100.00, NULL, '2026-05-29 03:26:33.000000', '2028-05-30 16:00:00.000000', 0, NULL, NULL, NULL, '团购优惠券', '2026-05-29 03:26:45.615642', '2026-05-29 03:26:45.615642', 0);
INSERT INTO `vouchers` VALUES (344, 1, 10, 'SC-EGKV-XNWW', '团购优惠券', 100.00, 100.00, NULL, '2026-05-29 03:26:33.000000', '2028-05-30 16:00:00.000000', 0, NULL, NULL, NULL, '团购优惠券', '2026-05-29 03:26:45.615642', '2026-05-29 03:26:45.615642', 0);
INSERT INTO `vouchers` VALUES (345, 1, 10, 'SC-35NF-B4NT', '团购优惠券', 100.00, 100.00, NULL, '2026-05-29 03:26:33.000000', '2028-05-30 16:00:00.000000', 0, NULL, NULL, NULL, '团购优惠券', '2026-05-29 03:26:45.615642', '2026-05-29 03:26:45.615642', 0);
INSERT INTO `vouchers` VALUES (346, 1, 10, 'SC-4HEE-GHQS', '团购优惠券', 100.00, 100.00, NULL, '2026-05-29 03:26:33.000000', '2028-05-30 16:00:00.000000', 0, NULL, NULL, NULL, '团购优惠券', '2026-05-29 03:26:45.615642', '2026-05-29 03:26:45.615642', 0);
INSERT INTO `vouchers` VALUES (347, 1, 10, 'SC-TTRS-X3FF', '团购优惠券', 100.00, 100.00, NULL, '2026-05-29 03:26:33.000000', '2028-05-30 16:00:00.000000', 0, NULL, NULL, NULL, '团购优惠券', '2026-05-29 03:26:45.615642', '2026-05-29 03:26:45.615642', 0);
INSERT INTO `vouchers` VALUES (348, 1, 10, 'SC-ZN5E-RZ5P', '团购优惠券', 100.00, 100.00, NULL, '2026-05-29 03:26:33.000000', '2028-05-30 16:00:00.000000', 0, NULL, NULL, NULL, '团购优惠券', '2026-05-29 03:26:45.615642', '2026-05-29 03:26:45.615642', 0);
INSERT INTO `vouchers` VALUES (349, 1, 10, 'SC-M9KT-QV3N', '团购优惠券', 100.00, 100.00, NULL, '2026-05-29 03:26:33.000000', '2028-05-30 16:00:00.000000', 0, NULL, NULL, NULL, '团购优惠券', '2026-05-29 03:26:45.615642', '2026-05-29 03:26:45.615642', 0);
INSERT INTO `vouchers` VALUES (350, 1, 10, 'SC-A9WT-ENXY', '团购优惠券', 100.00, 100.00, NULL, '2026-05-29 03:26:33.000000', '2028-05-30 16:00:00.000000', 0, NULL, NULL, NULL, '团购优惠券', '2026-05-29 03:26:45.615642', '2026-05-29 03:26:45.615642', 0);
INSERT INTO `vouchers` VALUES (351, 1, 10, 'SC-PGJR-PJAA', '团购优惠券', 100.00, 100.00, NULL, '2026-05-29 03:26:33.000000', '2028-05-30 16:00:00.000000', 0, NULL, NULL, NULL, '团购优惠券', '2026-05-29 03:26:45.615642', '2026-05-29 03:26:45.615642', 0);
INSERT INTO `vouchers` VALUES (352, 1, 10, 'SC-78N2-QYBF', '团购优惠券', 100.00, 100.00, NULL, '2026-05-29 03:26:33.000000', '2028-05-30 16:00:00.000000', 0, NULL, NULL, NULL, '团购优惠券', '2026-05-29 03:26:45.615642', '2026-05-29 03:26:45.615642', 0);
INSERT INTO `vouchers` VALUES (353, 1, 10, 'SC-39SA-JXHN', '团购优惠券', 100.00, 100.00, NULL, '2026-05-29 03:26:33.000000', '2028-05-30 16:00:00.000000', 0, NULL, NULL, NULL, '团购优惠券', '2026-05-29 03:26:45.615642', '2026-05-29 03:26:45.615642', 0);
INSERT INTO `vouchers` VALUES (354, 1, 10, 'SC-TWM6-ADCT', '团购优惠券', 100.00, 100.00, NULL, '2026-05-29 03:26:33.000000', '2028-05-30 16:00:00.000000', 0, NULL, NULL, NULL, '团购优惠券', '2026-05-29 03:26:45.615642', '2026-05-29 03:26:45.615642', 0);
INSERT INTO `vouchers` VALUES (355, 1, 10, 'SC-RRHD-4BMN', '团购优惠券', 100.00, 100.00, NULL, '2026-05-29 03:26:33.000000', '2028-05-30 16:00:00.000000', 0, NULL, NULL, NULL, '团购优惠券', '2026-05-29 03:26:45.615642', '2026-05-29 03:26:45.615642', 0);
INSERT INTO `vouchers` VALUES (356, 1, 10, 'SC-JS33-PRGG', '团购优惠券', 100.00, 100.00, NULL, '2026-05-29 03:26:33.000000', '2028-05-30 16:00:00.000000', 0, NULL, NULL, NULL, '团购优惠券', '2026-05-29 03:26:45.615642', '2026-05-29 03:26:45.615642', 0);
INSERT INTO `vouchers` VALUES (357, 1, 10, 'SC-JU5J-V7GA', '团购优惠券', 100.00, 100.00, NULL, '2026-05-29 03:26:33.000000', '2028-05-30 16:00:00.000000', 0, NULL, NULL, NULL, '团购优惠券', '2026-05-29 03:26:45.615642', '2026-05-29 03:26:45.615642', 0);
INSERT INTO `vouchers` VALUES (358, 1, 10, 'SC-XTHW-AAK5', '团购优惠券', 100.00, 100.00, NULL, '2026-05-29 03:26:33.000000', '2028-05-30 16:00:00.000000', 0, NULL, NULL, NULL, '团购优惠券', '2026-05-29 03:26:45.615642', '2026-05-29 03:26:45.615642', 0);
INSERT INTO `vouchers` VALUES (359, 1, 10, 'SC-QSMQ-8HG6', '团购优惠券', 100.00, 100.00, NULL, '2026-05-29 03:26:33.000000', '2028-05-30 16:00:00.000000', 0, NULL, NULL, NULL, '团购优惠券', '2026-05-29 03:26:45.615642', '2026-05-29 03:26:45.615642', 0);
INSERT INTO `vouchers` VALUES (360, 1, 10, 'SC-KRWY-MC3Y', '团购优惠券', 100.00, 100.00, NULL, '2026-05-29 03:26:33.000000', '2028-05-30 16:00:00.000000', 0, NULL, NULL, NULL, '团购优惠券', '2026-05-29 03:26:45.615642', '2026-05-29 03:26:45.615642', 0);
INSERT INTO `vouchers` VALUES (361, 1, 10, 'SC-S3KM-3Z7V', '团购优惠券', 100.00, 100.00, NULL, '2026-05-29 03:26:33.000000', '2028-05-30 16:00:00.000000', 0, NULL, NULL, NULL, '团购优惠券', '2026-05-29 03:26:45.615642', '2026-05-29 03:26:45.615642', 0);
INSERT INTO `vouchers` VALUES (362, 1, 10, 'SC-QUEG-54HS', '团购优惠券', 100.00, 100.00, NULL, '2026-05-29 03:26:33.000000', '2028-05-30 16:00:00.000000', 0, NULL, NULL, NULL, '团购优惠券', '2026-05-29 03:26:45.615642', '2026-05-29 03:26:45.615642', 0);
INSERT INTO `vouchers` VALUES (363, 1, 10, 'SC-9Z2E-NRMB', '团购优惠券', 100.00, 100.00, NULL, '2026-05-29 03:26:33.000000', '2028-05-30 16:00:00.000000', 0, NULL, NULL, NULL, '团购优惠券', '2026-05-29 03:26:45.615642', '2026-05-29 03:26:45.615642', 0);
INSERT INTO `vouchers` VALUES (364, 1, 10, 'SC-ZETP-RS6Q', '团购优惠券', 100.00, 100.00, NULL, '2026-05-29 03:26:33.000000', '2028-05-30 16:00:00.000000', 0, NULL, NULL, NULL, '团购优惠券', '2026-05-29 03:26:45.615642', '2026-05-29 03:26:45.615642', 0);
INSERT INTO `vouchers` VALUES (365, 1, 10, 'SC-BM6W-863Q', '团购优惠券', 100.00, 100.00, NULL, '2026-05-29 03:26:33.000000', '2028-05-30 16:00:00.000000', 0, NULL, NULL, NULL, '团购优惠券', '2026-05-29 03:26:45.615642', '2026-05-29 03:26:45.615642', 0);
INSERT INTO `vouchers` VALUES (366, 1, 10, 'SC-35RK-VBSZ', '团购优惠券', 100.00, 100.00, NULL, '2026-05-29 03:26:33.000000', '2028-05-30 16:00:00.000000', 0, NULL, NULL, NULL, '团购优惠券', '2026-05-29 03:26:45.615642', '2026-05-29 03:26:45.615642', 0);
INSERT INTO `vouchers` VALUES (367, 1, 10, 'SC-95ST-PQ48', '团购优惠券', 100.00, 100.00, NULL, '2026-05-29 03:26:33.000000', '2028-05-30 16:00:00.000000', 0, NULL, NULL, NULL, '团购优惠券', '2026-05-29 03:26:45.615642', '2026-05-29 03:26:45.615642', 0);
INSERT INTO `vouchers` VALUES (368, 1, 10, 'SC-CV39-9J8S', '团购优惠券', 100.00, 100.00, NULL, '2026-05-29 03:26:33.000000', '2028-05-30 16:00:00.000000', 0, NULL, NULL, NULL, '团购优惠券', '2026-05-29 03:26:45.615642', '2026-05-29 03:26:45.615642', 0);
INSERT INTO `vouchers` VALUES (369, 1, 10, 'SC-SA7U-GN85', '团购优惠券', 100.00, 100.00, NULL, '2026-05-29 03:26:33.000000', '2028-05-30 16:00:00.000000', 0, NULL, NULL, NULL, '团购优惠券', '2026-05-29 03:26:45.615642', '2026-05-29 03:26:45.615642', 0);
INSERT INTO `vouchers` VALUES (370, 1, 10, 'SC-HNG4-2ZMN', '团购优惠券', 100.00, 100.00, NULL, '2026-05-29 03:26:33.000000', '2028-05-30 16:00:00.000000', 0, NULL, NULL, NULL, '团购优惠券', '2026-05-29 03:26:45.615642', '2026-05-29 03:26:45.615642', 0);
INSERT INTO `vouchers` VALUES (371, 1, 10, 'SC-DZGT-T9FP', '团购优惠券', 100.00, 100.00, NULL, '2026-05-29 03:26:33.000000', '2028-05-30 16:00:00.000000', 0, NULL, NULL, NULL, '团购优惠券', '2026-05-29 03:26:45.615642', '2026-05-29 03:26:45.615642', 0);
INSERT INTO `vouchers` VALUES (372, 1, 10, 'SC-C6UP-QSRT', '团购优惠券', 100.00, 100.00, NULL, '2026-05-29 03:26:33.000000', '2028-05-30 16:00:00.000000', 0, NULL, NULL, NULL, '团购优惠券', '2026-05-29 03:26:45.615642', '2026-05-29 03:26:45.615642', 0);
INSERT INTO `vouchers` VALUES (373, 1, 10, 'SC-GX6B-5K6R', '团购优惠券', 100.00, 100.00, NULL, '2026-05-29 03:26:33.000000', '2028-05-30 16:00:00.000000', 0, NULL, NULL, NULL, '团购优惠券', '2026-05-29 03:26:45.615642', '2026-05-29 03:26:45.615642', 0);
INSERT INTO `vouchers` VALUES (374, 1, 10, 'SC-9XU3-YHG4', '团购优惠券', 100.00, 100.00, NULL, '2026-05-29 03:26:33.000000', '2028-05-30 16:00:00.000000', 0, NULL, NULL, NULL, '团购优惠券', '2026-05-29 03:26:45.615642', '2026-05-29 03:26:45.615642', 0);
INSERT INTO `vouchers` VALUES (375, 1, 10, 'SC-SGBG-SEMW', '团购优惠券', 100.00, 100.00, NULL, '2026-05-29 03:26:33.000000', '2028-05-30 16:00:00.000000', 0, NULL, NULL, NULL, '团购优惠券', '2026-05-29 03:26:45.615642', '2026-05-29 03:26:45.615642', 0);
INSERT INTO `vouchers` VALUES (376, 1, 10, 'SC-Q2CH-2THG', '团购优惠券', 100.00, 100.00, NULL, '2026-05-29 03:26:33.000000', '2028-05-30 16:00:00.000000', 0, NULL, NULL, NULL, '团购优惠券', '2026-05-29 03:26:45.615642', '2026-05-29 03:26:45.615642', 0);
INSERT INTO `vouchers` VALUES (377, 1, 10, 'SC-2DY3-T82T', '团购优惠券', 100.00, 100.00, NULL, '2026-05-29 03:26:33.000000', '2028-05-30 16:00:00.000000', 0, NULL, NULL, NULL, '团购优惠券', '2026-05-29 03:26:45.615642', '2026-05-29 03:26:45.615642', 0);
INSERT INTO `vouchers` VALUES (378, 1, 10, 'SC-M3VU-Q2QZ', '团购优惠券', 100.00, 100.00, NULL, '2026-05-29 03:26:33.000000', '2028-05-30 16:00:00.000000', 0, NULL, NULL, NULL, '团购优惠券', '2026-05-29 03:26:45.615642', '2026-05-29 03:26:45.615642', 0);
INSERT INTO `vouchers` VALUES (379, 1, 10, 'SC-9VXB-SY2E', '团购优惠券', 100.00, 100.00, NULL, '2026-05-29 03:26:33.000000', '2028-05-30 16:00:00.000000', 0, NULL, NULL, NULL, '团购优惠券', '2026-05-29 03:26:45.615642', '2026-05-29 03:26:45.615642', 0);
INSERT INTO `vouchers` VALUES (380, 1, 10, 'SC-4ZMB-CCQV', '团购优惠券', 100.00, 100.00, NULL, '2026-05-29 03:26:33.000000', '2028-05-30 16:00:00.000000', 0, NULL, NULL, NULL, '团购优惠券', '2026-05-29 03:26:45.615642', '2026-05-29 03:26:45.615642', 0);
INSERT INTO `vouchers` VALUES (381, 1, 10, 'SC-89TB-XEKP', '团购优惠券', 100.00, 100.00, NULL, '2026-05-29 03:26:33.000000', '2028-05-30 16:00:00.000000', 0, NULL, NULL, NULL, '团购优惠券', '2026-05-29 03:26:45.615642', '2026-05-29 03:26:45.615642', 0);
INSERT INTO `vouchers` VALUES (382, 1, 10, 'SC-8Z6H-HCSA', '团购优惠券', 100.00, 100.00, NULL, '2026-05-29 03:26:33.000000', '2028-05-30 16:00:00.000000', 0, NULL, NULL, NULL, '团购优惠券', '2026-05-29 03:26:45.615642', '2026-05-29 03:26:45.615642', 0);
INSERT INTO `vouchers` VALUES (383, 1, 10, 'SC-CC6D-GFMV', '团购优惠券', 100.00, 100.00, NULL, '2026-05-29 03:26:33.000000', '2028-05-30 16:00:00.000000', 0, NULL, NULL, NULL, '团购优惠券', '2026-05-29 03:26:45.615642', '2026-05-29 03:26:45.615642', 0);
INSERT INTO `vouchers` VALUES (384, 1, 10, 'SC-AFFW-S7UH', '团购优惠券', 100.00, 100.00, NULL, '2026-05-29 03:26:33.000000', '2028-05-30 16:00:00.000000', 0, NULL, NULL, NULL, '团购优惠券', '2026-05-29 03:26:45.615642', '2026-05-29 03:26:45.615642', 0);
INSERT INTO `vouchers` VALUES (385, 1, 10, 'SC-XW58-S9Y3', '团购优惠券', 100.00, 100.00, NULL, '2026-05-29 03:26:33.000000', '2028-05-30 16:00:00.000000', 0, NULL, NULL, NULL, '团购优惠券', '2026-05-29 03:26:45.615642', '2026-05-29 03:26:45.615642', 0);
INSERT INTO `vouchers` VALUES (386, 1, 10, 'SC-SHDR-7NGE', '团购优惠券', 100.00, 100.00, NULL, '2026-05-29 03:26:33.000000', '2028-05-30 16:00:00.000000', 0, NULL, NULL, NULL, '团购优惠券', '2026-05-29 03:26:45.615642', '2026-05-29 03:26:45.615642', 0);
INSERT INTO `vouchers` VALUES (387, 1, 10, 'SC-NHDR-TH48', '团购优惠券', 100.00, 100.00, NULL, '2026-05-29 03:26:33.000000', '2028-05-30 16:00:00.000000', 0, NULL, NULL, NULL, '团购优惠券', '2026-05-29 03:26:45.615642', '2026-05-29 03:26:45.615642', 0);
INSERT INTO `vouchers` VALUES (388, 1, 10, 'SC-JJAS-6W4U', '团购优惠券', 100.00, 100.00, NULL, '2026-05-29 03:26:33.000000', '2028-05-30 16:00:00.000000', 0, NULL, NULL, NULL, '团购优惠券', '2026-05-29 03:26:45.615642', '2026-05-29 03:26:45.615642', 0);
INSERT INTO `vouchers` VALUES (389, 1, 10, 'SC-S5F3-5MJQ', '团购优惠券', 100.00, 100.00, NULL, '2026-05-29 03:26:33.000000', '2028-05-30 16:00:00.000000', 0, NULL, NULL, NULL, '团购优惠券', '2026-05-29 03:26:45.615642', '2026-05-29 03:26:45.615642', 0);
INSERT INTO `vouchers` VALUES (390, 1, 10, 'SC-3STM-CME2', '团购优惠券', 100.00, 100.00, NULL, '2026-05-29 03:26:33.000000', '2028-05-30 16:00:00.000000', 0, NULL, NULL, NULL, '团购优惠券', '2026-05-29 03:26:45.615642', '2026-05-29 03:26:45.615642', 0);
INSERT INTO `vouchers` VALUES (391, 1, 10, 'SC-CP6E-QVP6', '团购优惠券', 100.00, 100.00, NULL, '2026-05-29 03:26:33.000000', '2028-05-30 16:00:00.000000', 0, NULL, NULL, NULL, '团购优惠券', '2026-05-29 03:26:45.615642', '2026-05-29 03:26:45.615642', 0);
INSERT INTO `vouchers` VALUES (392, 1, 10, 'SC-EVTJ-DQU8', '团购优惠券', 100.00, 100.00, NULL, '2026-05-29 03:26:33.000000', '2028-05-30 16:00:00.000000', 0, NULL, NULL, NULL, '团购优惠券', '2026-05-29 03:26:45.615642', '2026-05-29 03:26:45.615642', 0);
INSERT INTO `vouchers` VALUES (393, 1, 10, 'SC-VWMK-SXC8', '团购优惠券', 100.00, 100.00, NULL, '2026-05-29 03:26:33.000000', '2028-05-30 16:00:00.000000', 0, NULL, NULL, NULL, '团购优惠券', '2026-05-29 03:26:45.615642', '2026-05-29 03:26:45.615642', 0);
INSERT INTO `vouchers` VALUES (394, 1, 10, 'SC-AUEN-ZBSJ', '团购优惠券', 100.00, 100.00, NULL, '2026-05-29 03:26:33.000000', '2028-05-30 16:00:00.000000', 0, NULL, NULL, NULL, '团购优惠券', '2026-05-29 03:26:45.615642', '2026-05-29 03:26:45.615642', 0);
INSERT INTO `vouchers` VALUES (395, 1, 10, 'SC-78BP-6DCG', '团购优惠券', 100.00, 100.00, NULL, '2026-05-29 03:26:33.000000', '2028-05-30 16:00:00.000000', 0, NULL, NULL, NULL, '团购优惠券', '2026-05-29 03:26:45.615642', '2026-05-29 03:26:45.615642', 0);
INSERT INTO `vouchers` VALUES (396, 1, 10, 'SC-MSGS-YY2S', '团购优惠券', 100.00, 100.00, NULL, '2026-05-29 03:26:33.000000', '2028-05-30 16:00:00.000000', 0, NULL, NULL, NULL, '团购优惠券', '2026-05-29 03:26:45.615642', '2026-05-29 03:26:45.615642', 0);
INSERT INTO `vouchers` VALUES (397, 1, 10, 'SC-MYSN-D9WW', '团购优惠券', 100.00, 100.00, NULL, '2026-05-29 03:26:33.000000', '2028-05-30 16:00:00.000000', 0, NULL, NULL, NULL, '团购优惠券', '2026-05-29 03:26:45.615642', '2026-05-29 03:26:45.615642', 0);
INSERT INTO `vouchers` VALUES (398, 1, 10, 'SC-ZPNW-RRP2', '团购优惠券', 100.00, 100.00, NULL, '2026-05-29 03:26:33.000000', '2028-05-30 16:00:00.000000', 0, NULL, NULL, NULL, '团购优惠券', '2026-05-29 03:26:45.615642', '2026-05-29 03:26:45.615642', 0);
INSERT INTO `vouchers` VALUES (399, 1, 10, 'SC-2MED-H588', '团购优惠券', 100.00, 100.00, NULL, '2026-05-29 03:26:33.000000', '2028-05-30 16:00:00.000000', 0, NULL, NULL, NULL, '团购优惠券', '2026-05-29 03:26:45.615642', '2026-05-29 03:26:45.615642', 0);
INSERT INTO `vouchers` VALUES (400, 1, 10, 'SC-KEXN-HGD7', '团购优惠券', 100.00, 100.00, NULL, '2026-05-29 03:26:33.000000', '2028-05-30 16:00:00.000000', 0, NULL, NULL, NULL, '团购优惠券', '2026-05-29 03:26:45.615642', '2026-05-29 03:26:45.615642', 0);
INSERT INTO `vouchers` VALUES (401, 1, 10, 'SC-V536-2GSF', '团购优惠券', 100.00, 100.00, NULL, '2026-05-29 03:26:33.000000', '2028-05-30 16:00:00.000000', 0, NULL, NULL, NULL, '团购优惠券', '2026-05-29 03:26:45.615642', '2026-05-29 03:26:45.615642', 0);
INSERT INTO `vouchers` VALUES (402, 1, 10, 'SC-NXKB-8KST', '团购优惠券', 100.00, 100.00, NULL, '2026-05-29 03:26:33.000000', '2028-05-30 16:00:00.000000', 0, NULL, NULL, NULL, '团购优惠券', '2026-05-29 03:26:45.615642', '2026-05-29 03:26:45.615642', 0);
INSERT INTO `vouchers` VALUES (403, 1, 10, 'SC-NZ9B-YCES', '团购优惠券', 100.00, 100.00, NULL, '2026-05-29 03:26:33.000000', '2028-05-30 16:00:00.000000', 0, NULL, NULL, NULL, '团购优惠券', '2026-05-29 03:26:45.615642', '2026-05-29 03:26:45.615642', 0);
INSERT INTO `vouchers` VALUES (404, 1, 10, 'SC-HS6F-J3NN', '团购优惠券', 100.00, 100.00, NULL, '2026-05-29 03:26:33.000000', '2028-05-30 16:00:00.000000', 0, NULL, NULL, NULL, '团购优惠券', '2026-05-29 03:26:45.615642', '2026-05-29 03:26:45.615642', 0);
INSERT INTO `vouchers` VALUES (405, 1, 10, 'SC-5SBM-ASQW', '团购优惠券', 100.00, 100.00, NULL, '2026-05-29 03:26:33.000000', '2028-05-30 16:00:00.000000', 0, NULL, NULL, NULL, '团购优惠券', '2026-05-29 03:26:45.615642', '2026-05-29 03:26:45.615642', 0);
INSERT INTO `vouchers` VALUES (406, 1, 10, 'SC-S6WP-H8JS', '团购优惠券', 100.00, 100.00, NULL, '2026-05-29 03:26:33.000000', '2028-05-30 16:00:00.000000', 0, NULL, NULL, NULL, '团购优惠券', '2026-05-29 03:26:45.615642', '2026-05-29 03:26:45.615642', 0);
INSERT INTO `vouchers` VALUES (407, 1, 10, 'SC-NWZA-SM3C', '团购优惠券', 100.00, 100.00, NULL, '2026-05-29 03:26:33.000000', '2028-05-30 16:00:00.000000', 0, NULL, NULL, NULL, '团购优惠券', '2026-05-29 03:26:45.615642', '2026-05-29 03:26:45.615642', 0);
INSERT INTO `vouchers` VALUES (408, 1, 10, 'SC-W3KG-T5QP', '团购优惠券', 100.00, 100.00, NULL, '2026-05-29 03:26:33.000000', '2028-05-30 16:00:00.000000', 0, NULL, NULL, NULL, '团购优惠券', '2026-05-29 03:26:45.615642', '2026-05-29 03:26:45.615642', 0);
INSERT INTO `vouchers` VALUES (409, 1, 10, 'SC-UPM6-VZMC', '团购优惠券', 100.00, 100.00, NULL, '2026-05-29 03:26:33.000000', '2028-05-30 16:00:00.000000', 0, NULL, NULL, NULL, '团购优惠券', '2026-05-29 03:26:45.615642', '2026-05-29 03:26:45.615642', 0);
INSERT INTO `vouchers` VALUES (410, 1, 10, 'SC-FXHT-J6PF', '团购优惠券', 100.00, 100.00, NULL, '2026-05-29 03:26:33.000000', '2028-05-30 16:00:00.000000', 0, NULL, NULL, NULL, '团购优惠券', '2026-05-29 03:26:45.615642', '2026-05-29 03:26:45.615642', 0);
INSERT INTO `vouchers` VALUES (411, 1, 10, 'SC-WJXB-SP4Z', '团购优惠券', 100.00, 100.00, NULL, '2026-05-29 03:26:33.000000', '2028-05-30 16:00:00.000000', 0, NULL, NULL, NULL, '团购优惠券', '2026-05-29 03:26:45.615642', '2026-05-29 03:26:45.615642', 0);
INSERT INTO `vouchers` VALUES (412, 1, 10, 'SC-K9SB-ZHM9', '团购优惠券', 100.00, 100.00, NULL, '2026-05-29 03:26:33.000000', '2028-05-30 16:00:00.000000', 0, NULL, NULL, NULL, '团购优惠券', '2026-05-29 03:26:45.615642', '2026-05-29 03:26:45.615642', 0);
INSERT INTO `vouchers` VALUES (413, 1, 10, 'SC-MRRA-6AC4', '团购优惠券', 100.00, 100.00, NULL, '2026-05-29 03:26:33.000000', '2028-05-30 16:00:00.000000', 0, NULL, NULL, NULL, '团购优惠券', '2026-05-29 03:26:45.615642', '2026-05-29 03:26:45.615642', 0);
INSERT INTO `vouchers` VALUES (414, 1, 10, 'SC-PHEZ-G4KE', '团购优惠券', 100.00, 100.00, NULL, '2026-05-29 03:26:33.000000', '2028-05-30 16:00:00.000000', 0, NULL, NULL, NULL, '团购优惠券', '2026-05-29 03:26:45.615642', '2026-05-29 03:26:45.615642', 0);
INSERT INTO `vouchers` VALUES (415, 1, 10, 'SC-DAT4-HY34', '团购优惠券', 100.00, 100.00, NULL, '2026-05-29 03:26:33.000000', '2028-05-30 16:00:00.000000', 0, NULL, NULL, NULL, '团购优惠券', '2026-05-29 03:26:45.615642', '2026-05-29 03:26:45.615642', 0);
INSERT INTO `vouchers` VALUES (416, 1, 10, 'SC-ZZNM-Z7YA', '团购优惠券', 100.00, 100.00, NULL, '2026-05-29 03:26:33.000000', '2028-05-30 16:00:00.000000', 0, NULL, NULL, NULL, '团购优惠券', '2026-05-29 03:26:45.615642', '2026-05-29 03:26:45.615642', 0);
INSERT INTO `vouchers` VALUES (417, 1, 10, 'SC-DSFA-WS2H', '团购优惠券', 100.00, 100.00, NULL, '2026-05-29 03:26:33.000000', '2028-05-30 16:00:00.000000', 0, NULL, NULL, NULL, '团购优惠券', '2026-05-29 03:26:45.615642', '2026-05-29 03:26:45.615642', 0);
INSERT INTO `vouchers` VALUES (418, 1, 10, 'SC-RG5S-4BZF', '团购优惠券', 100.00, 100.00, NULL, '2026-05-29 03:26:33.000000', '2028-05-30 16:00:00.000000', 0, NULL, NULL, NULL, '团购优惠券', '2026-05-29 03:26:45.615642', '2026-05-29 03:26:45.615642', 0);
INSERT INTO `vouchers` VALUES (419, 1, 10, 'SC-8AJ7-RYJC', '团购优惠券', 100.00, 100.00, NULL, '2026-05-29 03:26:33.000000', '2028-05-30 16:00:00.000000', 0, NULL, NULL, NULL, '团购优惠券', '2026-05-29 03:26:45.615642', '2026-05-29 03:26:45.615642', 0);
INSERT INTO `vouchers` VALUES (420, 1, 10, 'SC-B8M7-CPZK', '团购优惠券', 100.00, 100.00, NULL, '2026-05-29 03:26:33.000000', '2028-05-30 16:00:00.000000', 0, NULL, NULL, NULL, '团购优惠券', '2026-05-29 03:26:45.615642', '2026-05-29 03:26:45.615642', 0);
INSERT INTO `vouchers` VALUES (421, 1, 10, 'SC-M5MD-6ZSG', '团购优惠券', 100.00, 100.00, NULL, '2026-05-29 03:26:33.000000', '2028-05-30 16:00:00.000000', 0, NULL, NULL, NULL, '团购优惠券', '2026-05-29 03:26:45.615642', '2026-05-29 03:26:45.615642', 0);
INSERT INTO `vouchers` VALUES (422, 1, 10, 'SC-P63M-3JE9', '团购优惠券', 100.00, 100.00, NULL, '2026-05-29 03:26:33.000000', '2028-05-30 16:00:00.000000', 0, NULL, NULL, NULL, '团购优惠券', '2026-05-29 03:26:45.615642', '2026-05-29 03:26:45.615642', 0);
INSERT INTO `vouchers` VALUES (423, 1, 10, 'SC-9WA6-WBXP', '团购优惠券', 100.00, 100.00, NULL, '2026-05-29 03:26:33.000000', '2028-05-30 16:00:00.000000', 0, NULL, NULL, NULL, '团购优惠券', '2026-05-29 03:26:45.615642', '2026-05-29 03:26:45.615642', 0);
INSERT INTO `vouchers` VALUES (424, 1, 10, 'SC-XRBJ-XA64', '团购优惠券', 100.00, 100.00, NULL, '2026-05-29 03:26:33.000000', '2028-05-30 16:00:00.000000', 0, NULL, NULL, NULL, '团购优惠券', '2026-05-29 03:26:45.615642', '2026-05-29 03:26:45.615642', 0);
INSERT INTO `vouchers` VALUES (425, 1, 10, 'SC-Z68K-J9S8', '团购优惠券', 100.00, 100.00, NULL, '2026-05-29 03:26:33.000000', '2028-05-30 16:00:00.000000', 0, NULL, NULL, NULL, '团购优惠券', '2026-05-29 03:26:45.615642', '2026-05-29 03:26:45.615642', 0);
INSERT INTO `vouchers` VALUES (426, 1, 10, 'SC-YDN4-PXZB', '团购优惠券', 100.00, 100.00, NULL, '2026-05-29 03:26:33.000000', '2028-05-30 16:00:00.000000', 0, NULL, NULL, NULL, '团购优惠券', '2026-05-29 03:26:45.615642', '2026-05-29 03:26:45.615642', 0);
INSERT INTO `vouchers` VALUES (427, 1, 10, 'SC-7JJY-VQ7W', '团购优惠券', 100.00, 100.00, NULL, '2026-05-29 03:26:33.000000', '2028-05-30 16:00:00.000000', 0, NULL, NULL, NULL, '团购优惠券', '2026-05-29 03:26:45.615642', '2026-05-29 03:26:45.615642', 0);
INSERT INTO `vouchers` VALUES (428, 1, 10, 'SC-74NN-RTGB', '团购优惠券', 100.00, 100.00, NULL, '2026-05-29 03:26:33.000000', '2028-05-30 16:00:00.000000', 0, NULL, NULL, NULL, '团购优惠券', '2026-05-29 03:26:45.615642', '2026-05-29 03:26:45.615642', 0);
INSERT INTO `vouchers` VALUES (429, 1, 10, 'SC-EYMF-MRYE', '团购优惠券', 100.00, 100.00, NULL, '2026-05-29 03:26:33.000000', '2028-05-30 16:00:00.000000', 0, NULL, NULL, NULL, '团购优惠券', '2026-05-29 03:26:45.615642', '2026-05-29 03:26:45.615642', 0);
INSERT INTO `vouchers` VALUES (430, 1, 10, 'SC-K3XQ-YUK4', '团购优惠券', 100.00, 100.00, NULL, '2026-05-29 03:26:33.000000', '2028-05-30 16:00:00.000000', 0, NULL, NULL, NULL, '团购优惠券', '2026-05-29 03:26:45.615642', '2026-05-29 03:26:45.615642', 0);
INSERT INTO `vouchers` VALUES (431, 1, 10, 'SC-J8E3-C8FX', '团购优惠券', 100.00, 100.00, NULL, '2026-05-29 03:26:33.000000', '2028-05-30 16:00:00.000000', 0, NULL, NULL, NULL, '团购优惠券', '2026-05-29 03:26:45.615642', '2026-05-29 03:26:45.615642', 0);
INSERT INTO `vouchers` VALUES (432, 1, 10, 'SC-V9AW-VBRN', '团购优惠券', 100.00, 100.00, NULL, '2026-05-29 03:26:33.000000', '2028-05-30 16:00:00.000000', 0, NULL, NULL, NULL, '团购优惠券', '2026-05-29 03:26:45.615642', '2026-05-29 03:26:45.615642', 0);
INSERT INTO `vouchers` VALUES (433, 1, 10, 'SC-UZKK-CWUR', '团购优惠券', 100.00, 100.00, NULL, '2026-05-29 03:26:33.000000', '2028-05-30 16:00:00.000000', 0, NULL, NULL, NULL, '团购优惠券', '2026-05-29 03:26:45.615642', '2026-05-29 03:26:45.615642', 0);
INSERT INTO `vouchers` VALUES (434, 1, 10, 'SC-TRMH-AJ4A', '团购优惠券', 100.00, 100.00, NULL, '2026-05-29 03:26:33.000000', '2028-05-30 16:00:00.000000', 0, NULL, NULL, NULL, '团购优惠券', '2026-05-29 03:26:45.615642', '2026-05-29 03:26:45.615642', 0);
INSERT INTO `vouchers` VALUES (435, 1, 10, 'SC-YNUX-4YKT', '团购优惠券', 100.00, 100.00, NULL, '2026-05-29 03:26:33.000000', '2028-05-30 16:00:00.000000', 0, NULL, NULL, NULL, '团购优惠券', '2026-05-29 03:26:45.615642', '2026-05-29 03:26:45.615642', 0);
INSERT INTO `vouchers` VALUES (436, 1, 10, 'SC-A4FJ-PEMP', '团购优惠券', 100.00, 100.00, NULL, '2026-05-29 03:26:33.000000', '2028-05-30 16:00:00.000000', 0, NULL, NULL, NULL, '团购优惠券', '2026-05-29 03:26:45.615642', '2026-05-29 03:26:45.615642', 0);
INSERT INTO `vouchers` VALUES (437, 1, 10, 'SC-4M7Q-BZ4Q', '团购优惠券', 100.00, 100.00, NULL, '2026-05-29 03:26:33.000000', '2028-05-30 16:00:00.000000', 0, NULL, NULL, NULL, '团购优惠券', '2026-05-29 03:26:45.615642', '2026-05-29 03:26:45.615642', 0);
INSERT INTO `vouchers` VALUES (438, 1, 10, 'SC-EKKT-MZGQ', '团购优惠券', 100.00, 100.00, NULL, '2026-05-29 03:26:33.000000', '2028-05-30 16:00:00.000000', 0, NULL, NULL, NULL, '团购优惠券', '2026-05-29 03:26:45.615642', '2026-05-29 03:26:45.615642', 0);
INSERT INTO `vouchers` VALUES (439, 1, 10, 'SC-EVX9-T4US', '团购优惠券', 100.00, 100.00, NULL, '2026-05-29 03:26:33.000000', '2028-05-30 16:00:00.000000', 0, NULL, NULL, NULL, '团购优惠券', '2026-05-29 03:26:45.615642', '2026-05-29 03:26:45.615642', 0);
INSERT INTO `vouchers` VALUES (440, 1, 10, 'SC-K4E9-DNBH', '团购优惠券', 100.00, 100.00, NULL, '2026-05-29 03:26:33.000000', '2028-05-30 16:00:00.000000', 0, NULL, NULL, NULL, '团购优惠券', '2026-05-29 03:26:45.615642', '2026-05-29 03:26:45.615642', 0);
INSERT INTO `vouchers` VALUES (441, 1, 10, 'SC-TA49-NABE', '团购优惠券', 100.00, 100.00, NULL, '2026-05-29 03:26:33.000000', '2028-05-30 16:00:00.000000', 0, NULL, NULL, NULL, '团购优惠券', '2026-05-29 03:26:45.615642', '2026-05-29 03:26:45.615642', 0);
INSERT INTO `vouchers` VALUES (442, 1, 10, 'SC-XTC7-VR58', '团购优惠券', 100.00, 100.00, NULL, '2026-05-29 03:26:33.000000', '2028-05-30 16:00:00.000000', 0, NULL, NULL, NULL, '团购优惠券', '2026-05-29 03:26:45.615642', '2026-05-29 03:26:45.615642', 0);
INSERT INTO `vouchers` VALUES (443, 1, 10, 'SC-XPDF-F2GP', '团购优惠券', 100.00, 100.00, NULL, '2026-05-29 03:26:33.000000', '2028-05-30 16:00:00.000000', 0, NULL, NULL, NULL, '团购优惠券', '2026-05-29 03:26:45.615642', '2026-05-29 03:26:45.615642', 0);
INSERT INTO `vouchers` VALUES (444, 1, 10, 'SC-VHZ9-ZVVS', '团购优惠券', 100.00, 100.00, NULL, '2026-05-29 03:26:33.000000', '2028-05-30 16:00:00.000000', 0, NULL, NULL, NULL, '团购优惠券', '2026-05-29 03:26:45.615642', '2026-05-29 03:26:45.615642', 0);
INSERT INTO `vouchers` VALUES (445, 1, 10, 'SC-B595-EA8P', '团购优惠券', 100.00, 100.00, NULL, '2026-05-29 03:26:33.000000', '2028-05-30 16:00:00.000000', 0, NULL, NULL, NULL, '团购优惠券', '2026-05-29 03:26:45.615642', '2026-05-29 03:26:45.615642', 0);
INSERT INTO `vouchers` VALUES (446, 1, 10, 'SC-QWBR-S77J', '团购优惠券', 100.00, 100.00, NULL, '2026-05-29 03:26:33.000000', '2028-05-30 16:00:00.000000', 0, NULL, NULL, NULL, '团购优惠券', '2026-05-29 03:26:45.615642', '2026-05-29 03:26:45.615642', 0);
INSERT INTO `vouchers` VALUES (447, 1, 10, 'SC-NCST-QHHG', '团购优惠券', 100.00, 100.00, NULL, '2026-05-29 03:26:33.000000', '2028-05-30 16:00:00.000000', 0, NULL, NULL, NULL, '团购优惠券', '2026-05-29 03:26:45.615642', '2026-05-29 03:26:45.615642', 0);
INSERT INTO `vouchers` VALUES (448, 1, 10, 'SC-V9ST-KVRV', '团购优惠券', 100.00, 100.00, NULL, '2026-05-29 03:26:33.000000', '2028-05-30 16:00:00.000000', 0, NULL, NULL, NULL, '团购优惠券', '2026-05-29 03:26:45.615642', '2026-05-29 03:26:45.615642', 0);
INSERT INTO `vouchers` VALUES (449, 1, 10, 'SC-VF4J-FGR9', '团购优惠券', 100.00, 100.00, NULL, '2026-05-29 03:26:33.000000', '2028-05-30 16:00:00.000000', 0, NULL, NULL, NULL, '团购优惠券', '2026-05-29 03:26:45.615642', '2026-05-29 03:26:45.615642', 0);
INSERT INTO `vouchers` VALUES (450, 1, 10, 'SC-ETKA-F2T5', '团购优惠券', 100.00, 100.00, NULL, '2026-05-29 03:26:33.000000', '2028-05-30 16:00:00.000000', 0, NULL, NULL, NULL, '团购优惠券', '2026-05-29 03:26:45.615642', '2026-05-29 03:26:45.615642', 0);
INSERT INTO `vouchers` VALUES (451, 1, 10, 'SC-K9FN-D5WW', '团购优惠券', 100.00, 100.00, NULL, '2026-05-29 03:26:33.000000', '2028-05-30 16:00:00.000000', 0, NULL, NULL, NULL, '团购优惠券', '2026-05-29 03:26:45.615642', '2026-05-29 03:26:45.615642', 0);
INSERT INTO `vouchers` VALUES (452, 1, 10, 'SC-NB5Y-AZAX', '团购优惠券', 100.00, 100.00, NULL, '2026-05-29 03:26:33.000000', '2028-05-30 16:00:00.000000', 0, NULL, NULL, NULL, '团购优惠券', '2026-05-29 03:26:45.615642', '2026-05-29 03:26:45.615642', 0);
INSERT INTO `vouchers` VALUES (453, 1, 10, 'SC-JXGA-AU7Y', '团购优惠券', 100.00, 100.00, NULL, '2026-05-29 03:26:33.000000', '2028-05-30 16:00:00.000000', 0, NULL, NULL, NULL, '团购优惠券', '2026-05-29 03:26:45.615642', '2026-05-29 03:26:45.615642', 0);
INSERT INTO `vouchers` VALUES (454, 1, 10, 'SC-HPXT-GYXX', '团购优惠券', 100.00, 100.00, NULL, '2026-05-29 03:26:33.000000', '2028-05-30 16:00:00.000000', 0, NULL, NULL, NULL, '团购优惠券', '2026-05-29 03:26:45.615642', '2026-05-29 03:26:45.615642', 0);
INSERT INTO `vouchers` VALUES (455, 1, 10, 'SC-5S4J-ZS67', '团购优惠券', 100.00, 100.00, NULL, '2026-05-29 03:26:33.000000', '2028-05-30 16:00:00.000000', 0, NULL, NULL, NULL, '团购优惠券', '2026-05-29 03:26:45.615642', '2026-05-29 03:26:45.615642', 0);
INSERT INTO `vouchers` VALUES (456, 1, 10, 'SC-NTVU-KGG5', '团购优惠券', 100.00, 100.00, NULL, '2026-05-29 03:26:33.000000', '2028-05-30 16:00:00.000000', 0, NULL, NULL, NULL, '团购优惠券', '2026-05-29 03:26:45.615642', '2026-05-29 03:26:45.615642', 0);
INSERT INTO `vouchers` VALUES (457, 1, 10, 'SC-UVZC-3MHF', '团购优惠券', 100.00, 100.00, NULL, '2026-05-29 03:26:33.000000', '2028-05-30 16:00:00.000000', 0, NULL, NULL, NULL, '团购优惠券', '2026-05-29 03:26:45.615642', '2026-05-29 03:26:45.615642', 0);
INSERT INTO `vouchers` VALUES (458, 1, 10, 'SC-E4QM-NNR9', '团购优惠券', 100.00, 100.00, NULL, '2026-05-29 03:26:33.000000', '2028-05-30 16:00:00.000000', 0, NULL, NULL, NULL, '团购优惠券', '2026-05-29 03:26:45.615642', '2026-05-29 03:26:45.615642', 0);
INSERT INTO `vouchers` VALUES (459, 1, 10, 'SC-NHBY-BHNM', '团购优惠券', 100.00, 100.00, NULL, '2026-05-29 03:26:33.000000', '2028-05-30 16:00:00.000000', 0, NULL, NULL, NULL, '团购优惠券', '2026-05-29 03:26:45.615642', '2026-05-29 03:26:45.615642', 0);
INSERT INTO `vouchers` VALUES (460, 1, 10, 'SC-X7WJ-Z2RR', '团购优惠券', 100.00, 100.00, NULL, '2026-05-29 03:26:33.000000', '2028-05-30 16:00:00.000000', 0, NULL, NULL, NULL, '团购优惠券', '2026-05-29 03:26:45.615642', '2026-05-29 03:26:45.615642', 0);
INSERT INTO `vouchers` VALUES (461, 1, 10, 'SC-YZXP-R4ZN', '团购优惠券', 100.00, 100.00, NULL, '2026-05-29 03:26:33.000000', '2028-05-30 16:00:00.000000', 0, NULL, NULL, NULL, '团购优惠券', '2026-05-29 03:26:45.615642', '2026-05-29 03:26:45.615642', 0);
INSERT INTO `vouchers` VALUES (462, 1, 10, 'SC-RHFE-NAK3', '团购优惠券', 100.00, 100.00, NULL, '2026-05-29 03:26:33.000000', '2028-05-30 16:00:00.000000', 0, NULL, NULL, NULL, '团购优惠券', '2026-05-29 03:26:45.615642', '2026-05-29 03:26:45.615642', 0);
INSERT INTO `vouchers` VALUES (463, 1, 10, 'SC-W582-25RW', '团购优惠券', 100.00, 100.00, NULL, '2026-05-29 03:26:33.000000', '2028-05-30 16:00:00.000000', 0, NULL, NULL, NULL, '团购优惠券', '2026-05-29 03:26:45.615642', '2026-05-29 03:26:45.615642', 0);
INSERT INTO `vouchers` VALUES (464, 1, 10, 'SC-5AKC-8NNH', '团购优惠券', 100.00, 100.00, NULL, '2026-05-29 03:26:33.000000', '2028-05-30 16:00:00.000000', 0, NULL, NULL, NULL, '团购优惠券', '2026-05-29 03:26:45.615642', '2026-05-29 03:26:45.615642', 0);
INSERT INTO `vouchers` VALUES (465, 1, 10, 'SC-TAHP-TGE8', '团购优惠券', 100.00, 100.00, NULL, '2026-05-29 03:26:33.000000', '2028-05-30 16:00:00.000000', 0, NULL, NULL, NULL, '团购优惠券', '2026-05-29 03:26:45.615642', '2026-05-29 03:26:45.615642', 0);
INSERT INTO `vouchers` VALUES (466, 1, 10, 'SC-7Q46-A394', '团购优惠券', 100.00, 100.00, NULL, '2026-05-29 03:26:33.000000', '2028-05-30 16:00:00.000000', 0, NULL, NULL, NULL, '团购优惠券', '2026-05-29 03:26:45.615642', '2026-05-29 03:26:45.615642', 0);
INSERT INTO `vouchers` VALUES (467, 1, 10, 'SC-VSDA-RSVJ', '团购优惠券', 100.00, 100.00, NULL, '2026-05-29 03:26:33.000000', '2028-05-30 16:00:00.000000', 0, NULL, NULL, NULL, '团购优惠券', '2026-05-29 03:26:45.615642', '2026-05-29 03:26:45.615642', 0);
INSERT INTO `vouchers` VALUES (468, 1, 10, 'SC-GWTT-46GT', '团购优惠券', 100.00, 100.00, NULL, '2026-05-29 03:26:33.000000', '2028-05-30 16:00:00.000000', 0, NULL, NULL, NULL, '团购优惠券', '2026-05-29 03:26:45.615642', '2026-05-29 03:26:45.615642', 0);
INSERT INTO `vouchers` VALUES (469, 1, 10, 'SC-D9D7-6N5F', '团购优惠券', 100.00, 100.00, NULL, '2026-05-29 03:26:33.000000', '2028-05-30 16:00:00.000000', 0, NULL, NULL, NULL, '团购优惠券', '2026-05-29 03:26:45.615642', '2026-05-29 03:26:45.615642', 0);
INSERT INTO `vouchers` VALUES (470, 1, 10, 'SC-VZ8Q-5CB8', '团购优惠券', 100.00, 100.00, NULL, '2026-05-29 03:26:33.000000', '2028-05-30 16:00:00.000000', 0, NULL, NULL, NULL, '团购优惠券', '2026-05-29 03:26:45.615642', '2026-05-29 03:26:45.615642', 0);
INSERT INTO `vouchers` VALUES (471, 1, 10, 'SC-9R2M-7332', '团购优惠券', 100.00, 100.00, NULL, '2026-05-29 03:26:33.000000', '2028-05-30 16:00:00.000000', 0, NULL, NULL, NULL, '团购优惠券', '2026-05-29 03:26:45.615642', '2026-05-29 03:26:45.615642', 0);
INSERT INTO `vouchers` VALUES (472, 1, 10, 'SC-RYEN-ZPW5', '团购优惠券', 100.00, 100.00, NULL, '2026-05-29 03:26:33.000000', '2028-05-30 16:00:00.000000', 0, NULL, NULL, NULL, '团购优惠券', '2026-05-29 03:26:45.615642', '2026-05-29 03:26:45.615642', 0);
INSERT INTO `vouchers` VALUES (473, 1, 10, 'SC-DBJ2-Y9MD', '团购优惠券', 100.00, 100.00, NULL, '2026-05-29 03:26:33.000000', '2028-05-30 16:00:00.000000', 0, NULL, NULL, NULL, '团购优惠券', '2026-05-29 03:26:45.615642', '2026-05-29 03:26:45.615642', 0);
INSERT INTO `vouchers` VALUES (474, 1, 10, 'SC-P72W-2TVQ', '团购优惠券', 100.00, 100.00, NULL, '2026-05-29 03:26:33.000000', '2028-05-30 16:00:00.000000', 0, NULL, NULL, NULL, '团购优惠券', '2026-05-29 03:26:45.615642', '2026-05-29 03:26:45.615642', 0);
INSERT INTO `vouchers` VALUES (475, 1, 10, 'SC-SPNB-6JTH', '团购优惠券', 100.00, 100.00, NULL, '2026-05-29 03:26:33.000000', '2028-05-30 16:00:00.000000', 0, NULL, NULL, NULL, '团购优惠券', '2026-05-29 03:26:45.615642', '2026-05-29 03:26:45.615642', 0);
INSERT INTO `vouchers` VALUES (476, 1, 10, 'SC-MG37-TGP7', '团购优惠券', 100.00, 100.00, NULL, '2026-05-29 03:26:33.000000', '2028-05-30 16:00:00.000000', 0, NULL, NULL, NULL, '团购优惠券', '2026-05-29 03:26:45.615642', '2026-05-29 03:26:45.615642', 0);
INSERT INTO `vouchers` VALUES (477, 1, 10, 'SC-BND7-USGN', '团购优惠券', 100.00, 100.00, NULL, '2026-05-29 03:26:33.000000', '2028-05-30 16:00:00.000000', 0, NULL, NULL, NULL, '团购优惠券', '2026-05-29 03:26:45.615642', '2026-05-29 03:26:45.615642', 0);
INSERT INTO `vouchers` VALUES (478, 1, 10, 'SC-JG9U-BG4K', '团购优惠券', 100.00, 100.00, NULL, '2026-05-29 03:26:33.000000', '2028-05-30 16:00:00.000000', 0, NULL, NULL, NULL, '团购优惠券', '2026-05-29 03:26:45.615642', '2026-05-29 03:26:45.615642', 0);
INSERT INTO `vouchers` VALUES (479, 1, 10, 'SC-PQQM-4MTN', '团购优惠券', 100.00, 100.00, NULL, '2026-05-29 03:26:33.000000', '2028-05-30 16:00:00.000000', 0, NULL, NULL, NULL, '团购优惠券', '2026-05-29 03:26:45.615642', '2026-05-29 03:26:45.615642', 0);
INSERT INTO `vouchers` VALUES (480, 1, 10, 'SC-Y4R6-7S64', '团购优惠券', 100.00, 100.00, NULL, '2026-05-29 03:26:33.000000', '2028-05-30 16:00:00.000000', 0, NULL, NULL, NULL, '团购优惠券', '2026-05-29 03:26:45.615642', '2026-05-29 03:26:45.615642', 0);
INSERT INTO `vouchers` VALUES (481, 1, 10, 'SC-7ZRH-NUXC', '团购优惠券', 100.00, 100.00, NULL, '2026-05-29 03:26:33.000000', '2028-05-30 16:00:00.000000', 0, NULL, NULL, NULL, '团购优惠券', '2026-05-29 03:26:45.615642', '2026-05-29 03:26:45.615642', 0);
INSERT INTO `vouchers` VALUES (482, 1, 10, 'SC-PX8C-FSZZ', '团购优惠券', 100.00, 100.00, NULL, '2026-05-29 03:26:33.000000', '2028-05-30 16:00:00.000000', 0, NULL, NULL, NULL, '团购优惠券', '2026-05-29 03:26:45.615642', '2026-05-29 03:26:45.615642', 0);
INSERT INTO `vouchers` VALUES (483, 1, 10, 'SC-U9FP-FB6M', '团购优惠券', 100.00, 100.00, NULL, '2026-05-29 03:26:33.000000', '2028-05-30 16:00:00.000000', 0, NULL, NULL, NULL, '团购优惠券', '2026-05-29 03:26:45.615642', '2026-05-29 03:26:45.615642', 0);
INSERT INTO `vouchers` VALUES (484, 1, 10, 'SC-RDW5-U24S', '团购优惠券', 100.00, 100.00, NULL, '2026-05-29 03:26:33.000000', '2028-05-30 16:00:00.000000', 0, NULL, NULL, NULL, '团购优惠券', '2026-05-29 03:26:45.615642', '2026-05-29 03:26:45.615642', 0);
INSERT INTO `vouchers` VALUES (485, 1, 10, 'SC-9GRY-KMGB', '团购优惠券', 100.00, 100.00, NULL, '2026-05-29 03:26:33.000000', '2028-05-30 16:00:00.000000', 0, NULL, NULL, NULL, '团购优惠券', '2026-05-29 03:26:45.615642', '2026-05-29 03:26:45.615642', 0);
INSERT INTO `vouchers` VALUES (486, 1, 10, 'SC-ZUZ9-3EAJ', '团购优惠券', 100.00, 100.00, NULL, '2026-05-29 03:26:33.000000', '2028-05-30 16:00:00.000000', 0, NULL, NULL, NULL, '团购优惠券', '2026-05-29 03:26:45.615642', '2026-05-29 03:26:45.615642', 0);
INSERT INTO `vouchers` VALUES (487, 1, 10, 'SC-CUMY-M7HW', '团购优惠券', 100.00, 100.00, NULL, '2026-05-29 03:26:33.000000', '2028-05-30 16:00:00.000000', 0, NULL, NULL, NULL, '团购优惠券', '2026-05-29 03:26:45.615642', '2026-05-29 03:26:45.615642', 0);
INSERT INTO `vouchers` VALUES (488, 1, 10, 'SC-K8T5-8C3N', '团购优惠券', 100.00, 100.00, NULL, '2026-05-29 03:26:33.000000', '2028-05-30 16:00:00.000000', 0, NULL, NULL, NULL, '团购优惠券', '2026-05-29 03:26:45.615642', '2026-05-29 03:26:45.615642', 0);
INSERT INTO `vouchers` VALUES (489, 1, 10, 'SC-CKY8-P8BV', '团购优惠券', 100.00, 100.00, NULL, '2026-05-29 03:26:33.000000', '2028-05-30 16:00:00.000000', 0, NULL, NULL, NULL, '团购优惠券', '2026-05-29 03:26:45.615642', '2026-05-29 03:26:45.615642', 0);
INSERT INTO `vouchers` VALUES (490, 1, 10, 'SC-D2B6-RDB7', '团购优惠券', 100.00, 100.00, NULL, '2026-05-29 03:26:33.000000', '2028-05-30 16:00:00.000000', 0, NULL, NULL, NULL, '团购优惠券', '2026-05-29 03:26:45.615642', '2026-05-29 03:26:45.615642', 0);
INSERT INTO `vouchers` VALUES (491, 1, 10, 'SC-Z32P-PGA2', '团购优惠券', 100.00, 100.00, NULL, '2026-05-29 03:26:33.000000', '2028-05-30 16:00:00.000000', 0, NULL, NULL, NULL, '团购优惠券', '2026-05-29 03:26:45.615642', '2026-05-29 03:26:45.615642', 0);
INSERT INTO `vouchers` VALUES (492, 1, 10, 'SC-GJY4-QVJJ', '团购优惠券', 100.00, 100.00, NULL, '2026-05-29 03:26:33.000000', '2028-05-30 16:00:00.000000', 0, NULL, NULL, NULL, '团购优惠券', '2026-05-29 03:26:45.615642', '2026-05-29 03:26:45.615642', 0);
INSERT INTO `vouchers` VALUES (493, 1, 10, 'SC-5ZNW-7GAC', '团购优惠券', 100.00, 100.00, NULL, '2026-05-29 03:26:33.000000', '2028-05-30 16:00:00.000000', 0, NULL, NULL, NULL, '团购优惠券', '2026-05-29 03:26:45.615642', '2026-05-29 03:26:45.615642', 0);
INSERT INTO `vouchers` VALUES (494, 1, 10, 'SC-WR7C-8GUX', '团购优惠券', 100.00, 100.00, NULL, '2026-05-29 03:26:33.000000', '2028-05-30 16:00:00.000000', 0, NULL, NULL, NULL, '团购优惠券', '2026-05-29 03:26:45.615642', '2026-05-29 03:26:45.615642', 0);
INSERT INTO `vouchers` VALUES (495, 1, 10, 'SC-4VKW-HUEH', '团购优惠券', 100.00, 100.00, NULL, '2026-05-29 03:26:33.000000', '2028-05-30 16:00:00.000000', 0, NULL, NULL, NULL, '团购优惠券', '2026-05-29 03:26:45.615642', '2026-05-29 03:26:45.615642', 0);
INSERT INTO `vouchers` VALUES (496, 1, 10, 'SC-A7HK-2A3D', '团购优惠券', 100.00, 100.00, NULL, '2026-05-29 03:26:33.000000', '2028-05-30 16:00:00.000000', 0, NULL, NULL, NULL, '团购优惠券', '2026-05-29 03:26:45.615642', '2026-05-29 03:26:45.615642', 0);
INSERT INTO `vouchers` VALUES (497, 1, 10, 'SC-8N86-2E66', '团购优惠券', 100.00, 100.00, NULL, '2026-05-29 03:26:33.000000', '2028-05-30 16:00:00.000000', 0, NULL, NULL, NULL, '团购优惠券', '2026-05-29 03:26:45.615642', '2026-05-29 03:26:45.615642', 0);
INSERT INTO `vouchers` VALUES (498, 1, 10, 'SC-RF8H-T5ZC', '团购优惠券', 100.00, 100.00, NULL, '2026-05-29 03:26:33.000000', '2028-05-30 16:00:00.000000', 0, NULL, NULL, NULL, '团购优惠券', '2026-05-29 03:26:45.615642', '2026-05-29 03:26:45.615642', 0);
INSERT INTO `vouchers` VALUES (499, 1, 10, 'SC-2M56-SB9S', '团购优惠券', 100.00, 100.00, NULL, '2026-05-29 03:26:33.000000', '2028-05-30 16:00:00.000000', 0, NULL, NULL, NULL, '团购优惠券', '2026-05-29 03:26:45.615642', '2026-05-29 03:26:45.615642', 0);
INSERT INTO `vouchers` VALUES (500, 1, 10, 'SC-EXD7-RM9W', '团购优惠券', 100.00, 100.00, NULL, '2026-05-29 03:26:33.000000', '2028-05-30 16:00:00.000000', 0, NULL, NULL, NULL, '团购优惠券', '2026-05-29 03:26:45.615642', '2026-05-29 03:26:45.615642', 0);
INSERT INTO `vouchers` VALUES (501, 1, 10, 'SC-N6UE-4GMR', '团购优惠券', 100.00, 100.00, NULL, '2026-05-29 03:26:33.000000', '2028-05-30 16:00:00.000000', 0, NULL, NULL, NULL, '团购优惠券', '2026-05-29 03:26:45.615642', '2026-05-29 03:26:45.615642', 0);
INSERT INTO `vouchers` VALUES (502, 1, 10, 'SC-PV28-NR5W', '团购优惠券', 100.00, 100.00, NULL, '2026-05-29 03:26:33.000000', '2028-05-30 16:00:00.000000', 0, NULL, NULL, NULL, '团购优惠券', '2026-05-29 03:26:45.615642', '2026-05-29 03:26:45.615642', 0);

SET FOREIGN_KEY_CHECKS = 1;
